feedback_text,occurred_at,source,external_ref,rating,platform,source_url
就出一些神人角色，加强伞和长枪恶心人,2026-06-28T01:09:12+08:00,taptap_review,moment:820101155932605163,1,TapTap,https://www.taptap.cn/review/49279283
被朋友拉着入坑的，这沙子游戏我真的不想说啥了，充了快3千，体验是一点没升的，爆率啥的低的离谱，多对也是一堆挂不封的，nmd官方你继续恶心我,2026-06-28T01:11:24+08:00,taptap_review,moment:820101708406328191,1,TapTap,https://www.taptap.cn/review/49279354
连续三把了，开完全关，撤离不了一点，我真求求了,2026-06-28T01:11:55+08:00,taptap_review,moment:820101839880981602,4,TapTap,https://www.taptap.cn/review/49279365
频道笑死我了谁懂去贵州频道有多抽象,2026-06-28T01:41:06+08:00,taptap_review,moment:820109183826266359,5,TapTap,https://www.taptap.cn/review/49280277
官方你能不能把资源调高一点啊？尤其是经受物之日，别总是拿一两万的资源来糊弄这些玩家。一两万的小金能不能取消了，改成紫色物品,2026-06-28T01:51:57+08:00,taptap_review,moment:820111911646397308,1,TapTap,https://www.taptap.cn/review/49280629
太棒了太棒了，这游戏每次十连就出金皮，玩就对了,2026-06-28T02:13:15+08:00,taptap_review,moment:820117274554794079,5,TapTap,https://www.taptap.cn/review/49281238
有段时间没玩了没想到爆率这么高[表情_开心],2026-06-28T02:13:24+08:00,taptap_review,moment:820117313184337566,5,TapTap,https://www.taptap.cn/review/49281245
定叫他好评如潮，充了五百感觉打水漂了,2026-06-28T02:50:00+08:00,taptap_review,moment:820126523603288936,1,TapTap,https://www.taptap.cn/review/49282243
拉完了，我从内测开始玩的，腿毛没我玩的久别贴脸😂😂😂，火的莫名其妙抄的理直气壮，⭕的琳琅天上，谁还玩我真笑他一辈子（已退游）😂😂😂😂😂😂😂😂😂😂😂😂😂😂,2026-06-28T02:56:03+08:00,taptap_review,moment:820128045556829838,1,TapTap,https://www.taptap.cn/review/49282373
多队挂🐶泛滥，不会改就知道上你那死皮肤🙄,2026-06-28T03:32:09+08:00,taptap_review,moment:820137128456357384,1,TapTap,https://www.taptap.cn/review/49283044
有点难,2026-06-28T03:33:58+08:00,taptap_review,moment:820137585530635463,3,TapTap,https://www.taptap.cn/review/49283082
"游玩时间：2025.8.01，距离现在过去331天
入坑兴趣：在之前《代号：超自然》的旧时期版本听过此游戏，画风单一，没有过多元素。但是带着恐怖的口号，还是一直想尝试。直到2025年版本大更新，画风突变，卡通风格，带着寻宝恐怖、搜打撤的标签，我入坑了《超自然行动组》。另外，我还有个人爱好。2025年更新了腰包和格外背包，我是一名“收藏家”道具吸引我尝试这款游戏。
《超自然行动组》
初始画风：结伴而行探索。在精神层面，吸引玩家尝试并运用从众心理。吸引游客。拉入游戏下载量。
游戏新手教程：输入账号密码后，牛马npc口齿不清，玩家揣测议论纷纷。还请制作中更改为普通话作为传播途径。仅管有文字介绍但是表达是更充分的有利条件，说一次话、看一次故事加深人的脑海。基础介绍操作系统，npc牛马手把手指导，没有正确认识操作步骤，其余按键无响应。无论是第一次接触游戏还是一次、两次让玩家做好复习操作，值得认可。
正式接触游玩感受:以蜀道入口地图为起点，初步介绍并概括玩家目的性。达到指定金额撤离。
时间记录发现货币膨胀，玩法枯燥无味：货币膨胀：游戏中搜集素材可以通过撤离的方式转换成“铲铲币”将物品或回收物带出，并在“商店”进行售卖，铲铲币使用途径仅仅购买道具和梦居“抽奖系统”关念重复长此以往，货币积累多。还会让玩家因为高度重复失去本性中的判断力，并不是一款游戏该值得做的方式，增加互动性，趣味性。让游戏“活起来”让玩家活出自我感受培养学习兴趣增加消费方式：",2026-06-28T03:57:50+08:00,taptap_review,moment:820143594290547973,3,TapTap,https://www.taptap.cn/review/49283433
"玩过最没意思的游戏，外挂是满天飞的，游戏平衡是丝毫不管的，钱是要往死里圈的，AI是一直用的。玩了一年多，亲眼见证一款游戏是怎么变得离死不远的。
叠甲:S3赛季入坑的，算是早期玩家，氪条7k，不算很少我认为我也有资格评价。
开服立的听劝人设，现在也是圈够钱了就丢，角色和武器是要圈钱就加强，圈够了就削，一些老员工要加强是丝毫听不进去的，对局平衡也是做得稀烂，能做到每个人都不满意，建模也是越做越丑，为了圈钱鬼点子倒是很多，早期的泽引山海放到现在估计加点特效可以直接当幻梦卖，皮肤根本配不上实际的价格，一款ai融的皮肤要价可以到521，1000，甚至1500，2000，这钱会不会太好赚了一点？还有新年时期，累充不预告，更是背刺皮肤一出就拿下的氪佬，好运榜给的翅膀皮肤只有一百八十天，想圈钱的心思太明显。
不出红绿分流外挂也是一样猖獗，游戏风气也是稀烂，给挂哥画同人魅挂都来了，正常教学对抗挂哥的视频也是有一堆为挂哥赋魅，贬低绿玩，在游戏里找红玩带的更是多，一款游戏能做到这样的地步还是尽早倒闭吧",2026-06-28T05:09:46+08:00,taptap_review,moment:820161695946115943,1,TapTap,https://www.taptap.cn/review/49284105
超自然很贴心我破产了他都给我这些,2026-06-28T07:46:03+08:00,taptap_review,moment:820201026517730647,5,TapTap,https://www.taptap.cn/review/49285293
很好玩，就是有点卡,2026-06-28T07:55:46+08:00,taptap_review,moment:820203471318811136,5,TapTap,https://www.taptap.cn/review/49285428
如果是绿玩杀了一个挂，恭喜你进入黑层局,2026-06-28T07:59:31+08:00,taptap_review,moment:820204415796382577,2,TapTap,https://www.taptap.cn/review/49285493
这么说吧，去年五六月份入坑的，这玩意前期还挺推荐的，后面狗屁不如，两颗星是给我家产的，入坑本就是因为我家产，现在你游风气也是猎奇刀没边，皮套产品，盗墓那些魔怔以及跟风的我是没招了，我一个因为cp入坑的，还能被打上超自然小腿毛，我滴妈呀，大婶，超自然我都是往死里骂的，我朋友清楚的不得了，他人主场贴脸我是没招了，说还说不得，贴脸说角色和家产，攻击厨师长的人总体年纪没超过初中生好吗？玩不推荐，反正只是想摸金休闲一下还是可以的，我现在是二次回游没啥，被王者的猪又给气回来了，超自然的挂又把我劝回王者，哈哈哈，你俩把我当皮球踢得了，好不容易杀死一个挂，发现这玩意队友还没死又起来了，打王者发现，我死里输出，打野不打龙采灵芝不支援，对抗打不过还要莫名其妙开团，我真求了,2026-06-28T08:20:36+08:00,taptap_review,moment:820209721838407106,2,TapTap,https://www.taptap.cn/review/49285890
"我很喜欢
尤其喜欢煮饭婆
很容易煮出大金，玩起来简单，容易上手，破产了直接去新手图玩兰
可玩性特别强，手气好的所有皮肤都可以一发入魂！
一发入魂中了一个耀皮，你想想有多开心？





（总之超自然行动组非常的肥美[心动小镇_点赞][心动小镇_点赞]）",2026-06-28T08:39:39+08:00,taptap_review,moment:820214514283708560,5,TapTap,https://www.taptap.cn/review/49286356
"找个兔子要那种乖乖的萌萌的，年龄不要低于12岁，氪不氪金无所谓,本人脾气时好时坏，但是一般不会对你说很重的话
id:生洱",2026-06-28T08:42:36+08:00,taptap_review,moment:820215258034473682,1,TapTap,https://www.taptap.cn/review/49286439
希望我以后的爆率能更高,2026-06-28T09:29:32+08:00,taptap_review,moment:820227067319681593,5,TapTap,https://www.taptap.cn/review/49287767
一直黑屏进不去,2026-06-28T10:24:16+08:00,taptap_review,moment:820240842135438021,1,TapTap,https://www.taptap.cn/review/49289985
每次摸金都能摸到金！！！,2026-06-28T11:01:18+08:00,taptap_review,moment:820250161128146430,5,TapTap,https://www.taptap.cn/review/49291665
"四队低参多如狗，挂哥遍地走
摸金暴率忽高忽低",2026-06-28T11:02:45+08:00,taptap_review,moment:820250524879162306,3,TapTap,https://www.taptap.cn/review/49291710
这款游戏非常不错，就算你破产了，开一把的话也会给你送大金，很好哦,2026-06-28T11:05:42+08:00,taptap_review,moment:820251270047600399,5,TapTap,https://www.taptap.cn/review/49291847
傻逼游戏，赶紧下架吧。我千兆网。这破服务器卡的要命，一钓鱼就给我卡了。,2026-06-28T11:05:51+08:00,taptap_review,moment:820251307351737250,1,TapTap,https://www.taptap.cn/review/49291857
和好朋友玩是那种比较抽象而且很好玩很有可玩性的一款游戏。玩的模式充满乐趣,2026-06-28T11:32:31+08:00,taptap_review,moment:820258016782716211,5,TapTap,https://www.taptap.cn/review/49293048
求出金概率提升,2026-06-28T11:56:31+08:00,taptap_review,moment:820264055972302206,5,TapTap,https://www.taptap.cn/review/49294245
嗯，就是吧。薇薇安的重铸率增高，兰练出大技能可能更高。,2026-06-28T12:29:29+08:00,taptap_review,moment:820272355216461280,4,TapTap,https://www.taptap.cn/review/49295992
非常好玩但是新架比不高,2026-06-28T12:49:08+08:00,taptap_review,moment:820277296962210566,5,TapTap,https://www.taptap.cn/review/49297010
非常值得推荐，适合喜欢摸金的，我从S1就开始玩了，可玩性很高[表情_开心],2026-06-28T13:02:01+08:00,taptap_review,moment:820280538890766746,5,TapTap,https://www.taptap.cn/review/49297677
"哎呦我去这游戏太棒了太棒了太棒了太棒了太棒了太棒了太棒了太棒了太好玩了吧
不就出了把大剑吗那啥好东西都不给我爆了金棺永远是金尊是吧你继续你继续",2026-06-28T13:04:43+08:00,taptap_review,moment:820281222105138553,1,TapTap,https://www.taptap.cn/review/49297832
"这游戏是我头一回见开挂能光明正大开的不知道的以为单机MOD破解呢
去年挂少的时候，我pvp还能跟人六四开，自从外挂一个一个地出就没见过pvp有纯绿的对局，有人甚至摸金开补齐自己还开挂抢的，挂都能上榜说自己开了欢迎点单，也是没谁了
还有皮肤质量堪比橡皮泥，吃相这么难看，还卖得比自家服务器贵，同样是巨人网络，太空杀都不至于外挂满天飞
然后就是公屏迈篇的，这种事居然能在这游戏当日常
玩家也是鱼龙混杂，什么神人都有，规则怪谈仅此于民法典
总结：游戏本身质量低，玩家人均素质不详，不开挂没有可玩性，官方只卖皮肤不封挂，没玩过的都建议别玩",2026-06-28T13:25:13+08:00,taptap_review,moment:820286381010977184,1,TapTap,https://www.taptap.cn/review/49298872
"🎮可玩性：
挺高的，然后自由行也挺好，可以玩挺多模式",2026-06-28T13:32:21+08:00,taptap_review,moment:820288173732005058,4,TapTap,https://www.taptap.cn/review/49299249
爆率高。,2026-06-28T14:06:38+08:00,taptap_review,moment:820296802321304351,5,TapTap,https://www.taptap.cn/review/49300946
可以，挺好玩的，爆率也挺高的。,2026-06-28T14:20:34+08:00,taptap_review,moment:820300308591675329,5,TapTap,https://www.taptap.cn/review/49301590
非常好，暴击概率超高,2026-06-28T14:27:29+08:00,taptap_review,moment:820302047357176407,5,TapTap,https://www.taptap.cn/review/49301923
太开心了,2026-06-28T14:52:53+08:00,taptap_review,moment:820308441619761045,5,TapTap,https://www.taptap.cn/review/49303166
"🎮可玩性：不好玩四队根本打不过

🌃画面音乐：还行

✍🏻建议：下架",2026-06-28T15:11:22+08:00,taptap_review,moment:820313093912396703,1,TapTap,https://www.taptap.cn/review/49304058
"官方是来圈钱的，角色、福宝是抄出来的，出个新皮肤能看到一堆游戏的影子，爆率是不平均的黑号黑的一个大金看不到的，你自己看看你的皮肤有几个是不用氪的，CP是混乱的管你男的女的，拉郎拉娘、新角色上线自动分配2778个CP，小鬼是一堆的，挂是不管的，你以为你做几个公益活动风评就好了吗，小哥哥你一周一个新皮肤当玩家的钱是大风刮来的吗，你应该耀世保底五百在某四字5V5游戏都能买个无双了，退款只退40%你以为真退吗未成年退款他压根就不给你通过要退款只能起诉，大哥四队那么多挂不封你老老实实的把绿玩封了说是误封你当玩家是祝吗，还有之前的一周年三个皮肤两个都是皮套你是真没钱了吗这样讨好zls，周年庆代言找了个二次元的万人雷是什么意思呢你干脆就改成zls行动组呗，说真的超自然我们玩家在外都不敢说自己是玩超自然的，然后小哥哥你恶意删评又是什么意思呢。
总结：你刚玩有多新鲜后面充了钱就有多后悔。吃相难看拼好游，想入坑的赶紧跑！",2026-06-28T15:43:57+08:00,taptap_review,moment:820321291742480622,1,TapTap,https://www.taptap.cn/review/49305581
一般般吧，玩了几把就出大金了，但是有缺点就是太缺钱了,2026-06-28T16:04:52+08:00,taptap_review,moment:820326558416768456,5,TapTap,https://www.taptap.cn/review/49306533
一般般吧 充了1060 退了又回来，玩了又退,2026-06-28T16:08:12+08:00,taptap_review,moment:820327397390814394,3,TapTap,https://www.taptap.cn/review/49306716
还有人吗,2026-06-28T16:13:21+08:00,taptap_review,moment:820328693271366250,1,TapTap,https://www.taptap.cn/review/49306981
好好玩，暴击特别多。,2026-06-28T16:16:56+08:00,taptap_review,moment:820329595008975423,5,TapTap,https://www.taptap.cn/review/49307172
皮肤到底在哪里购买呀？,2026-06-28T16:20:48+08:00,taptap_review,moment:820330565503813503,4,TapTap,https://www.taptap.cn/review/49307394
拉完了，对新手一点不友好，连新手教程都没有，跑地图也不明白，老是迷路，地图有多又乱，不搞工具根本玩不了。,2026-06-28T16:27:26+08:00,taptap_review,moment:820332233905668408,1,TapTap,https://www.taptap.cn/review/49307709
"这款超自然题材游戏完成度极高。整体没有滥用突然惊吓，而是依靠环境音效、光影变化与都市怪谈剧情烘托惊悚氛围，灵异神秘感贯穿全程。
故事伏笔环环相扣，超自然谜团层层揭开，人物与灵异事件紧密绑定，结局多重反转，剧情打磨得十分用心。探索与解谜难度适中，线索自然合理，不会出现无厘头卡点。
深夜关灯游玩代入感直接拉满，每一处异响、每一处异动都让人紧绷神经。无论是喜欢灵异悬疑，还是偏爱心理恐怖的玩家，都能获得极佳体验，五星当之无愧。",2026-06-28T16:45:57+08:00,taptap_review,moment:820336895098618840,5,TapTap,https://www.taptap.cn/review/49308564
删回来给我出大金了,2026-06-28T16:48:31+08:00,taptap_review,moment:820337541466030161,4,TapTap,https://www.taptap.cn/review/49308698
其他各方面都是挺好的，就是报警太低应该属于吧。摸不到精基本上摸到的没有什么大的值钱物，由于经常摸不到多少。不敢开局一局。都逃离不了。到底是我太菜了。还是什么情况？，所以我把他删了。,2026-06-28T16:53:55+08:00,taptap_review,moment:820338900412140136,4,TapTap,https://www.taptap.cn/review/49308969
可以增加一个练习，什么地图都可以练的那种[表情_大笑]，然后里面可以体验皮肤，可以让我们爱买，但是害怕不好玩的人，可以看一下局内好不好看开棺特效好不好看，我们就可以放心入手[表情_送花],2026-06-28T16:54:36+08:00,taptap_review,moment:820339074161181999,5,TapTap,https://www.taptap.cn/review/49308997
卡的要死，爆率爆率低的要死，圈钱圈个不停，把你那个破网给修一下不行吗。真的是服了，你圈钱就圈钱呢，那你好歹把那个破网给修一下行吗。皮肤没过几天就出一个，那网是一点也不修，一堆问题，能做游戏就做，不能做游戏转给别人行吗，还爆率超低，10个棺，重铸了10个，全都是灰，重铸的最贵的回收物才4万，金棺重铸了，不是青铜丹炉就是尿壶，咋的，这么喜欢啊，自己留着吃行吗,2026-06-28T17:05:36+08:00,taptap_review,moment:820341841416160561,1,TapTap,https://www.taptap.cn/review/49309493
玩法单调，外挂较多，优化有待改善，,2026-06-28T17:10:42+08:00,taptap_review,moment:820343125204533572,2,TapTap,https://www.taptap.cn/review/49309707
"呵呵，我号被毁了
你的保护措施呢？",2026-06-28T17:38:17+08:00,taptap_review,moment:820350064034578682,1,TapTap,https://www.taptap.cn/review/49310920
没见过有那个游戏这么放纵挂的,2026-06-28T17:43:10+08:00,taptap_review,moment:820351296623086756,1,TapTap,https://www.taptap.cn/review/49311118
回归第1把出了天下第一剑，不解释,2026-06-28T17:54:19+08:00,taptap_review,moment:820354099223463006,5,TapTap,https://www.taptap.cn/review/49311618
这个太好玩了吧，打了第二个冰库就出了个青铜瓦到，然后开了个普关出了个天山雪莲,2026-06-28T18:00:05+08:00,taptap_review,moment:820355549953526132,4,TapTap,https://www.taptap.cn/review/49311863
四颗星是给我靠山对象和闺蜜的另外一颗是给游戏的，从二五年被我闺蜜带入坑她退游后一直都是自己一个人25年年末左右才开始接触4队，因为四队认识了我靠山对象还有闺蜜，在那个还没有挂的时候真的特别开心，现在很难说，但是还是感谢超自然让我遇到我爱的人,2026-06-28T18:16:54+08:00,taptap_review,moment:820359785860827172,5,TapTap,https://www.taptap.cn/review/49312654
好好玩在S3赛季杯朋友拉入坑的那时候还不愿意玩而且没钱带不了薇薇安回家现在后悔了现在不玩都不行,2026-06-28T18:28:31+08:00,taptap_review,moment:820362707189369700,5,TapTap,https://www.taptap.cn/review/49313158
"我真的没话说了  薇薇安魔盒那个赛季入坑的  
真的是一颗星也不想多给
1.玩法刚开始探索过程比较新颖，但是你后面玩久了，过于单一非常无聊
2.抽奖机制非常不合理  皮肤品质也不够  金皮运气好的人最低充了三块钱就能拿下，保底要521，而且一直是这样的机制（特别是第8发和第10发差了200多 这就导致玩家一直处在一个很难受的中间）  金皮往上的钱又超出了大部分人的能力（且有的人也是只充十几块，甚至更少就能出，但是几率相对于金皮来说少了很多）  紫皮更是少之又少 再说一个少见的，我觉得一个蓝皮卖上个10块钱真的不合理 大部分人没有见穿蓝皮的吧，基本上都是卡头的（除个别特殊皮肤外） 我请问买6个蓝皮的钱都能买个紫皮了  运气好的十几块都能出个金皮了（这个纯吐槽，不具有参考意义） 真的不考虑改一下吗？ 还有就是免费送紫皮的质量（不要和我说什么免费的你还挑什么） 游戏不是只有氪金的人才能玩 同样都是紫皮，质量不一样，难道不能说吗  而且游戏内皮肤歧视非常严重
3.风气差，游戏体验感差  超自然公屏里面的片姐骗子 ，四队里面开挂的  先不讨论公屏里面的 超自然整治外挂的能不能再提上一点？ 这样下去还会有谁会玩这个游戏？ 而且超自然作为一个游戏，肯定是未成年人比较多 公屏片姐骗子能对超自然做出什么贡献？只能靠玩家举报来封吗？
4.关于黑白号的问题  其实上述写这么多，主要也是为了发泄我的不满  有的人确实是运气好也没什么可嫉妒的  但是超自然你真的不打算改一下这个保底机制吗  有的人摸金欧抽奖非  抽奖欧摸金非  我两个都非啥意思？ 我也差不多玩了有1500把了  只出过一把大剑还没带出去（所有怪都吻上来联合狩猎被打死了） 况且我玩的还一直是昆仑，昆仑相比于古城来讲，爆率更高，又没有秦岭那么难 都成这样子了 我也知道大剑保底是一两百把一回   我本身运气就不好只能开队友不然撤不出去  但是你又不直接指定在一个人的身上，不是所有人都开单人谢谢  抽奖上面已经说过了
5.最后最后这个风气真的是太差了  每天都被队友恶心的说不出来话  真的是什么神人都有",2026-06-28T19:00:56+08:00,taptap_review,moment:820370866301832951,1,TapTap,https://www.taptap.cn/review/49314495
总体建模是用心做的，挂哥和骗皮肤的一大堆，公屏官方也不管，玩法拉完了，那鬼屋广场跟没有一样，官方求管一下,2026-06-28T19:10:09+08:00,taptap_review,moment:820373184934053578,3,TapTap,https://www.taptap.cn/review/49314822
萌新爆率超高！我两个号玩了5天不到存款过百万,2026-06-28T20:42:21+08:00,taptap_review,moment:820396387249163951,4,TapTap,https://www.taptap.cn/review/49318457
一堆东西都是照搬的，bug又多，动作不自然，唯一一点能看过眼的就是皮肤和联动，但又是官方圈钱行为，想要皮肤就得砸钱,2026-06-28T20:58:54+08:00,taptap_review,moment:820400554629923627,1,TapTap,https://www.taptap.cn/review/49319108
可能的话一次性爆率有点高 😍😍😍🤗🤗🤗😋😋😋,2026-06-28T21:22:03+08:00,taptap_review,moment:820406376885914210,5,TapTap,https://www.taptap.cn/review/49320046
不是我背包满了你就给我放邮箱不行吗，过期了不领算我活该，你凭什么问都不问不存邮箱就给我买了！！！[表情_吐],2026-06-28T21:58:31+08:00,taptap_review,moment:820415556157964727,2,TapTap,https://www.taptap.cn/review/49321478
这个爆率很高呀，然后这个玩法很有意思，也是比较推荐好吧，很好玩,2026-06-28T22:34:13+08:00,taptap_review,moment:820424539723794182,5,TapTap,https://www.taptap.cn/review/49322874
"🎮可玩性：
如果说是萌新的话，我就不太建议入坑了，毕竟嗯作为一个从阿念磨合入手，然后再到收号，把号养成这个样子的人来讲的话，真的不太建议入坑，官方从现在和之前来比，差距实在是太大了，加上挂，现在如果不是朋友和零宝，我也想退坑，希望大家理性入坑吧。

🌃画面音乐：
画面和音乐的话，嗯，这一方面做的还行，但不太多，还有游戏画面卡顿等各个原因，实在是不好。[表情_困]",2026-06-28T22:44:29+08:00,taptap_review,moment:820427122303568307,3,TapTap,https://www.taptap.cn/review/49323311
"完全主观评价
🎮可玩性：
整体主流摸金玩法借鉴了致命公司，地图的大致设置也和致命公司有些许出入，经常些许，PVP玩法上来说最近是一直在注重这个PVP的长期整治外挂的结果下实际上确实要比原来要少但依旧过几局就会撞见而且架不住你PVP运营的就是屎各种角色上了又削削了又上在我看来就是无尽的堆料武器永远迭代用旧时代武器同水平完全打不了新时代武器长久的更新下来玩家迟早无法适应下一个版本，PVP最后终究变成一个满是超模数值超模机制的模式
🌃画面音乐：
在我看来，各种角色或多或少都使用了AI辅助但这个时代无可厚非但有的立绘大面积交给AI就是你不认真敷衍玩家的表现了整体来说画风没什么大毛病硬说抄了第五人格或许有一点？进游戏的加载页面音乐是小小梦魇的变调有点敷衍
🔖运营服务：
此乃这个游戏最屎的地方，我是从没见过一个游戏允许授权主播直播、发视频偷跑完全没有上线在内测中的内容的，地图大致细节完全被曝光而且完全在官方允许的情况下只有怪物信息还在官方的掌握中，合着地图不重要怪物是重头戏吗？到底谁会在意啊？还有哪个角色要加强不久这个角色就会出皮肤武器同理圈钱也拉满了完全不在意平衡度大不了皮肤卖完给你补个削弱真正弱势的永远得不到改变，你罗盘叔叔我现在都不知道在哪儿发财呢，优化不好偶尔卡顿，这游戏枪械的子弹飞行需要时间而且弹道较迷，后坐力直接由灵敏度影响灵敏度越低后坐力越低反之越高，没有补帧率，子弹的飞行时间完全由你的帧率决定，直接影响命中率
✍🏻建议：
完全的不推荐入坑，完全没有必要浪费时间在这里，外挂经过多重管控相对其他游戏仍然泛滥，你最后的归属，大概率只是浪费时间然后退游，二星为了我曾经的情怀，现在失望了，也不再需要你了 最后的评价:短期打发时间的破游戏，完全不值得长期玩，终将走向末路 最后想了想我的情怀哪值钱啊？还是一星吧",2026-06-28T23:16:57+08:00,taptap_review,moment:820435293273328199,1,TapTap,https://www.taptap.cn/review/49324624
除了四队容易红温以外都挺好的,2026-06-28T23:17:02+08:00,taptap_review,moment:820435315708659799,4,TapTap,https://www.taptap.cn/review/49324630
我挺喜欢这个游戏的，然后那些说抄袭的说说就算了，不要骂人。还有如果说抄袭就别玩，也别在评论区里叭叭。还有，玩法啊，皮肤啊，物品啊，这些呢都算是公共资源不算抄袭的。所以你们也别吵吵了，几乎每个游戏在上线的时候都被说过。,2026-06-29T00:35:12+08:00,taptap_review,moment:820454984742079419,5,TapTap,https://www.taptap.cn/review/49327362
"我今天玩了一个莉莉，然后玩古城摸金上分，进去之后有个兰同意我附身，我就跟着她一起，前面还很正常，她开了3个棺是灰的，煮东西出了一个金樽，她让我装进背包里，继续找，直到一个队友找到了圣杯，就是从这里她呆愣了十几秒，找了一会没什么值钱的东西了，就开门出去了，他打开了喷气背包飞到天上，在桥一半的时候把我解除了，我摔下去摔死了，一套21万的装备就没有了，她拿了我的一个腰包和除颤仪把我救活了，我当时真的很伤心想跳出去让厄狼咬死，然后还是有点害怕快速跑到石头高处上，游戏时间23点左右的时候，我想跑回车没跑上去被厄狼咬了。
她的名字叫小小鱼儿的故事，该举报的举报了该拉黑的拉黑了，别再让我匹配到这种队友，她简介说她是小学生，好吧。",2026-06-29T00:58:22+08:00,taptap_review,moment:820460814631698498,1,TapTap,https://www.taptap.cn/review/49328122
里边玩家很大一部分都是麦穗呀！游戏环境糟糕，官方强引导氪金，皮肤角色玩法很大一部分都是抄袭！,2026-06-29T01:06:41+08:00,taptap_review,moment:820462907757170196,1,TapTap,https://www.taptap.cn/review/49328346
起初我并不喜欢这款游戏，因为在内测时期，我就听说了这款臭名昭著的游戏，画风美术疑似碰瓷某游戏，玩法抄袭，使得他成为了我最讨厌的游戏，后来大致是在25年四五月的时候，我招架不住我朋友一直催我入坑，我还是入坑了，但是他以我在新手教程邀不了我为理由拒绝跟我一起加好友，所以我就一直没有点开这款游戏，在6月的时候，我看着反正也没人找我玩，他又不跟我玩，我就删了。但后来7月初的时候，他火了，我那个朋友又叫我一起玩，同时我妹也入坑了，于是我又被拉回这个游戏，最初那段时间有朋友很开心，但后来，他的做法越来越让人失望，首先服务器开始崩盘，频繁出现卡顿，外挂也随即冒出头，再加上这个圈子的风气也不怎么好，我许多朋友都退游了，而我还在玩，有些找不到玩这个游戏的意义了，他也早早就开始圈钱了，从最开始号称“游戏最听劝的官方”一步步走到现在，我只感觉最初这个称号很讽刺。,2026-06-29T01:23:50+08:00,taptap_review,moment:820467225159798736,2,TapTap,https://www.taptap.cn/review/49328792
为什么玩家被盗号官服不管，玩家在里面充了钱是因为对游戏的热爱充了两千多，现在我朋友被盗号了，你们官服却什么都不做，你们还想不想圈钱了,2026-06-29T02:22:22+08:00,taptap_review,moment:820481956679518544,1,TapTap,https://www.taptap.cn/review/49329895
"怎么说呢 这游戏是我见过最多挂的联机游戏 榜上大部分是挂，聊天评论区也大部分是挂
快手上大部分也是用挂的 什么红绿分流机制，说白了就是打的厉害点，就匹配挂给你 基本上就是比参数 封还只封个一两天 开挂封两天，游戏确实挺少见的 封个一两天给大家看看就行了，真封了就没人充钱了 举报永远不成功 要真想整改 直接检测到封号半年就行 做挂车的一块封号了 半年后还开的话，直接封十年 打击做外挂的，抓的完吗 武器和角色出的也是一个比一个恶心
玩法还行，就是太多挂
🎮可玩性：
太多挂了",2026-06-29T03:30:23+08:00,taptap_review,moment:820499071901896043,1,TapTap,https://www.taptap.cn/review/49330783
外挂满天飞到周一都不敢开四队,2026-06-29T04:29:03+08:00,taptap_review,moment:820513836950880789,1,TapTap,https://www.taptap.cn/review/49331304
外挂太多不建议玩,2026-06-29T09:05:42+08:00,taptap_review,moment:820583458488189155,1,TapTap,https://www.taptap.cn/review/49334006
牛逼，一抽,2026-06-29T09:17:57+08:00,taptap_review,moment:820586541838500549,5,TapTap,https://www.taptap.cn/review/49334334
可以试试超自然传说，里面的爬山模似器运气好可以爆很多大金。新人想快点攒百万铲铲币，建议去玩爬山模式器。,2026-06-29T09:58:27+08:00,taptap_review,moment:820596730813744220,4,TapTap,https://www.taptap.cn/review/49335527
你好，我之前的号没了，验证码发不出来，能帮我找一下吗,2026-06-29T10:52:09+08:00,taptap_review,moment:820610246903857714,4,TapTap,https://www.taptap.cn/review/49337380
游戏挺好玩的就是发明者希望聪明一些不要一直搞皮套 好好创作游戏不要老是想着赚钱 把玩家放第一位 好好爱自己创造的每一位角色,2026-06-29T11:23:34+08:00,taptap_review,moment:820618153221425404,4,TapTap,https://www.taptap.cn/review/49338635
"我从内测就开始玩了，我还有那个内测的头像框 我氪条也得快2000了 我是在莉莉魔盒跑的 我来说一下这个官方吧 最喜欢立听劝人设 唉，人物也是AI来的 那个薇薇安幻梦我记得话背景故事抄的是第5人格的脚气婆吧 然后把你超自然把你带火的 up主也给逼走了 还举报那两个up主的稿件 唉我笑的不行 其中一个up主被封了一周，唉我真不行了吧 反正迟早要死

🎮可玩性：
烂的不行，起初还能玩搬运法 龙珠房也会概率刷大金
后面火了之后呢，就开始用不了搬运法了，反正不管是谁来了也得给你穷死 4队更不用说了，开挂的一堆 一直不管 一周得出好几个皮肤 那你这性，我猜你后面还会出那个什么棺材皮 然后还整啥肥婆代言 然后呢，我记得你那个阿念周年庆免费送的，也抄袭了别人的一个衣服设计 我看B站上面说你这个抄袭这个衣服设计的都26补档了 可见是有多破防 玩这游戏的某人也非常恶心吧 哦，没钱了就找我要钱 有钱的时候就不来了   还有那个鬼屋 一堆人在那里发情 还一堆人磕李逍遥和张起灵的cp 反正不管啥都能磕一下 这建模也能磕得下去 吃点好的吧 下面这个号我才卖了一百 能卖出去也行 😂😂",2026-06-29T14:26:57+08:00,taptap_review,moment:820664304322742300,1,TapTap,https://www.taptap.cn/review/49345892
原本冲着题材入坑《超自然行动组》，可越玩越失望，这款游戏早已偏离娱乐本质，全程围绕氪金抽奖疯狂圈钱，吃相实在难看，真心不建议普通玩家尤其是学生党继续入坑。游戏最大的问题就是抽奖机制极度不透明，暗改爆率、杀熟现象十分明显。新手小号往往偶尔能抽到稀有道具，可长期充值的老玩家几乎全程吃保底，想拿到高阶耀世、典藏皮肤基本只能硬砸钱，很多稀有皮肤保底动辄几百甚至上千元，定价严重不合理。奖池概率公示模糊，重复道具多，抽到无用部件只能少量兑换零碎材料，投入和回报完全不成正比，抽奖全程充满不确定性，给人一种被刻意限制出货的感觉。官方一心扎堆上新氪金皮肤、限定魔盒、分段式抽取活动，各类付费奖池接连不断，月卡、手册、限定礼盒轮番上架，定价层层抬高，普通白皮、基础道具也设置付费门槛，免费福利越来越少，逼氪痕迹过重。游戏玩法本身打磨敷衍，模式单一，BUG、外挂问题长期疏于治理，官方把大量精力放在设计氪金活动上，却很少优化对局平衡、修复漏洞，对玩家反馈视而不见。很多玩家本来愿意轻度消费支持游戏，可无休止的抽奖收割、不透明的概率、高价保底的设定，慢慢消耗掉所有好感。游戏本该靠内容留住玩家，而不是靠不断出新奖池、抬高保底金额反复薅玩家。过度商业化让游戏失去初心，只想着圈钱却忽视游戏体验，真心希望运营正视问题，调整氪金与抽奖机制，别再继续消耗玩家的信任。,2026-06-29T14:34:51+08:00,taptap_review,moment:820666293060373932,1,TapTap,https://www.taptap.cn/review/49346189
可以可以，只要你很久没玩了再上线必出大金的,2026-06-29T14:34:59+08:00,taptap_review,moment:820666325226488581,4,TapTap,https://www.taptap.cn/review/49346193
爆率很高,2026-06-29T16:13:39+08:00,taptap_review,moment:820691153962667637,4,TapTap,https://www.taptap.cn/review/49349745
圈钱，但好玩,2026-06-29T16:52:54+08:00,taptap_review,moment:820701032756545775,3,TapTap,https://www.taptap.cn/review/49351352
摸金什么爆率啊？那么多怪才给我60万。,2026-06-29T16:54:24+08:00,taptap_review,moment:820701408096422841,1,TapTap,https://www.taptap.cn/review/49351425
"呃，断断续续也玩了很久，我是s2入坑的。我承认刚入坑的时候确实很开心。但是玩久了之后能遇到一堆神人，但大部分都是很好的人。
游戏问题也很多。古城卡撤离金，bug不修，账号容易被盗（这个我有一个朋友就被盗了）等等一系列问题
不过说到底，超自然也算我玩过最久的游戏。也希望他的重心放在游戏体验上而不是赚米",2026-06-29T17:09:35+08:00,taptap_review,moment:820705230214660840,2,TapTap,https://www.taptap.cn/review/49352133
第一次玩这个困难图就出了,2026-06-29T17:30:22+08:00,taptap_review,moment:820710460943761601,5,TapTap,https://www.taptap.cn/review/49353028
太多挂了,2026-06-29T17:44:17+08:00,taptap_review,moment:820713963305043329,3,TapTap,https://www.taptap.cn/review/49353615
超自然能不能修一下你那破服务器是怎么做到开数据在市区还延迟200多，我纯绿用了一下卡头软件四队砍8个你给我封了啥意思我不就把外挂打炸了，啥意思，到底在干什么一直在出皮肤能不能把服务器修一下或者升级一下，我求你了超自然，，，之前的官方呢,2026-06-29T18:35:20+08:00,taptap_review,moment:820726811867483858,1,TapTap,https://www.taptap.cn/review/49355924
不好玩，纯抄袭。抄袭缝合了10余款游戏和小说，动漫,2026-06-29T18:39:58+08:00,taptap_review,moment:820727975090587172,1,TapTap,https://www.taptap.cn/review/49356160
喜欢惊悚挖宝的玩家值得入坑[表情_酷],2026-06-29T18:42:12+08:00,taptap_review,moment:820728538037485655,5,TapTap,https://www.taptap.cn/review/49356264
光⭕了 能不能管管四队的挂,2026-06-29T18:52:52+08:00,taptap_review,moment:820731224615030645,3,TapTap,https://www.taptap.cn/review/49356776
非常的好玩啊，而且还非常的有新意,2026-06-29T19:19:01+08:00,taptap_review,moment:820737803229859385,5,TapTap,https://www.taptap.cn/review/49358171
"依旧开挂的不封，卡Bug的不封，逮着绿丸风。依旧绿完能撤你是贵，公玩能撤，这不天经地义吗[表情_可爱]这么好的游戏，我肯定给6颗星
把我的图片拿去吧，万一用得上呢",2026-06-29T19:32:58+08:00,taptap_review,moment:820741314076213594,1,TapTap,https://www.taptap.cn/review/49358872
"叠甲：本人 S3魔盒入坑的，氪条2000多，不算很多，但我也认为我都有资格评价。
🎮可玩性：
主流玩法借鉴了致命公司，地图也有些像，怪物更是直接抄过来的。多队外挂满天飞，管都不管，圈钱继续圈起来，皮肤是在ai里面滚了两圈就出来的。
开服立的这个听劝人设啊，现在也是装都不装了，这个风气也是啊，你逍遥哥哥直接跟所有人处上cp了，不管人家角色背景还是有没有成年，都要磕cp哦，那个逍莉，逍念也是，妈的两个都没成年，谈谈谈谈谈，还他妈有车情节，想把你逍遥哥哥送进去蹲局子是吧？公屏堪比光遇后山，一堆滴主人，滴爸爸。80%都是一堆性压抑。
🌃画面音乐：
早期的皮肤还可以说好看些，现在出的皮肤就也算不上很难看吧，就是有些设计地方很诡异，还有就是那个雷霆身材比例也不优化。皮肤价格更是屎到没边了，把随便一点设计送ai里面滚两圈，就能卖521，1000，2000。我去，这个钱还是太好圈了，你把玩家当许愿池的乌龟了？还有就是这个皮肤歧视，我第1次在一个游戏里看到种姓制度，你穿的皮肤好看，氪了金充了钱，然后就有一堆人上赶着贴，你穿的不好看，你就被骂🙄
🔖运营服务：
这个运营服务更是屎成一坨了，你是安卓什么的都还好，你要一旦是iOS的话，那你得炸，打四队龙宫什么的直接卡退。而且我没见过一个官方能让游戏主播直播发视频没有出的内容的，这不变相解包吗？玩家要的是新鲜感，你提前让玩家知道了，那新鲜感怎么来？还有这个账号问题啊，我也不知道怎么搞的，经常有些不认识的人登我号，改了几次密码了，还是这样",2026-06-29T19:41:51+08:00,taptap_review,moment:820743549455695893,1,TapTap,https://www.taptap.cn/review/49359427
是很好 但是差点意思 例如说谁过生日 叫他贴两天皮肤吧 一天也行吧 这样你有意思吗 都不能送玩家一个免费的皮肤吗 一个就行啦 或者是氪金皮肤一个也行啊 或者免费皮肤都行 不听玩家建议 听玩家建议吧 你能不能修下穿模 就是我拿个东西跳着舞 要拍个视频直接卡穿模了 拿了这个东西本来就好看 你直接给我搞这样 666 皮肤那么贵 干什么还要抽下来 抽下来那么贵 你给我们那个免费的好看的皮肤也不行吗 你给丽丽那个皮肤吧 我求你了 生日在超自然里面过 但是他连个皮肤也没有 很想要皮肤 你都不听她的建议 我虽然不是老玩家 但是我懂老玩家的尊严 应该老玩家很想回到以前 就是很想要个道具皮肤 你都不能返厂一次吗 或者我求你啦 我想要个扇子皮肤 免费的 或者把这个也给免费给我们呀 这个不行 你可以自己给我免费一个 可以 多一点 因为你都不懂玩家 你看着人不多就给不多福利 那么多人玩也是人你都不管 希望官方能看到 大家也能看到 回我一句  我希望我说的话能火 大家同意吗,2026-06-29T19:53:23+08:00,taptap_review,moment:820746452341883021,3,TapTap,https://www.taptap.cn/review/49360096
抓怪很爽,2026-06-29T20:06:53+08:00,taptap_review,moment:820749850340492490,5,TapTap,https://www.taptap.cn/review/49360856
希望可以开放PC端充值渠道，手机扫码支付，手机上下载游戏内存实在不够,2026-06-29T20:21:57+08:00,taptap_review,moment:820753639952878857,3,TapTap,https://www.taptap.cn/review/49361639
我去，爆率太高了。,2026-06-29T21:18:43+08:00,taptap_review,moment:820767928126278045,5,TapTap,https://www.taptap.cn/review/49364879
拉爆了，一堆挂，天天圈钱，服务器管都不管,2026-06-29T21:28:56+08:00,taptap_review,moment:820770497431077873,1,TapTap,https://www.taptap.cn/review/49365511
官方大大，你忘了你的灵契吗？现在还有什么用吗？,2026-06-29T21:34:01+08:00,taptap_review,moment:820771779613034234,5,TapTap,https://www.taptap.cn/review/49365818
有病的二逼游戏，几个月不玩还自动注销账号，真是神经病游戏公司,2026-06-29T23:06:17+08:00,taptap_review,moment:820794996360743121,1,TapTap,https://www.taptap.cn/review/49371075
越来越无聊了呀，4队外挂也很多，官方也不管，连胜和杀的人头多一点就给匹配挂，绿玩还会被误封，希望多出点新模式来点新花样吧，还是希望你越来越好,2026-06-29T23:17:43+08:00,taptap_review,moment:820797876027261154,3,TapTap,https://www.taptap.cn/review/49371727
骗氪抄袭 这游戏究竟有什么玩的,2026-06-29T23:21:08+08:00,taptap_review,moment:820798734727120166,1,TapTap,https://www.taptap.cn/review/49371921
抄，桂，圈,2026-06-29T23:58:29+08:00,taptap_review,moment:820808135487786162,1,TapTap,https://www.taptap.cn/review/49373830
好玩是好玩但是官方啥时候出个皮肤不怕亏钱吗👁️,2026-06-30T00:09:09+08:00,taptap_review,moment:820810817392872801,4,TapTap,https://www.taptap.cn/review/49374325
对我来说超自然是我交朋友社交游戏里比较多的一类喵喵喵我的实力非常可以的,2026-06-30T00:21:57+08:00,taptap_review,moment:820814038299574466,5,TapTap,https://www.taptap.cn/review/49374846
"为什么更新之后就不能自己设置自己相册里的头像？
说是权限拒绝，但是我所有权限都打开了，就是设置不了
希望官方可以修改一下",2026-06-30T00:42:57+08:00,taptap_review,moment:820819324519321037,5,TapTap,https://www.taptap.cn/review/49375628
"🎮可玩性：
交战搜索搞定就撤，地图很多，可玩性是非常强的，但我觉得更偏向于社交属性",2026-06-30T01:23:16+08:00,taptap_review,moment:820829470771383277,5,TapTap,https://www.taptap.cn/review/49376943
果然小厂没那么多幺蛾子，这个游戏比火影好,2026-06-30T03:39:08+08:00,taptap_review,moment:820863661139561120,5,TapTap,https://www.taptap.cn/review/49379203
爆率时高时低懒得喷，抽奖保底521觉得自己很浪漫吗？还有我上次充钱，钱没了，我金砖呢？我请问呢？跟客服反馈至今石沉大海。。。哈哈哈。。。,2026-06-30T04:01:16+08:00,taptap_review,moment:820869234434248019,1,TapTap,https://www.taptap.cn/review/49379380
还可以出了个大金,2026-06-30T04:19:59+08:00,taptap_review,moment:820873942502739732,4,TapTap,https://www.taptap.cn/review/49379507
挺好的 就是绿玩的天什么时候亮 都是零容忍 根本就打不过好吗 昆仑爆率可以再提高 古城也一样,2026-06-30T07:20:33+08:00,taptap_review,moment:820919385391631907,4,TapTap,https://www.taptap.cn/review/49380645
游戏好玩 主要是画质那个容易卡 加载那个慢的很优化一下 每次朋友等我都等的久,2026-06-30T08:52:43+08:00,taptap_review,moment:820942577447472329,5,TapTap,https://www.taptap.cn/review/49382029
啊，推荐是推荐，但是能不能管管那个4队的那个破外挂呀，我靠。每天累死累活，回到家好不容易玩会儿手机，打开4队那全是外挂，我靠吓死我了，但是皮肤是做的挺精致的,2026-06-30T09:17:44+08:00,taptap_review,moment:820948872133084323,5,TapTap,https://www.taptap.cn/review/49382588
好玩好玩我也是顶飞了好吧只是能不能出个限制战备得图,2026-06-30T09:21:12+08:00,taptap_review,moment:820949744825142023,5,TapTap,https://www.taptap.cn/review/49382664
容易延迟，打四队根本不好(๑•́ωก̀๑)应该不是我网络问题,2026-06-30T09:28:14+08:00,taptap_review,moment:820951514662044678,3,TapTap,https://www.taptap.cn/review/49382858
可玩性强，格式多样化。,2026-06-30T09:33:34+08:00,taptap_review,moment:820952860463206303,5,TapTap,https://www.taptap.cn/review/49382990
自然是一块玩动性很高的游戏，而且非常好玩，那个暴击的几率也很高，建议都玩,2026-06-30T10:05:10+08:00,taptap_review,moment:820960811710152961,5,TapTap,https://www.taptap.cn/review/49383865
一直重新进去都是黑屏,2026-06-30T10:18:07+08:00,taptap_review,moment:820964071313507150,1,TapTap,https://www.taptap.cn/review/49384237
管一管外挂行不行啊，你封那几个小时有啥用啊，第二天难道就不开了吗，直接封号封设备你会不会，不封等着干啥呢，你再这样玩家只会流失更多，一天到晚出皮肤圈钱,2026-06-30T10:21:55+08:00,taptap_review,moment:820965024951435930,1,TapTap,https://www.taptap.cn/review/49384330
挺好玩的，保底也很肥美，然后呢？就是我给你指条通天路，你去联动那个p3p4p5啊，你能肯定能圈够的呀，应该是制作那个p6很费钱吧，他最近和那个黄游联动了呀,2026-06-30T10:27:43+08:00,taptap_review,moment:820966485429061743,5,TapTap,https://www.taptap.cn/review/49384490
不好玩，纯超袭,2026-06-30T10:32:32+08:00,taptap_review,moment:820967696521757293,1,TapTap,https://www.taptap.cn/review/49384617
魔晶爆率很高，画质也很好，但是“零容忍”太多了,2026-06-30T10:38:19+08:00,taptap_review,moment:820969153685884317,4,TapTap,https://www.taptap.cn/review/49384782
就是抽皮肤对我黑了点,2026-06-30T12:26:54+08:00,taptap_review,moment:820996478137794665,5,TapTap,https://www.taptap.cn/review/49388133
下架无心，四队直接没招了,2026-06-30T12:51:57+08:00,taptap_review,moment:821002782155738312,5,TapTap,https://www.taptap.cn/review/49388946
"我这个上面的游戏时长不是我真正玩的时间，我都是在手机上玩的，这个我是在电脑上玩的。
2025年11月，我闺蜜就想拉我入坑，我当时不怎么想玩，也一直玩的是蛋仔，然后就找理由推脱。今年2月底，我蛋仔玩的无聊了，听我闺蜜之前和我讲过这个游戏，我就试着下载了。
之前看过关于这个的视频，看视频时觉得内容有点猎奇，但不知道是哪款游戏，等我下载过后，进去新手引导了一下才发现和我看的那个视频有点像。
我开始玩的时候去找了我闺蜜，也算是她带我入的坑，玩的时候觉得还蛮好玩，到后来我玩四队，到处都是挂：锁头、锁血、自瞄、杀戮光环，各种挂层出不穷，不过我还是没放弃，自从出了秦陵6队，四队的挂就不怎么多了，我也不想再去熟悉信的地图。
其实，如果没有挂，这游戏对我来说还是很好玩的。
本人玩了4个月，充了3000多",2026-06-30T15:11:04+08:00,taptap_review,moment:821037794326479868,5,TapTap,https://www.taptap.cn/review/49393530
破产了就可以玩c级的古蜀遗迹，在穿上爱德华简直不要太好了,2026-06-30T15:44:24+08:00,taptap_review,moment:821046179839084671,5,TapTap,https://www.taptap.cn/review/49394482
"超自然我们没有明天了。你游满脑子只想圈钱，一个赛季疯狂上皮肤，地图bug 四队卡枪什么的都不怎么去修复，只顾着让玩家抽奖氪金。
而且没有哪一个游戏是你游这样的外挂满天飞......而你根本不管 就在那里上新皮肤
哦哦 炒孜然os
我天天上新皮肤 你就忍忍呗
游戏外挂满天飞 你就忍忍呗
不管玩家诉求 你就忍忍呗
像土豆的服务器 你就忍忍呗
钱我⭕⭕⭕⭕ 你就忍忍呗",2026-06-30T15:44:44+08:00,taptap_review,moment:821046263913906268,1,TapTap,https://www.taptap.cn/review/49394492
摸金太刺激了,2026-06-30T15:49:36+08:00,taptap_review,moment:821047490412285177,5,TapTap,https://www.taptap.cn/review/49394652
"这一分给逗我开心的那几个小糖人
我并不知道这个四队它是怎么了",2026-06-30T16:25:22+08:00,taptap_review,moment:821056491246059558,1,TapTap,https://www.taptap.cn/review/49395666
"🌃画面音乐：
非常好而且里面都特别真实",2026-06-30T16:27:55+08:00,taptap_review,moment:821057131850498461,5,TapTap,https://www.taptap.cn/review/49395740
"我是在超自然刚开服就开始玩的，当时知道它的契机是第五人格。因为我本身就是第五人格玩家，有玩家说超自然风格和玩法都是抄袭过来的。但是我看到我身边一位好友正在玩，所以我也按捺不住性子，也去下载了。
我是第一次玩摸金探索游戏，所以它带给我的一种新鲜感是特别多的，并且当时和朋友玩的模式是蜀道入口，对于现在的大佬而言，特别简单，但还是被里面的一种怪物“皮股”吓得求救了队友。当时队友在离我们很远的地方，但是也不计前嫌的赶来把怪物打死，当时就让我感触非常深，不过现在想想看，可能美好的是人，而不是这款游戏。
并且后面开棺，你是不知道它开出来的物品什么，就跟可能开盲盒一样，会激发一种像赌博一样的心理，让你不停的寻找棺，但是找着了棺变卖了钱，你又会发现钱多了也干不了什么。
后面又出现了四队，就是打架之类的，打完架之后，你可以去图里找龙珠房开棺，并且开出来的物品肯定是金色的，但是前提是你必须得打败其他玩家。当时，我对这个模式是非常感兴趣的，但是我入的时机非常不巧，是在这个模式出的几个月后，我进图了后，我发现，总会有一个，角色穿着喷气背包，拿着枪在扫射，然后我没几秒就嘎了，躲进石头后面，它也是直接会让我嘎掉，后面我才知道，原来这是“挂”
并且直到今日，这种“挂”仍然没有得到合适的处理，以至于我现在成为四队玩家，碰到“挂”之后队友的反应都是这是“挂”，然后就直接退了，当成一种很习以为常的态度了。可是一个游戏，它不应该把“挂”当成一种特色，而是应该努力制止才对，这是让我很失望的一个点。
并且礼包的问题，一个紫皮，它卖50多，对我一个第五人格玩家来说，其实还可以接受，但是他不单单出的是紫皮金皮，这样他还可以出传说皮呃史诗皮这种，甚至还可以更高，就是皮肤品质拿不准。现在出一个皮肤，甚至要问它是紫皮还是金皮，还是说介于它们之间。
所以我退坑完超自然之后，也没有再想回游的想法了。",2026-06-30T17:43:39+08:00,taptap_review,moment:821076191568987032,2,TapTap,https://www.taptap.cn/review/49397819
"非常好玩！˶>ᗜ<˶
只玩摸金或者是爬山钓鱼的话是很舒畅的，四队的话除非你有技术，不然会让你脸红红的，平常也可以去求佛，只要没遇到杀人魔，可玩性还是挺高的✌︎ ॑꒳ ॑✌︎
在线求老天摸金爆率顶天",2026-06-30T17:46:15+08:00,taptap_review,moment:821076847394554535,5,TapTap,https://www.taptap.cn/review/49397891
找出伪人，能不能给警长加个双倒啊，总有些逆天员工不干好事，反杀警长，不能但让警长死,2026-06-30T18:19:07+08:00,taptap_review,moment:821085116578138761,2,TapTap,https://www.taptap.cn/review/49398766
乐资超自然太好玩了，皮肤爆率非常高，给6颗星，这是多出的那颗🙏,2026-06-30T18:33:43+08:00,taptap_review,moment:821088793669930910,1,TapTap,https://www.taptap.cn/review/49399205
这游戏玩了很久了，感觉不怎么好，爆率确实很高，但是外挂太多了，举报了也没用，也是无可救药了[表情_大笑][表情_大笑][表情_大笑]班上就剩几个糖人在玩[表情_吃瓜],2026-06-30T18:42:31+08:00,taptap_review,moment:821091008136611842,2,TapTap,https://www.taptap.cn/review/49399432
我tm玩游戏还愿意充钱是为了让自己开心来的。氪了3000 这游戏你如果有好友一起玩还可以 但是1 .4队挂是不管的。有些人不玩4队可能感觉不到，那飞天的枪为啥那么准，我们全队没活30s就全死了。2.pc卡顿 每到晚上就变卡 人物移动一顿一顿的 3.爆率低 对新手不友好缺乏有效引导 4.有累充活动不提前说  5 游戏里恶心的人也多   6 缺少玩法上的创新 反正游戏自己开心最重要，如果还要玩家放弃自己感受去迁就游戏的话，这游戏无疑是要凉的。,2026-06-30T19:10:41+08:00,taptap_review,moment:821098096577481073,1,TapTap,https://www.taptap.cn/review/49400221
音乐不好其他的非常good,2026-06-30T19:16:56+08:00,taptap_review,moment:821099667847645677,5,TapTap,https://www.taptap.cn/review/49400376
你们那些超自然又开始鬼搞，又开始鬼搞，也不管一下，玩个假人模式，队友报身份，我就骂了几句，你给我进除玩一个小时，你那些报身份的人，你还能赚钱，你就连管也不管一下，你什么人啊？你出超自然的人了，你赶紧退游得了呗，赶紧把这游戏下架得了呗，什么人呐，抄袭抄还抄不够啊？你做个游戏做不会呀，你抄就算了，你做游戏也不会啊，我天呐,2026-06-30T19:40:05+08:00,taptap_review,moment:821105492590854919,1,TapTap,https://www.taptap.cn/review/49401048
超自然行动组玩法很有意思，中式古墓探险氛围感拉满，和好友组队摸金又刺激又搞笑，角色画风精致，休闲摸鱼闯关两不误，日常消遣很合适。,2026-06-30T19:44:09+08:00,taptap_review,moment:821106515434800899,5,TapTap,https://www.taptap.cn/review/49401136
可玩性确实是很高，和朋友一起玩的，爽，太爽了，画面清晰，是我喜欢的音乐，大家不妨也来玩玩吧,2026-06-30T19:49:40+08:00,taptap_review,moment:821107903128668397,5,TapTap,https://www.taptap.cn/review/49401285
蛮好玩的，搭配风格多样，操作灵活多变，根本停不下来。,2026-06-30T19:50:21+08:00,taptap_review,moment:821108078245052637,5,TapTap,https://www.taptap.cn/review/49401312
运营商用痔疮创造游戏 难评 爆率就不说了 爆率好一点就会被十几只怪围攻 玩爱德华又见不到怪 仿佛被做局了 就知道圈钱 不知道服务衣食父母 真的 劝你们开除一下这个运营的脑子 不然早晚得黄 对了不听我朋友说还不给未成年退款 哈哈哈,2026-06-30T19:57:20+08:00,taptap_review,moment:821109835931062220,1,TapTap,https://www.taptap.cn/review/49401489
有点卡了,2026-06-30T20:23:08+08:00,taptap_review,moment:821116328499744274,4,TapTap,https://www.taptap.cn/review/49402122
趣味性很强的冒险类游戏，很刺激,2026-06-30T20:23:54+08:00,taptap_review,moment:821116518887591611,5,TapTap,https://www.taptap.cn/review/49402141
画面对我有点害怕,2026-06-30T20:50:22+08:00,taptap_review,moment:821123179119381208,5,TapTap,https://www.taptap.cn/review/49402994
非常好用，游戏非常有创意，打斗交友探险的元素集中在一起。,2026-06-30T20:50:34+08:00,taptap_review,moment:821123229463610695,5,TapTap,https://www.taptap.cn/review/49403000
大金真的多，炼出来了面具,2026-06-30T20:56:12+08:00,taptap_review,moment:821124648170160590,5,TapTap,https://www.taptap.cn/review/49403203
运营查差到离谱，验证码都无法发送，其他软件验证码都可以，就这个发送不了,2026-06-30T20:57:09+08:00,taptap_review,moment:821124887786557236,1,TapTap,https://www.taptap.cn/review/49403235
精彩刺激，可玩性很高，然后呢，真的爆率也很高，和朋友组队很好玩,2026-06-30T21:14:32+08:00,taptap_review,moment:821129262206550843,5,TapTap,https://www.taptap.cn/review/49403847
卖号退游了 我要懒得说了 四队挂真的有在管吗 你就继续圈吧,2026-06-30T21:19:19+08:00,taptap_review,moment:821130464302466139,1,TapTap,https://www.taptap.cn/review/49404009
画之高清游戏玩法多样,2026-06-30T21:25:51+08:00,taptap_review,moment:821132110931689879,5,TapTap,https://www.taptap.cn/review/49404243
画面不错精彩好玩的游戏，值得推荐。,2026-06-30T22:26:12+08:00,taptap_review,moment:821147296103140962,5,TapTap,https://www.taptap.cn/review/49406219
"抄自然吧😂😂😂😂你就继续抄继续圈 玩家号都被盗没了也不加强一下账号安全问题 我闺蜜氪条2000+的账号说被盗就被盗了找都找不回来 队友也是一群低龄XXS整天磕那个逍零到处ky游戏风气差成啥样了(逍零很难吃哦 没有说其他cp就好吃的意思) 挂哥还满天飞 还不是靠蹭别的游戏给蹭火的 就继续皮肤出起来圈钱圈起来 免费皮肤都不见得有好看的甚至都没几个 抽那些皮肤只送半抽又是咋回事啊 强制消费吗？
bug满天飞 队友又低龄又魔怔 还有自己的账号一点都不安全 还没有自己的原创玩法 😂😂拼好游很能活哦居然能活那么久[表情_期待][表情_期待]依旧拿大学生当挡箭牌 依旧立最听劝官方人设 依旧到处碰瓷其他游戏
可是宝宝逍零就是好好磕呀😍 逍遥❤️张起灵 逍零好糖(os甜不会写)逍零④了其他角色也美火着 官方更是18码了",2026-06-30T22:52:17+08:00,taptap_review,moment:821153863049415702,1,TapTap,https://www.taptap.cn/review/49407163
刚开始不知道怎么玩，后来熟悉后，觉得挺好玩的。,2026-06-30T22:56:39+08:00,taptap_review,moment:821154961256612432,5,TapTap,https://www.taptap.cn/review/49407303
超自然题材很新颖，玩法丰富不单调，强烈推荐！,2026-06-30T23:11:03+08:00,taptap_review,moment:821158586318062506,5,TapTap,https://www.taptap.cn/review/49407808
还行吧，与普通搜打撤玩法不一样,2026-06-30T23:17:53+08:00,taptap_review,moment:821160303516452039,5,TapTap,https://www.taptap.cn/review/49408022
超自然太上头！中式恐怖氛围感拉满，和朋友组队探墓又刺激又搞笑，搜打撤玩法百玩不腻，强烈推荐！,2026-06-30T23:25:30+08:00,taptap_review,moment:821162222175653352,5,TapTap,https://www.taptap.cn/review/49408257
拉完了，缝合游戏咋活下来的。。,2026-07-01T00:01:17+08:00,taptap_review,moment:821171224552933785,1,TapTap,https://www.taptap.cn/review/49409350
卡的要死天天被g追,2026-07-01T00:30:34+08:00,taptap_review,moment:821178596176431838,1,TapTap,https://www.taptap.cn/review/49410232
单刷古蜀普通墓室挨个开箱忙活半天，宝箱大件出货概率偏低，翻完整片区域只凑出杯子、玉镯这类普通小件，攒下来的收益达不到本局撤离需要的上交额度，就算备好传送道具，依旧没法达标顺利离场，只能被迫动身前往室外去拿龙珠补收益。踏出墓室后很容易撞上厄狼，怪物听觉判定十分苛刻，挖龙珠产生的声响极易吸引狼群锁定自身，加上地图怪物刷新完全看随机概率，先前清理干净的墓室路段返程途中还会重新刷出无声兵马俑进行拐角突脸偷袭，全程没法安心赶路避险。我能明显感受到安稳在墓穴内部谨慎探宝付出的心血得不到稳妥的保底回馈，靠室内正常搜刮拿不到足够收益，等于被硬性驱使踏入高危区域承担翻车亏损物资的风险，难免会生出被策划刻意设置套路逼迫冒险的观感。单人对局没有针对单刷做难度适配，普通难度照搬了高阶档位偏高的怪物刷新密度与偷袭机制，组队游玩还要提防队友偷取搜集好的物资，各类负面体验层层堆叠。日常对局里怪物刷新毫无稳定规律，有时全程路况平稳可以安稳撤离，有时临近撤离节点大批怪物扎堆堵在通路，对局走向大半靠运气决定，个人的路线规划、走位操作很难对冲掉随机机制带来的崩盘隐患。官方长期忽视单刷玩家集中反馈的各类游玩弊病，持续上新各类付费外观内容，没有针对性优化怪物预警音效、单人专属难度数值、宝箱基础爆率、撤离收益门槛这些基础游玩内容，休闲探宝本该具备的松弛感彻底消失，长时间游玩只会积攒紧绷焦虑的负面情绪，很容易消磨继续游玩下去的兴致，以下图片是摸金证据，不推荐新手玩,2026-07-01T02:04:03+08:00,taptap_review,moment:821202120597307445,1,TapTap,https://www.taptap.cn/review/49412167
挺好玩儿的但是氪金一点都不划算人家王者我发现他的皮肤是最实惠的做的不仅好而且还挺便宜而这个超自然一款金皮保底就要521加上粉皮和红皮贵的不行建议大家别氪那么多,2026-07-01T02:13:53+08:00,taptap_review,moment:821204595790318947,4,TapTap,https://www.taptap.cn/review/49412311
非常好玩的一款摸金游戏，紧张又刺激,2026-07-01T02:40:57+08:00,taptap_review,moment:821211406505345854,5,TapTap,https://www.taptap.cn/review/49412622
对新手环境不好,2026-07-01T02:46:54+08:00,taptap_review,moment:821212904266138484,1,TapTap,https://www.taptap.cn/review/49412694
非常适合休闲时间玩乐的游戏！各种玩法层出不穷，趣味性很足！,2026-07-01T03:01:36+08:00,taptap_review,moment:821216605928165335,5,TapTap,https://www.taptap.cn/review/49412829
这游戏很不错，没电脑的时候就在手机上玩，这就是手游版的致命公司，爱了爱了,2026-07-01T05:56:25+08:00,taptap_review,moment:821260599781493820,5,TapTap,https://www.taptap.cn/review/49413743
游戏沉浸感拉满了。UI设计带着一种复古的档案室质感，每一次点击都像是在翻阅绝密卷宗。剧情推进非常有逻辑，不是那种无脑吓人的jump scare，而是通过环境音效、线索拼接和NPC对话一点点把悬疑感推向高潮。玩的时候手心都在出汗！强烈推荐给喜欢中式民俗悬疑和硬核解谜的玩家,2026-07-01T06:37:20+08:00,taptap_review,moment:821270897108189638,5,TapTap,https://www.taptap.cn/review/49413900
一款非常不错的游戏，画面清晰不卡顿。超解压,2026-07-01T06:38:20+08:00,taptap_review,moment:821271148862900227,5,TapTap,https://www.taptap.cn/review/49413905
场景取材废弃祠堂、荒村古宅、地下石窟，鬼怪设计贴合民间传说：鬼新娘、提线木偶、太岁、狐妖等，摒弃西式血腥，依靠低语、机关异响、昏暗烛光烘托压抑感，不靠突然惊吓制造恐惧，留白式灵异细节后劲很足。,2026-07-01T06:55:55+08:00,taptap_review,moment:821275571211208909,5,TapTap,https://www.taptap.cn/review/49414017
出色的视听与氛围营造：游戏精准拿捏了休闲玩家与恐怖爱好者的需求。中式灵异氛围拉满，废弃医院、古老遗迹等地图的场景布置、怪物音效（如低语声、温度骤降）极具代入感。对于胆子较小的玩家，游戏还贴心地提供了“宝宝模式”以降低恐怖感。,2026-07-01T07:30:35+08:00,taptap_review,moment:821284295027982821,5,TapTap,https://www.taptap.cn/review/49414244
"多人组队欢乐恐怖游戏,一个人玩是恐怖游戏,一群人玩是搞笑狂欢!与好友组建冒险小队,前往千年古迹,对抗危险怪物",2026-07-01T07:36:26+08:00,taptap_review,moment:821285767069305986,5,TapTap,https://www.taptap.cn/review/49414300
不要打4队,2026-07-01T08:20:48+08:00,taptap_review,moment:821296933527096041,4,TapTap,https://www.taptap.cn/review/49414700
第一次接触这款游戏，可玩性高，游戏沉浸感拉满，非常好玩，推荐给大家,2026-07-01T08:27:57+08:00,taptap_review,moment:821298732753489876,5,TapTap,https://www.taptap.cn/review/49414778
"原本刚开始玩的时候感觉特别好,但是不知道怎么回事老实卡通掉帧进不去,我也查过,不是自己网的问题",2026-07-01T08:30:40+08:00,taptap_review,moment:821299418413139838,2,TapTap,https://www.taptap.cn/review/49414813
现在爆率都这么高了吗[表情_开心],2026-07-01T08:31:15+08:00,taptap_review,moment:821299565654180971,5,TapTap,https://www.taptap.cn/review/49414820
"前期啥也不懂的时候是真的好玩，现在单队有了小抄，朋友一直让我当莉莉没啥可玩性。
四队，我没玩多少，因为之前我还没看到人就没了，现在偶尔玩一次
我现在都是上线种种地钓钓鱼✔️它在我萌新的时候真的带来了更多欢乐",2026-07-01T08:45:04+08:00,taptap_review,moment:821303040744099223,4,TapTap,https://www.taptap.cn/review/49414991
好玩，角色的表情与游戏的内容相衬，非常好玩，各种意外让人意外，增加了可玩性与开放性,2026-07-01T09:13:24+08:00,taptap_review,moment:821310172432435522,5,TapTap,https://www.taptap.cn/review/49415399
虽然有时候会卡，但我发现是我自己家的网卡，然后画质特别的清晰，音乐呢，我感觉挺适合的，非常好玩,2026-07-01T09:28:07+08:00,taptap_review,moment:821313876514573607,5,TapTap,https://www.taptap.cn/review/49415632
"纯拉完了 玩法单一且无聊 全是氪金入口 一个皮肤保底521咋不去抢
也就刚开服策划听劝罢了
要不是古墓类型的游戏当时没有
这游戏根本火不起来",2026-07-01T09:55:57+08:00,taptap_review,moment:821320877579701766,2,TapTap,https://www.taptap.cn/review/49416144
基本所有抽奖都给的是半抽而且爆率很低，一把基本没几个棺，要是有都是紫的,2026-07-01T10:45:34+08:00,taptap_review,moment:821333366165996058,1,TapTap,https://www.taptap.cn/review/49417124
感觉挺不错的，画质流畅，玩法新颖,2026-07-01T10:48:00+08:00,taptap_review,moment:821333979528431272,5,TapTap,https://www.taptap.cn/review/49417166
啥破玩意，之前就说这个弩特别恶心，现在改了比之前还恶心，我玩昆仑，两面全是弩，根本没地方躲，中间有个冰块，我都站在那顶上了一边没锁到我，那另一边就不应该再锁了，结果另一边锁完，刚开始的也开始锁，本来就重再加上就剩6格血，还没多少时间，根本跑不动好吧，还在中间没有躲的，别说什么甩鞭子了，刚蓄力就被打断，根本跑不出去，恶心死了,2026-07-01T10:52:49+08:00,taptap_review,moment:821335189081821063,1,TapTap,https://www.taptap.cn/review/49417257
超级好玩，害怕的可以开宝宝模式哦，超好玩,2026-07-01T11:52:25+08:00,taptap_review,moment:821350188877614272,5,TapTap,https://www.taptap.cn/review/49418562
应用不错很好，内容丰富，回应及时，值得推荐。,2026-07-01T12:23:04+08:00,taptap_review,moment:821357903402240810,5,TapTap,https://www.taptap.cn/review/49419229
我真的求你了超自然，你做红绿分流你就好好做啊，我昨天上午还是白号，下午就变黑号了，打四队把把高参挂洗号也洗不掉，你啥意思，去找你们客服人机只会回复一句话，转人工排了一小时还没排到我，你啥子意思,2026-07-01T12:37:27+08:00,taptap_review,moment:821361522662968363,1,TapTap,https://www.taptap.cn/review/49419564
游戏性还不错就是游戏福利方面一言难尽啊,2026-07-01T13:15:48+08:00,taptap_review,moment:821371171835479467,3,TapTap,https://www.taptap.cn/review/49420466
这啥玩意儿？,2026-07-01T13:16:29+08:00,taptap_review,moment:821371345366417716,4,TapTap,https://www.taptap.cn/review/49420484
爆率真的很高🤑🤑🤑,2026-07-01T13:25:53+08:00,taptap_review,moment:821373709603309117,4,TapTap,https://www.taptap.cn/review/49420713
唯一喜欢的一个摸金类游戏，摸到大金了也会很开心虽然也有让我生气的事但是真的挺好玩的😁玩法啥的都挺符合我心意的,2026-07-01T13:35:58+08:00,taptap_review,moment:821376248210001610,5,TapTap,https://www.taptap.cn/review/49420956
可以提高报侓,2026-07-01T13:42:41+08:00,taptap_review,moment:821377940695549143,3,TapTap,https://www.taptap.cn/review/49421116
我的大剑怎么没了？,2026-07-01T14:05:21+08:00,taptap_review,moment:821383643124465720,5,TapTap,https://www.taptap.cn/review/49421616
没什么，非常值得推荐,2026-07-01T14:19:10+08:00,taptap_review,moment:821387119334262245,5,TapTap,https://www.taptap.cn/review/49421932
🎮可玩性：有挑战性,2026-07-01T14:36:34+08:00,taptap_review,moment:821391498024060747,5,TapTap,https://www.taptap.cn/review/49422272
我去了，那个跟骗子酒馆一个模式的针对我，别人开两枪没死，我开一枪就死了，何意味？,2026-07-01T15:09:24+08:00,taptap_review,moment:821399760706472187,1,TapTap,https://www.taptap.cn/review/49422963
找回账号困难,2026-07-01T15:19:06+08:00,taptap_review,moment:821402204723217180,1,TapTap,https://www.taptap.cn/review/49423213
这波赚大了,2026-07-01T15:41:26+08:00,taptap_review,moment:821407824474016693,5,TapTap,https://www.taptap.cn/review/49423653
玩多了真的很枯燥😥没什么人和我玩，我就这么孤零零的QAQ,2026-07-01T16:09:36+08:00,taptap_review,moment:821414909668492414,4,TapTap,https://www.taptap.cn/review/49424267
在去年的时候我看到这款手游新鲜感是特别大的，当时以前入坑了第5人格玩了一段超自然之后觉得很有新鲜感，现在好像没有什么游戏可玩了，新鲜感都特别低，一直在圈钱，一天要出几百个皮肤，我的钱包已经空空如也了四队风气更是不用我说背刺狗反正很多挂也很多官方也不管就任着挂在四队横扫千军打完之后背刺狗还要来加你好友骂你没实力，这种风气苦逼的不行，这个评分我只能给到一个最美的评分,2026-07-01T16:23:58+08:00,taptap_review,moment:821418526521689906,1,TapTap,https://www.taptap.cn/review/49424561
PVP四队挂哥多，不推荐，摸金其他图不推荐推荐龙宫因为爆率高，玩家神人多但是还是有些值得我留着的人的,2026-07-01T16:40:17+08:00,taptap_review,moment:821422631617037100,5,TapTap,https://www.taptap.cn/review/49424870
和朋友一起玩体验最好,2026-07-01T16:50:06+08:00,taptap_review,moment:821425102372473820,5,TapTap,https://www.taptap.cn/review/49425046
可玩性还可以，但是能不能整治一下挂哥啊，这让我们这些绿玩怎么办,2026-07-01T17:15:14+08:00,taptap_review,moment:821431430474107489,3,TapTap,https://www.taptap.cn/review/49425543
不好玩为什么我的爆率这么低，我还氪金了🐴的，外挂贼多,2026-07-01T17:22:09+08:00,taptap_review,moment:821433168723707181,1,TapTap,https://www.taptap.cn/review/49425688
"我觉得很好
，希望爆率高点",2026-07-01T17:37:15+08:00,taptap_review,moment:821436971200024369,5,TapTap,https://www.taptap.cn/review/49425963
一次换平板号真接丢了[表情_生气],2026-07-01T18:00:56+08:00,taptap_review,moment:821442927686322063,1,TapTap,https://www.taptap.cn/review/49426439
挂满天飞，官方不大作为，三天两头圈钱，角色技能分配不均匀，有的角色过于超标，武器也很超标，根本打不动，摸金怪太多，没走两步直接死了,2026-07-01T18:03:23+08:00,taptap_review,moment:821443545767347636,1,TapTap,https://www.taptap.cn/review/49426487
老傻子游戏，光圈钱捐几个饮水机，以为自己特别牛，外挂是不管的，圈钱是一定要圈的，拉踩也是要拉踩的，建模也是橡皮泥，圈起来!扭起来，摇起来!,2026-07-01T18:03:59+08:00,taptap_review,moment:821443696095399793,1,TapTap,https://www.taptap.cn/review/49426508
玩法比较单一，,2026-07-01T18:06:21+08:00,taptap_review,moment:821444291371992002,2,TapTap,https://www.taptap.cn/review/49426553
抄都不会抄一堆bug，妈的一玩这游戏就卡5G网不会做游戏找楼跳了吧，还有某些玩家也是一群魔怔[表情_微笑],2026-07-01T18:27:25+08:00,taptap_review,moment:821449593047748407,1,TapTap,https://www.taptap.cn/review/49426962
超自然特别的好玩，怎么说呢，有时候出了大金，他直接给你红网，然后一群怪物过来打你，你就撤不了了⸝⸝ ᷇࿀ ᷆⸝⸝气得你面红耳赤，心跳加速，立马开了下一局,2026-07-01T18:51:52+08:00,taptap_review,moment:821455747916236587,5,TapTap,https://www.taptap.cn/review/49427421
挺好玩的，我已经玩了2652XIAOSHI,2026-07-01T19:05:24+08:00,taptap_review,moment:821459151434547403,5,TapTap,https://www.taptap.cn/review/49427645
太好玩儿了，既可摸金，又可聊天现在最爱玩儿四对了,2026-07-01T19:16:00+08:00,taptap_review,moment:821461820895136665,5,TapTap,https://www.taptap.cn/review/49427810
出货概率很高,2026-07-01T19:49:13+08:00,taptap_review,moment:821470181007036396,5,TapTap,https://www.taptap.cn/review/49428430
爆率高,2026-07-01T20:07:52+08:00,taptap_review,moment:821474872277337740,5,TapTap,https://www.taptap.cn/review/49428770
游戏账号被盗换绑你们不管？,2026-07-01T20:16:35+08:00,taptap_review,moment:821477067789962506,1,TapTap,https://www.taptap.cn/review/49428929
"我有一个想法：
玩4队的时候绿玩经常匹配到挂，那不如在玩四队的时候，直接把挂跟挂匹配一起，绿完跟绿玩匹配在一起，这样一切问题就解决了😍😍😍",2026-07-01T20:18:49+08:00,taptap_review,moment:821477629856056037,3,TapTap,https://www.taptap.cn/review/49428968
爆率再高一些,2026-07-01T20:19:51+08:00,taptap_review,moment:821477888292291888,1,TapTap,https://www.taptap.cn/review/49428994
就是摸到了大剑，没人给我，而且我自己也有点不敢玩，有时会死,2026-07-01T20:44:51+08:00,taptap_review,moment:821484182097101675,5,TapTap,https://www.taptap.cn/review/49429420
还可以，就是官方救你了我刚下水结果出去后4个，木偶还有一个假人，求摸金爆率很高好吧，我都玩完久了，爆率很低,2026-07-01T21:10:45+08:00,taptap_review,moment:821490699420566342,4,TapTap,https://www.taptap.cn/review/49429928
狗屎垃圾拼好游！以下是超自然抄袭过的游戏：致命公司、第五人格、小小梦魇、暗区突围、恐鬼症、纸嫁衣、原神、王者荣耀、永劫无间、光遇、恋与深空、烟云十六声、逆水寒等等 超自然小腿毛看到你们那个橡皮泥人笑了没？,2026-07-01T21:26:59+08:00,taptap_review,moment:821494781644374681,1,TapTap,https://www.taptap.cn/review/49430258
就是有些卡运气特别好,2026-07-01T21:37:57+08:00,taptap_review,moment:821497542524013943,4,TapTap,https://www.taptap.cn/review/49430479
傻逼超自然，你敢不敢看看你的服务器，骁龙八玩的都卡，牛逼，你做什么都能成功的,2026-07-01T21:41:27+08:00,taptap_review,moment:821498424057662653,1,TapTap,https://www.taptap.cn/review/49430531
有的时候亮度太低了，根本看不清，然后有的时候开麦了，但是队友听不清，还有的时候不能邀请队友，就有一些bug建议可以改一下，更重要的就是有的时候根本听不清队友开麦,2026-07-01T21:47:43+08:00,taptap_review,moment:821500000642009944,4,TapTap,https://www.taptap.cn/review/49430653
感觉这游戏对角色的背景和故事都很详细，描述很好,2026-07-01T21:59:34+08:00,taptap_review,moment:821502984172077830,5,TapTap,https://www.taptap.cn/review/49430884
有时候真挺卡的，不过玩的还好😋,2026-07-01T22:00:13+08:00,taptap_review,moment:821503145694725663,3,TapTap,https://www.taptap.cn/review/49430896
做游戏给我做好了呀，皮肤弄到花里胡哨光污染，内容可玩性全无,2026-07-01T22:37:49+08:00,taptap_review,moment:821512607537041154,1,TapTap,https://www.taptap.cn/review/49431613
挺好的，遇到很友善的队友,2026-07-01T22:40:15+08:00,taptap_review,moment:821513220408741812,5,TapTap,https://www.taptap.cn/review/49431653
花钱消费体验感极差,2026-07-01T22:50:31+08:00,taptap_review,moment:821515803504414120,1,TapTap,https://www.taptap.cn/review/49431855
可玩性较高 可以和朋友一起玩 地图多 福利多（但铲铲币用的太快了 以后不打四队了）,2026-07-01T22:56:36+08:00,taptap_review,moment:821517335142600412,5,TapTap,https://www.taptap.cn/review/49431968
呵呵手法,2026-07-01T22:59:20+08:00,taptap_review,moment:821518026074492504,4,TapTap,https://www.taptap.cn/review/49432021
挂哥滚飞天滚跑刀滚都滚我一个都打不过😭😭😭,2026-07-01T23:06:57+08:00,taptap_review,moment:821519941634099071,3,TapTap,https://www.taptap.cn/review/49432157
缝合,2026-07-01T23:13:33+08:00,taptap_review,moment:821521600431000827,1,TapTap,https://www.taptap.cn/review/49432294
大金爆率高，超喜欢这个游戏,2026-07-01T23:46:20+08:00,taptap_review,moment:821529852963192888,5,TapTap,https://www.taptap.cn/review/49432888
四队全死挂，说好抵制外挂，结果外挂的代码比这个游戏还高,2026-07-02T00:07:07+08:00,taptap_review,moment:821535080961805945,3,TapTap,https://www.taptap.cn/review/49433195
挂多的要死 获得大黑号的高 白号的我反正没见过 抽皮肤的机制依旧圈钱 基本上都是大保底,2026-07-02T00:09:42+08:00,taptap_review,moment:821535732450461823,1,TapTap,https://www.taptap.cn/review/49433230
建议多多查封挂，然后就是不要那么卡了还是可以的,2026-07-02T00:10:47+08:00,taptap_review,moment:821536005688397603,4,TapTap,https://www.taptap.cn/review/49433248
爆率低死了，不是说龙宫爆率很高吗？为什么我开出的全是镜子和金尊？官方你出来说一说，不是说好鬼吹灯联动地图在凌晨开放吗，为什么等了都好久了还没有？就超自然特别拉好吧，[表情_喷][表情_喷][表情_喷][表情_嫌弃]全是破烂，只有充钱才给好东西，这游戏我直接拉爆了好吧。,2026-07-02T00:20:42+08:00,taptap_review,moment:821538502268159436,1,TapTap,https://www.taptap.cn/review/49433378
你那个多队挂依旧多绿玩没坐挂车没开挂你给我们匹配挂🐷🐷🐷,2026-07-02T00:22:36+08:00,taptap_review,moment:821538977004652343,3,TapTap,https://www.taptap.cn/review/49433405
谢谢超自然赠予我的大剑,2026-07-02T00:45:36+08:00,taptap_review,moment:821544768168264002,1,TapTap,https://www.taptap.cn/review/49433768
农场现在的房主是怎么回事，能不能改回去，还有那个破鱼怎么进度条回的那么快，都钓不上来，队友恶意拿别人装备还不带回来，举报呢，老子用的流量总被卡住能不能行了,2026-07-02T03:21:49+08:00,taptap_review,moment:821584079311865756,2,TapTap,https://www.taptap.cn/review/49435030
不出纯求估 累充2800,2026-07-02T03:59:54+08:00,taptap_review,moment:821593662591861305,5,TapTap,https://www.taptap.cn/review/49435178
爆率太低了,2026-07-02T04:51:47+08:00,taptap_review,moment:821606721083410496,3,TapTap,https://www.taptap.cn/review/49435338
云南虫谷上线了前一天大金翻倍哦,2026-07-02T05:40:03+08:00,taptap_review,moment:821618866986682768,5,TapTap,https://www.taptap.cn/review/49435458
"我真无语了 昨天一天没玩 就晚上玩了跟我朋友玩一晚上全是挂你给我解释一下  咱俩号重来没有这么黑过
我真服了",2026-07-02T06:28:57+08:00,taptap_review,moment:821631174387433968,3,TapTap,https://www.taptap.cn/review/49435591
不爱玩大型手游的我一下爱上了，摸金这个赛道简直戳中我，画风也很好看，音效也可以，希望再快快多出点地图，多出新的大金和玩法，总之我很喜欢,2026-07-02T07:21:50+08:00,taptap_review,moment:821644481613792889,5,TapTap,https://www.taptap.cn/review/49435818
说实话我都不想玩了，盗号毁号一大堆，挂也是不管管，漏洞太多了，而且皮肤出的越来越贵，还不如直售皮，若你停下脚步，先搞定系统漏洞那总比出皮肤好多了，我一开始玩的时候是觉得着游戏玩法好新宜，以前的爆率也很高，但现在呢？一出新地图就降老地图爆率，生怕我们赚多了钱不想玩了，还有皮肤，皮肤有一些不是自己画的，是用AI，不是自己想的，是抄的，这我就很反对！我是玩原神的，原神米哈游设计角色是找一些元素，比如欧洲的法国的等等传统元素，你就是直接照着一个角色改，衣服也没有版权，舞蹈音乐也是，你从这下方面改总比天天被骂好,2026-07-02T07:25:34+08:00,taptap_review,moment:821645422043859670,1,TapTap,https://www.taptap.cn/review/49435839
有时爆率低,2026-07-02T08:36:34+08:00,taptap_review,moment:821663288889707149,4,TapTap,https://www.taptap.cn/review/49436347
终于出了,2026-07-02T08:38:18+08:00,taptap_review,moment:821663726477247118,4,TapTap,https://www.taptap.cn/review/49436360
为什么今天点进去  游戏正在启动中…0.,2026-07-02T08:45:16+08:00,taptap_review,moment:821665481109800980,1,TapTap,https://www.taptap.cn/review/49436420
"我是偶然下载了这个游戏的，一开始觉得这个游戏的画风不好看，不过还是有在打，我从0打到传说300星以上才学会看古城小抄，从我萌新到现在没有一个人带过我，所以我一直在帮助别人，第一个图里的兔子，虽然我们认识时间不长，但我还是把3把大剑和1个圣杯给了他，因为我知道他才刚玩，如果想要的话可能要打好久
我从昆仑上线的时候就爱上了四队，我喜欢打飞天，在哪时没有挂，我甚至看到了8个飞天但全是幼飞，枪是打不中的，天上跟放鞭炮一样，我还记得那时候是我突破幼飞的阶段，我带着兔子杀了7个飞天，最后被家里有爱丽丝的飞天偷袭了，但我老开心了。到了刚开始有挂的时候我已经是青飞了，但每次都想要打架时，挂哥就已经把我打炸了，我没有放弃，不断的练，但根本没有用，开局就被挂哥当路边一条踹了，前前后后花了将近几个亿，身边经常一起玩的朋友都开始转红了，他们都在劝我，但我宁愿永远输，永远抬不起头来，我也不会开挂，游戏还开挂，那它本身的娱乐性还算什么?
我感觉现在的手法伞太无脑了吧，特别是玩4临云车队的",2026-07-02T09:10:14+08:00,taptap_review,moment:821671762663050023,5,TapTap,https://www.taptap.cn/review/49436669
可以的，超自然[表情_微笑]一局不是龙爪花，就是龙头，身上都有千斤重了，直接化身千金小姐好吧[表情_期待]如今现在得去已经1900多万了，我会继续努力到达1亿的[表情_流口水],2026-07-02T09:35:38+08:00,taptap_review,moment:821678153515665380,5,TapTap,https://www.taptap.cn/review/49436957
稍微恐怖的摸金游戏。,2026-07-02T09:44:52+08:00,taptap_review,moment:821680476962947246,4,TapTap,https://www.taptap.cn/review/49437058
好玩，而且出金率特别高，我玩新手地图都出了一个龙舟,2026-07-02T09:56:37+08:00,taptap_review,moment:821683435767596936,5,TapTap,https://www.taptap.cn/review/49437191
最近不怎么打了，终于出了。,2026-07-02T10:02:38+08:00,taptap_review,moment:821684950599207287,5,TapTap,https://www.taptap.cn/review/49437260
展示 超自然整体不错 但是唯一的缺点就是太⭕了 而且现在小孩因为没皮肤有歧视的也很多 很容易被骗子骗走啊 歧视现在一些不是小孩的初中或者高中生也会被骗号 所以说大家还是自己充钱💰吧 不要想着贪便宜,2026-07-02T10:19:57+08:00,taptap_review,moment:821689308686584901,4,TapTap,https://www.taptap.cn/review/49437480
第3~4关出金[表情_送花]这运气，昨天第1关就出了一个大金可惜了没带出来[表情_叹气],2026-07-02T10:35:57+08:00,taptap_review,moment:821693332290798764,5,TapTap,https://www.taptap.cn/review/49437731
感觉爆率很高，没有什么不好的地方,2026-07-02T10:36:17+08:00,taptap_review,moment:821693419142253691,5,TapTap,https://www.taptap.cn/review/49437741
服务器还有大金，多给一点,2026-07-02T10:50:59+08:00,taptap_review,moment:821697115674640990,5,TapTap,https://www.taptap.cn/review/49437971
游戏卸载了，一个月没玩，又下回来，买的账号找不到了，申诉也没有用，找不到,2026-07-02T10:59:16+08:00,taptap_review,moment:821699201724321283,1,TapTap,https://www.taptap.cn/review/49438097
这款游戏真的特别好玩。真的比我预想的还要好玩。这款游戏是朋友推荐的，不过这款游戏还是比较难下载的。我下载了快一小时多了。因为我下载的时候要预约嘛，所以我等了好几个星期还是没有好，最后我问了问豆包豆包给我解决的,2026-07-02T11:12:27+08:00,taptap_review,moment:821702519888547201,5,TapTap,https://www.taptap.cn/review/49438303
挺好玩的，新出的角色无心也挺帅的。但是超自然你能不能诚信一点，昨天晚上说好，云南虫古7月2日上线，可是呢，又变成7月3号，不是，你啥意思。害得我熬夜，等新地图。还有那个双人主页，也说好是7月2日，可是呢，上了吗？新地图没上就算了，连双人主页动作都没上，我真是服了，害我白高兴一场。气死我了😭😭,2026-07-02T11:21:56+08:00,taptap_review,moment:821704906149728175,3,TapTap,https://www.taptap.cn/review/49438472
打个4队天天杀大熊和兵俑，每次都是回车里的时候，在路上一刷就刷两个联合狩猎呢？,2026-07-02T11:33:17+08:00,taptap_review,moment:821707762693046670,5,TapTap,https://www.taptap.cn/review/49438655
好玩，特别的推荐，我自己觉得大金挺多的,2026-07-02T11:38:39+08:00,taptap_review,moment:821709111736405958,5,TapTap,https://www.taptap.cn/review/49438732
四队求佛找不到武器打鱼正要绝望时捡到了大金。。。。。,2026-07-02T11:41:17+08:00,taptap_review,moment:821709775518568078,5,TapTap,https://www.taptap.cn/review/49438781
"很好玩，四对挂能不能少一点。。。
摸金的爆率能不能稍微提高一点。。。。
其他什么的都很好",2026-07-02T11:42:20+08:00,taptap_review,moment:821710040351116364,5,TapTap,https://www.taptap.cn/review/49438800
这个很好玩的，当然有大佬带更好玩。,2026-07-02T11:47:32+08:00,taptap_review,moment:821711347615007812,5,TapTap,https://www.taptap.cn/review/49438897
真的很好玩，中式恐怖的风格，还有那些冒险地图，真的很好玩。而且摸金符必须得放在外面，而且那些皮肤地图做的很细节，还有那些大金什么的[表情_开心],2026-07-02T11:58:02+08:00,taptap_review,moment:821713991460982509,5,TapTap,https://www.taptap.cn/review/49439077
时隔一年，我从另一个号上已经玩的很厉害了。我第一次玩超自然是24年12月，我看到喜欢的主播在玩也下了一个玩。后面也慢慢懂了怎么玩，但是没了以前的感觉,2026-07-02T12:22:49+08:00,taptap_review,moment:821720226226768832,4,TapTap,https://www.taptap.cn/review/49439479
有点卡，其他的没有了,2026-07-02T12:24:19+08:00,taptap_review,moment:821720606935354984,5,TapTap,https://www.taptap.cn/review/49439507
都准备自杀重开了 去财神试了一下口令…,2026-07-02T12:27:20+08:00,taptap_review,moment:821721362077843737,5,TapTap,https://www.taptap.cn/review/49439565
游戏不错，里面的人物也挺好看的，建议大家可以试试😊,2026-07-02T12:31:08+08:00,taptap_review,moment:821722318593066352,4,TapTap,https://www.taptap.cn/review/49439609
"✍🏻建议：
觉得可以多做几个免费的地图",2026-07-02T12:34:36+08:00,taptap_review,moment:821723193839454167,5,TapTap,https://www.taptap.cn/review/49439660
既恐怖又好玩，最适合和朋友一块摸金、抓怪什么的，用兰在蜀道入口练的还不错,2026-07-02T12:43:10+08:00,taptap_review,moment:821725349028039693,4,TapTap,https://www.taptap.cn/review/49439793
抽卡爆率低死了全是保底，摸金还可以一周两个圣杯，就是没神龙，啥时候来啊？,2026-07-02T12:54:32+08:00,taptap_review,moment:821728208033418599,4,TapTap,https://www.taptap.cn/review/49440014
这个游戏能摸到很多大金。很好玩儿。,2026-07-02T12:57:20+08:00,taptap_review,moment:821728912731016873,5,TapTap,https://www.taptap.cn/review/49440071
实话讲，就是一个全靠抄袭和AI的游戏，能火大概也是全靠一些根本不在意盗不盗版的玩家和主播,2026-07-02T12:59:49+08:00,taptap_review,moment:821729539460696531,1,TapTap,https://www.taptap.cn/review/49440125
整体挺好的，但是那个抽奖池里面的物品，能不能把对应的道具名显示在上面，不然根本不知道皮肤所对应的道具是什么，还得一个一个找，不也太麻烦了，求官方看看，改善一下，真的觉得很不方便[表情_泪目],2026-07-02T13:05:46+08:00,taptap_review,moment:821731035292110797,4,TapTap,https://www.taptap.cn/review/49440230
我求你了把电脑端开棺以后得在看着棺冷一会儿改了吧！开开以后鼠标还有一小段时间挪动不了？何意味啊？,2026-07-02T13:13:50+08:00,taptap_review,moment:821733067600170739,2,TapTap,https://www.taptap.cn/review/49440369
抄袭游戏,2026-07-02T13:17:56+08:00,taptap_review,moment:821734098920801050,1,TapTap,https://www.taptap.cn/review/49440440
爆率很高,2026-07-02T13:42:02+08:00,taptap_review,moment:821740161942424736,5,TapTap,https://www.taptap.cn/review/49440785
鬼新娘根本打不死，站在高处也打不死，还被抓掉了一包摸金符,2026-07-02T13:46:03+08:00,taptap_review,moment:821741172933263834,1,TapTap,https://www.taptap.cn/review/49440854
太好玩了，美女出大金,2026-07-02T14:06:54+08:00,taptap_review,moment:821746422440264266,5,TapTap,https://www.taptap.cn/review/49441202
挂满天飞,2026-07-02T14:11:59+08:00,taptap_review,moment:821747698708250828,1,TapTap,https://www.taptap.cn/review/49441275
很喜欢玩，就是能有一个一起玩的固玩会更好，摸金真的会上瘾,2026-07-02T14:29:03+08:00,taptap_review,moment:821751993394531878,5,TapTap,https://www.taptap.cn/review/49441555
外挂横行，一堆恶心的怪，刷新机制离谱的要死，生怕玩家体验好了，恶心死去,2026-07-02T14:36:50+08:00,taptap_review,moment:821753953564756577,1,TapTap,https://www.taptap.cn/review/49441691
越玩越想玩，感觉特别好玩。怪兽虽然有点可怕，但是开了宝宝模式就不可怕了。今天段位也是升到王牌了，特别开心。总之就是我感觉这个游戏特别好玩，特别推荐你们玩,2026-07-02T14:46:10+08:00,taptap_review,moment:821756303176106260,4,TapTap,https://www.taptap.cn/review/49441849
游戏垃圾的要死，挂满天飞也不管，爆率给我调的低的要死充了那么多钱也没福利，66％的撤离率全是摸的金额不够导致不能撤离，摸金节的时候爆率拉了一坨，五局两胜好笑吗,2026-07-02T14:53:23+08:00,taptap_review,moment:821758118923864136,1,TapTap,https://www.taptap.cn/review/49441981
我爆率实在太低了能不能给我提高一下求求了,2026-07-02T14:53:57+08:00,taptap_review,moment:821758262612331371,3,TapTap,https://www.taptap.cn/review/49441994
超自然我求你了，能不能给我出大剑和圣杯[表情_豹哭],2026-07-02T14:57:51+08:00,taptap_review,moment:821759242003285534,4,TapTap,https://www.taptap.cn/review/49442064
第三个大金了,2026-07-02T15:16:49+08:00,taptap_review,moment:821764014236240542,5,TapTap,https://www.taptap.cn/review/49442392
"3次了！！！！！！！！！！！！！！！！！！！！！！！！！！！！！！！！
还了我一个魔玉爽
还有
绝，区，零！还我命来！！！！！绝，区，零！还我命来！！！！！绝，区，零！还我命来！！！！！绝，区，零！还我命来！！！！！绝，区，零！还我命来！！！！！绝，区，零！还我命来！！！！！绝，区，零！还我命来！！！！！绝，区，零！还我命来！！！！！绝，区，零！还我命来！！！！！绝，区，零！还我命来！！！！！绝，区，零！还我命来！！！！！绝，区，零！还我命来！！！！！绝，区，零！还我命来！！！！！绝，区，零！还我命来！！！！！绝，区，零！还我命来！！！！！绝，区，零！还我命来！！！！！绝，区，零！还我命来！！！！！绝，区，零！还我命来！！！！！绝，区，零！还我命来！！！！！绝，区，零！还我命来！！！！！绝，区，零！还我命来！！！！！绝，区，零！还我命来！！！！！绝，区，零！还我命来！！！！！绝，区，零！还我命来！！！！！绝，区，零！还我命来！！！！！绝，区，零！还我命来！！！！！绝，区，零！还我命来！！！！！绝，区，零！还我命来！！！！！绝，区，零！还我命来！！！！！绝，区，零！还我命来！！！！！卑鄙哇去吧，瞬间就爱上雷神。哦哇去吧，一卡的还上雷神哦哇去吧，一克佛为蚝油我欧，我欧我哦～～～～卑鄙哇去吧，瞬间就爱上雷神。哦哇去吧，一卡的还上雷神哦哇去吧，一克佛为蚝油我欧，我欧我哦～～～～小鸡裹麻袋😡小鸡裹麻袋😡小鸡裹麻袋😡小鸡裹麻袋😡小鸡裹麻袋😡小鸡裹麻袋😡小鸡裹麻袋😡小鸡裹麻袋😡小鸡裹麻袋😡小鸡裹麻袋😡小鸡裹麻袋😡小鸡裹麻袋😡小鸡裹麻袋😡小鸡裹麻袋😡小鸡裹麻袋😡小鸡裹麻😡小鸡裹麻袋😡小鸡裹麻袋😡小鸡裹麻袋😡小鸡裹麻袋😡小鸡裹麻袋小鸡裹麻袋小鸡裹麻袋小鸡裹麻袋小鸡裹麻袋小鸡裹麻袋小鸡裹麻袋小鸡裹麻袋小鸡裹麻袋小鸡裹麻袋小鸡裹麻袋小鸡裹麻袋小鸡裹麻袋小鸡裹麻袋小鸡裹麻袋小鸡裹麻袋小鸡裹麻袋😡小鸡裹麻袋😡小鸡裹麻袋😡小鸡裹麻袋😡小鸡裹麻袋😡小鸡裹麻袋😡小鸡裹麻袋😡小鸡裹麻袋😡小鸡裹麻袋😡小鸡裹麻袋😡小鸡裹麻袋😡小鸡裹麻袋😡小鸡裹麻袋😡小鸡裹麻袋😡小鸡裹麻袋😡小鸡裹麻😡小鸡裹麻袋😡小鸡裹麻袋😡小鸡裹麻袋😡小鸡裹麻袋😡小鸡裹麻袋小鸡裹麻袋小鸡裹麻袋小鸡裹麻袋小鸡裹麻袋小鸡裹麻袋小鸡裹麻袋小鸡裹麻袋小鸡裹麻袋小鸡裹麻袋小鸡裹麻袋小鸡裹麻袋小鸡裹麻袋小鸡裹麻袋小鸡裹麻袋小鸡裹麻袋",2026-07-02T15:28:25+08:00,taptap_review,moment:821766933215971575,4,TapTap,https://www.taptap.cn/review/49442570
圈钱我圈圈，皮肤作的丑的要死，还没第五人格免费皮好看,2026-07-02T15:32:01+08:00,taptap_review,moment:821767842461387585,1,TapTap,https://www.taptap.cn/review/49442628
全是挂，,2026-07-02T15:34:49+08:00,taptap_review,moment:821768544499796047,1,TapTap,https://www.taptap.cn/review/49442678
总是闪屏，打着打着自动切后台去了，从来没有游戏这样过,2026-07-02T15:46:07+08:00,taptap_review,moment:821771389089350320,1,TapTap,https://www.taptap.cn/review/49442877
"🎮可玩性：好

🌃画面音乐：好",2026-07-02T16:05:30+08:00,taptap_review,moment:821776268683903332,4,TapTap,https://www.taptap.cn/review/49443178
"🎮可玩性：
有许多趣味的玩法，但是最好玩的还是四对，就是有点坑钱，但是清图那一刻真的很爽。但是那四个金冠总是开不出好东西。水晶之星出到现在，我基本天天打都没出。甚至连月光宝盒和12生肖的牌我都没有拿到。

🌃画面音乐：
像那种大金啊，幻梦啊，星耀啊，它的建模是非常非常好看的，就是有点小贵。
总之是款非常推荐的游戏。[表情_开心][表情_微笑]",2026-07-02T17:15:24+08:00,taptap_review,moment:821793858097515743,5,TapTap,https://www.taptap.cn/review/49444222
挺好玩的，有时候能很容易看到大金爆率还挺好的。,2026-07-02T17:30:46+08:00,taptap_review,moment:821797725300327244,5,TapTap,https://www.taptap.cn/review/49444478
困难路上随手就捡到了两千大金太好玩了,2026-07-02T17:31:15+08:00,taptap_review,moment:821797849283955552,4,TapTap,https://www.taptap.cn/review/49444484
可以呀！出大金了,2026-07-02T17:33:03+08:00,taptap_review,moment:821798299873839064,5,TapTap,https://www.taptap.cn/review/49444512
出圣杯了好吧🥰🥰,2026-07-02T17:42:30+08:00,taptap_review,moment:821800677834493486,5,TapTap,https://www.taptap.cn/review/49444674
这啥雷霆表情。。。能不能改改[表情_微笑],2026-07-02T17:47:20+08:00,taptap_review,moment:821801896229470260,4,TapTap,https://www.taptap.cn/review/49444744
有皮肤歧视,2026-07-02T17:50:41+08:00,taptap_review,moment:821802739758531121,1,TapTap,https://www.taptap.cn/review/49444803
新地图非常之好玩好吧,2026-07-02T17:52:42+08:00,taptap_review,moment:821803245079889868,5,TapTap,https://www.taptap.cn/review/49444828
运气太好了,2026-07-02T18:00:14+08:00,taptap_review,moment:821805140762690972,5,TapTap,https://www.taptap.cn/review/49444947
可以，出了人参果，给我点欧皇，我要出300万。,2026-07-02T18:01:21+08:00,taptap_review,moment:821805423924348478,5,TapTap,https://www.taptap.cn/review/49444960
以小博大,2026-07-02T18:08:00+08:00,taptap_review,moment:821807093651605854,5,TapTap,https://www.taptap.cn/review/49445055
爆率很高,2026-07-02T18:15:20+08:00,taptap_review,moment:821808942995737858,5,TapTap,https://www.taptap.cn/review/49445165
你冯飞了超自然😅全是漏洞😂不让更新何意味挂还多😂能不能干点有用的,2026-07-02T18:17:04+08:00,taptap_review,moment:821809376464473468,1,TapTap,https://www.taptap.cn/review/49445195
拉完了，bug堪比宇宙级的多，世界倒数第一bug少,2026-07-02T18:19:48+08:00,taptap_review,moment:821810066167433938,1,TapTap,https://www.taptap.cn/review/49445237
"🎮可玩性：
第一把就摸到了一个大剑",2026-07-02T18:20:56+08:00,taptap_review,moment:821810349584944778,5,TapTap,https://www.taptap.cn/review/49445262
我找大师算命大师说我只有一条命怎么办,2026-07-02T18:31:47+08:00,taptap_review,moment:821813081020565611,5,TapTap,https://www.taptap.cn/review/49445399
"闹麻了全是挂，红绿分流也没啥用，kd高一点人头多一点或者连胜比较多把自动匹配到挂，全是挂啊。还有今天出的那个双人主页，表情好奇怪。。
而且现在四队单四根本打不了，除非匹配到一堆啥子。角色技能，就是要么路边一点用都没有，要么就是超标的要死。匹配到四个福瑞龙四个阿念四个无心，手法传送手法扔符手法隐身手法伞手法长枪，伞撑起长枪转起王八当起好秀啊好秀啊！
还有那个伞削弱，也是给我看笑了呀，削了个蚊子腿🤣🤣继续好吧
还有风气真的很差。cp姐们继续吵起来。皮套最少的游戏，科技最少的游戏，最不爱圈钱的游戏，最不爱找有属性画师约稿的游戏，服务器最好的游戏，最不容易闪退的游戏，最不爱抄袭的游戏，串子最少的游戏，最不会掉帧的游戏，低龄小鬼最少的游戏，皮肤歧视最不严重的游戏。我服了。
我玩了一年多，我就问问零氪到底能有什么东西，别的游戏你充一千多装装高氪就算了吧，在超自然一千多算你零氪🤣🤣真的就是啥东西都要钱，那些过节福利你自己看看是啥，就比如过年的时候，我都要气笑了呀，都给的什么东西，好大方呀！还有。我们是过节了，不是发财了。每次过节必须狠狠捞一笔呀！盲猜在过段时间直接出双人主页动作池子或直售，然后直接68一个或者128一个呀。继续圈钱呀",2026-07-02T18:48:49+08:00,taptap_review,moment:821817368844962607,1,TapTap,https://www.taptap.cn/review/49445642
啥时候修pc端,2026-07-02T18:51:50+08:00,taptap_review,moment:821818126982188267,1,TapTap,https://www.taptap.cn/review/49445694
超级喜欢超自然的各种图，但是太难了,2026-07-02T19:25:07+08:00,taptap_review,moment:821826503594477901,5,TapTap,https://www.taptap.cn/review/49446220
垃圾游戏进不去,2026-07-02T19:25:44+08:00,taptap_review,moment:821826656644629389,1,TapTap,https://www.taptap.cn/review/49446230
挂太多其他还行,2026-07-02T19:29:28+08:00,taptap_review,moment:821827597645122379,4,TapTap,https://www.taptap.cn/review/49446285
虫谷还不错，专属怪都不会主动攻击人，不过戏偶有点吵，但其他的还好，关够多。出金率也还可以,2026-07-02T19:29:58+08:00,taptap_review,moment:821827725185517773,5,TapTap,https://www.taptap.cn/review/49446297
好玩，怪很少，金很多,2026-07-02T19:38:02+08:00,taptap_review,moment:821829755195098666,5,TapTap,https://www.taptap.cn/review/49446432
可玩性特别高。也很有意思。地图画质也非常好。,2026-07-02T19:50:24+08:00,taptap_review,moment:821832866441727241,5,TapTap,https://www.taptap.cn/review/49446613
不是，我这为什么下载不了？真服了，,2026-07-02T19:50:34+08:00,taptap_review,moment:821832907386522207,4,TapTap,https://www.taptap.cn/review/49446615
云南虫谷梦剧呢丢了,2026-07-02T19:54:45+08:00,taptap_review,moment:821833961889074730,5,TapTap,https://www.taptap.cn/review/49446668
Ok呀，也是唯一一个让我删了又在隔了不到1分钟之内下载的游戏，非常舍不得啊。只能说，各凭各愿吧。你不爱玩，我也没什么想说的，但是我爱玩。,2026-07-02T20:01:22+08:00,taptap_review,moment:821835626943876459,5,TapTap,https://www.taptap.cn/review/49446751
氪三百多出了两个金皮[表情_酷][表情_开心][表情_开心],2026-07-02T20:08:08+08:00,taptap_review,moment:821837327591540108,4,TapTap,https://www.taptap.cn/review/49446841
拉完了  叠甲 本人两个号  氪条均2000+ 25年6月左右入坑 你游媚红的实力还是太强了  开挂就要坐牢  那个封几个小时是什么意思呀  防沉迷来的吧   红绿分流也是拉完了  本人不坐挂车 不媚挂  前几天莫名其妙给我排一天挂,2026-07-02T20:14:12+08:00,taptap_review,moment:821838856893499029,2,TapTap,https://www.taptap.cn/review/49446923
还好，四队也挺好玩的,2026-07-02T20:25:33+08:00,taptap_review,moment:821841712035924046,4,TapTap,https://www.taptap.cn/review/49447108
✍🏻建议：将大金弄多一点,2026-07-02T20:27:53+08:00,taptap_review,moment:821842297929861354,5,TapTap,https://www.taptap.cn/review/49447129
很雷霆，社区素质堪比二战,2026-07-02T20:30:24+08:00,taptap_review,moment:821842932712605031,1,TapTap,https://www.taptap.cn/review/49447165
值得玩,2026-07-02T20:31:40+08:00,taptap_review,moment:821843249609049874,5,TapTap,https://www.taptap.cn/review/49447177
拉完了好吧充值见面越来越多根本没一开始好玩挂满天飞,2026-07-02T20:56:25+08:00,taptap_review,moment:821849478439896947,1,TapTap,https://www.taptap.cn/review/49447584
直接给我吃美了，朋友带我,2026-07-02T21:05:55+08:00,taptap_review,moment:821851868933130886,5,TapTap,https://www.taptap.cn/review/49447746
新出的虫谷爆率好低。每次都是输赶紧把虫谷爆率调高一点。,2026-07-02T21:12:42+08:00,taptap_review,moment:821853577063434844,3,TapTap,https://www.taptap.cn/review/49447860
我他妈真不行了，这新出的地图他妈死穷死穷，,2026-07-02T21:15:07+08:00,taptap_review,moment:821854187133337712,2,TapTap,https://www.taptap.cn/review/49447899
首先，我氪条4000+，其次，我 25 年 1 月入的坑，最后，今天连着出两个凤冠,2026-07-02T21:25:57+08:00,taptap_review,moment:821856910146798579,5,TapTap,https://www.taptap.cn/review/49448090
云南虫谷爆率高,2026-07-02T21:46:14+08:00,taptap_review,moment:821862015529127157,5,TapTap,https://www.taptap.cn/review/49448425
。为什么看别的主播有怒晴湘西，黄皮子坡，南海归墟我这上面只多了个云南虫谷。,2026-07-02T22:06:31+08:00,taptap_review,moment:821867119682520190,3,TapTap,https://www.taptap.cn/review/49448760
垃圾游戏 开服我就玩了 寻思下回来看一眼 号没了 手机号登进去啥也没有 垃圾游戏,2026-07-02T22:09:53+08:00,taptap_review,moment:821867966386670509,1,TapTap,https://www.taptap.cn/review/49448798
古城爆率比龙宫高  呃呃呃这个将军也是萌萌的好吧,2026-07-02T22:18:42+08:00,taptap_review,moment:821870186687628055,5,TapTap,https://www.taptap.cn/review/49448949
玩法新颖且有趣就是官方爆率能不能调一下[表情_泪目]这是我保底剑[表情_豹哭],2026-07-02T22:33:25+08:00,taptap_review,moment:821873890752987877,5,TapTap,https://www.taptap.cn/review/49449220
"那我怎么说呢 真像网上那个表情包，一边哭一边笑 不说别的，我打四对。打架从人堆里卡一下，进门卡一下，飞天卡一下，开关卡一下 啥意思
几百万把，终于出金",2026-07-02T22:51:20+08:00,taptap_review,moment:821878399772396351,3,TapTap,https://www.taptap.cn/review/49449531
"好玩
但是暴率和红🥣不好",2026-07-02T22:52:41+08:00,taptap_review,moment:821878738051402130,5,TapTap,https://www.taptap.cn/review/49449549
好玩，但是四队环境太差了，平均每3把左右就要遇到一把挂。但是如果在没有靠山的情况下，四队打破产了的话很难提起兴趣去玩摸金。就很容易出现退游的情况。,2026-07-02T22:54:10+08:00,taptap_review,moment:821879113366111888,4,TapTap,https://www.taptap.cn/review/49449569
哇，爆率高，但是要小心四队的外挂,2026-07-02T22:55:01+08:00,taptap_review,moment:821879325128134576,5,TapTap,https://www.taptap.cn/review/49449582
外挂是泛滥成灾的，钱是使劲圈的，皮肤是频繁出的。在圈啥呀？上线没多久就入坑了，一直玩到现在，我只能说没意思，到最后退游，抄袭是一堆人维护的，一堆人攀挂哥大腿，觉得开挂这种风气很好是吗?不充钱完全是因为抄袭。你说你抄就抄吧，抄那么狠，给乙游男主都抄上来打广告了，超自然，我在微信朋友圈看见你那个广告，两眼一黑，还被一堆低龄小鬼维护说没有抄袭。恶心。,2026-07-02T23:01:40+08:00,taptap_review,moment:821880997816566068,1,TapTap,https://www.taptap.cn/review/49449687
龙宫一直出尿壶和镜子差评🐷🐷🐷🐷🐷🙄🙄🙄🙄🙄,2026-07-02T23:13:21+08:00,taptap_review,moment:821883939365848623,1,TapTap,https://www.taptap.cn/review/49449872
吃相太难看了,2026-07-02T23:19:57+08:00,taptap_review,moment:821885600767412070,1,TapTap,https://www.taptap.cn/review/49450000
我天，新地图内场的两个人形怪有冰，臭蛇咬一口戏子攮一下摸金符全没了。最后被兵俑踹死了。禁止联合狩猎。破蛇跟有病似的突然就冒出来咬我一下。其他的还行，爆率也挺高,2026-07-02T23:21:50+08:00,taptap_review,moment:821886074962841300,3,TapTap,https://www.taptap.cn/review/49450040
爆率非常高,2026-07-02T23:24:58+08:00,taptap_review,moment:821886862414054660,5,TapTap,https://www.taptap.cn/review/49450090
不好玩，忘本的太多了，什么时候出个举报忘本的，官方给制裁一下啊，以后都不想带兔子了,2026-07-02T23:57:20+08:00,taptap_review,moment:821895010365472834,1,TapTap,https://www.taptap.cn/review/49450547
一开局就卡,2026-07-03T00:04:10+08:00,taptap_review,moment:821896729375803629,1,TapTap,https://www.taptap.cn/review/49450659
超好玩，快来和我一起玩吧,2026-07-03T00:22:52+08:00,taptap_review,moment:821901432243357383,5,TapTap,https://www.taptap.cn/review/49450891
挺好玩的，推荐找个搭子一起玩,2026-07-03T00:23:59+08:00,taptap_review,moment:821901715212078282,5,TapTap,https://www.taptap.cn/review/49450900
评价四五颗星的基本都是水军，差评的都是玩了有一定时间的,2026-07-03T00:26:10+08:00,taptap_review,moment:821902264309383292,1,TapTap,https://www.taptap.cn/review/49450936
圈钱 皮肤是一直出不间断的 质量上不值的 平衡做的稀烂 地图建模粗糙 bug一堆 卖腐卖cp 角色设计抄袭 皮肤道具抄袭  外挂横行 客服装死 体验稀烂 玩了一年多氪了8000多 直接卖号跑路 评价就是别玩，浪费时间，垃圾游戏😅,2026-07-03T00:29:41+08:00,taptap_review,moment:821903148930043496,1,TapTap,https://www.taptap.cn/review/49450975
好好优化一下还是很好玩的 外挂太多 新出的地图难度太高 到处都是怪物 游戏帧率和画质也可以在提升一下,2026-07-03T00:46:39+08:00,taptap_review,moment:821907419725563532,2,TapTap,https://www.taptap.cn/review/49451190
还可以这个新地图的爆率还行哈,2026-07-03T00:58:58+08:00,taptap_review,moment:821910517483308036,5,TapTap,https://www.taptap.cn/review/49451320
非常非常好玩，非常喜欢里面的角色，新地图也是非常有特色，强推！！！就是这个号有点黑,2026-07-03T01:01:57+08:00,taptap_review,moment:821911270797083959,5,TapTap,https://www.taptap.cn/review/49451357
C了，九尾一千三没出，全挂饰(导致就1500的代币)，超自然你老冯飞了，还要再充200才能出(全挂饰的情况下，对出高价值转换已经不报希望了),2026-07-03T01:13:45+08:00,taptap_review,moment:821914240704055958,1,TapTap,https://www.taptap.cn/review/49451485
太好玩了，云南虫谷几乎把把都有情,2026-07-03T01:29:49+08:00,taptap_review,moment:821918281140014963,5,TapTap,https://www.taptap.cn/review/49451629
"本人玩了几天得出的结果 个人评价有孝子护 跟我理念不一样也没必要较真
游戏内 拉 没见过那个游戏有着7.0的分值外挂一大堆
制作 拉中拉 到底又多少是自己的
画质 拉中拉中拉 朋友叫我玩我以为哪来的网页小游戏
玩法 拉 不就是看摸金热度高蹭热度的 没有拉中拉是因为摸金确实受欢迎
氪金  懒得评价了 一款小游戏骗钱力度堪比网易
游戏官方 厕所里最大的那一坨 游戏全靠抄 广告使劲放也就快手一个sb愿意 估计7.0水军不知道有多少 真有钱
希望taptal以后来个精准评价不然一星有点受到侮辱",2026-07-03T02:03:31+08:00,taptap_review,moment:821926763318741194,1,TapTap,https://www.taptap.cn/review/49451885
超自然，你对我很差！！！从S1到现在，只有一个圣杯大金，没有更贵的，[表情_生气][表情_生气][表情_生气][表情_生气]，纯坑我，我怀疑你的大金是限定的，只有几个！！！[表情_生气][表情_生气][表情_生气][表情_生气][表情_生气][表情_生气][表情_生气][表情_生气][表情_生气][表情_生气][表情_生气][表情_生气][表情_生气][表情_生气][表情_生气][表情_生气][表情_生气][表情_生气][表情_生气][表情_生气][表情_生气][表情_生气][表情_生气][表情_生气][表情_生气][表情_生气][表情_生气][表情_生气][表情_生气][表情_生气][表情_生气][表情_生气],2026-07-03T02:50:01+08:00,taptap_review,moment:821938463451384274,1,TapTap,https://www.taptap.cn/review/49452204
云南虫谷恶心死我了，干脆别叫恐怖游戏了，叫恶心游戏，猜拳期间没有免疫就算了，双人解封棺站在太极里面让怪打，弓弩射程远的离谱，蛇妖追着人打，甩都甩不掉，你自己不会玩吗，还有猜拳期间被蝙蝠咬了，装备直接被吞了，一个都找不着，玩了一晚上死了一晚上 ，想删游戏的心都有了,2026-07-03T03:38:28+08:00,taptap_review,moment:821950659640165792,2,TapTap,https://www.taptap.cn/review/49452421
"四队挂是漫天飞的 地图也是越做越差 爆率感人
新出双人主页动作还要有主页才能解锁 那零氪或微氪呢 而且免费动作还存在问题 动作僵硬 裙子部分还凹进去了",2026-07-03T03:46:38+08:00,taptap_review,moment:821952714723296833,2,TapTap,https://www.taptap.cn/review/49452449
能不能管管机制管管爆率管管开挂让我们正常玩的咋活少挖心思圈钱吧,2026-07-03T04:55:24+08:00,taptap_review,moment:821970019557574202,1,TapTap,https://www.taptap.cn/review/49452659
玩有段时间了，优化差的离谱，经常满网卡顿，动不动就掉帧特效花了就掉的厉害，谁还买你皮肤🫥,2026-07-03T05:06:14+08:00,taptap_review,moment:821972747042162800,4,TapTap,https://www.taptap.cn/review/49452680
玩蜀道入口，把把吃鸡。,2026-07-03T07:13:02+08:00,taptap_review,moment:822004656048704617,5,TapTap,https://www.taptap.cn/review/49453012
还可以，就是怪有点多,2026-07-03T08:11:15+08:00,taptap_review,moment:822019304747699811,3,TapTap,https://www.taptap.cn/review/49453260
🎮可玩性：堵运气,2026-07-03T08:47:02+08:00,taptap_review,moment:822028310941795913,5,TapTap,https://www.taptap.cn/review/49453512
总来说还是可以的，但是我一个圣杯神龙都没开出来，都是别人给的,2026-07-03T08:59:30+08:00,taptap_review,moment:822031450848101905,5,TapTap,https://www.taptap.cn/review/49453605
挺好玩的，就是阴间怪太多了,2026-07-03T10:43:04+08:00,taptap_review,moment:822057512256669248,4,TapTap,https://www.taptap.cn/review/49454639
很有挑战性,2026-07-03T11:22:39+08:00,taptap_review,moment:822067475125373318,5,TapTap,https://www.taptap.cn/review/49455172
也可以，就是总是开不到大金,2026-07-03T11:41:02+08:00,taptap_review,moment:822072102021500009,4,TapTap,https://www.taptap.cn/review/49455497
超自然，你自己看看你更新了个什么鬼你这样更新，那我们狼人还怎么玩啊?人家死了还看得到灵魂，那不就看得到我们狼人杀谁了吗？万一他在后台告诉他朋友呢，那我们还怎么玩？你自己看看你更新的什么鬼现在游戏里面全是说你更新的这个，你自己不更改一下，你就等着投诉你这样更新的话，那我们还怎么玩啊？你这狼人一下就被发现了,2026-07-03T11:43:35+08:00,taptap_review,moment:822072743355746257,2,TapTap,https://www.taptap.cn/review/49455538
忘本的人太多了 设备老是卡在那不动要退后台重进账号安全也是个问题朋友半个月不登就被盗号了,2026-07-03T11:43:45+08:00,taptap_review,moment:822072783998551585,2,TapTap,https://www.taptap.cn/review/49455541
爆率特别高,2026-07-03T12:16:38+08:00,taptap_review,moment:822081059813327381,5,TapTap,https://www.taptap.cn/review/49456085
爆率高,2026-07-03T12:19:55+08:00,taptap_review,moment:822081886338680590,5,TapTap,https://www.taptap.cn/review/49456122
还不错，但如果你号是个大黑号的话，但我建议还是换一个号玩，大白号不错，不过我这个号是大黑号，气死我了ꐦ≖ ≖,2026-07-03T12:51:30+08:00,taptap_review,moment:822089835329095627,4,TapTap,https://www.taptap.cn/review/49456543
抄袭还这么明目张胆,2026-07-03T12:54:09+08:00,taptap_review,moment:822090501539761290,1,TapTap,https://www.taptap.cn/review/49456573
破游戏爆率太低了,2026-07-03T13:09:59+08:00,taptap_review,moment:822094485721713147,1,TapTap,https://www.taptap.cn/review/49456772
挺好的出了大金,2026-07-03T13:13:05+08:00,taptap_review,moment:822095264587188564,4,TapTap,https://www.taptap.cn/review/49456825
不要门票的图大出金低，要的图小出金高，推荐改一下。,2026-07-03T13:22:39+08:00,taptap_review,moment:822097674143532708,4,TapTap,https://www.taptap.cn/review/49456957
爆率很高，而且我诡秘人也很好😁,2026-07-03T13:24:32+08:00,taptap_review,moment:822098147177137891,5,TapTap,https://www.taptap.cn/review/49456973
"仅发表个人想法:
偏中式恐怖画风刚开始玩的时候不错，等到后面就是公式化玩法了。
四队一群参数也不管一下。福利还少，在去年的暑假就死了，火了之后己经忘记初心了。后期难度就向上推料，从极限到噩梦。再从噩梦到炼狱。一直往上涨。然后还出四队限定大金，正常玩四队就路边一条。
⭕钱问题:先出个幻梦要抽两轮奖池，然后星耀又在池子上加氪，再出个载具皮肤，这怕不是再出农场皮肤😂😂😂",2026-07-03T13:36:56+08:00,taptap_review,moment:822101268775306114,2,TapTap,https://www.taptap.cn/review/49457150
"好的很 好的很 非常好 希望让我出大剑 出圣杯 出神龙

🎮可玩性：好的不得了 中国人不骗中国人

🌃画面音乐：清晰可见 清朝画质
 

🔖运营服务：依旧巨人网络",2026-07-03T13:38:29+08:00,taptap_review,moment:822101655704044049,5,TapTap,https://www.taptap.cn/review/49457172
为什么黑屏,2026-07-03T13:49:56+08:00,taptap_review,moment:822104536884710596,1,TapTap,https://www.taptap.cn/review/49457350
傻子超自然，不知道是手机原因还是什么原因，我每次打开都会黑屏，都要删两次后台才能进来，今天直接进不去了一直黑屏,2026-07-03T13:51:09+08:00,taptap_review,moment:822104846940243139,1,TapTap,https://www.taptap.cn/review/49457370
今天中午打算来一把，结果点进去直接黑屏，按键都可以点，但是屏幕是全黑的,2026-07-03T13:52:11+08:00,taptap_review,moment:822105105774936964,1,TapTap,https://www.taptap.cn/review/49457384
神了版本更新进去黑屏有声音是黑屏垃圾游戏,2026-07-03T13:53:28+08:00,taptap_review,moment:822105429122221321,1,TapTap,https://www.taptap.cn/review/49457412
？点进去黑屏了，有声音，就是玩不了,2026-07-03T13:53:34+08:00,taptap_review,moment:822105454392904620,4,TapTap,https://www.taptap.cn/review/49457413
一进去就完全黑屏 重进好几次了都是黑屏😅😅😅😅,2026-07-03T13:53:34+08:00,taptap_review,moment:822105454426457939,3,TapTap,https://www.taptap.cn/review/49457414
超自然你啥意思 为啥我进不去,2026-07-03T13:54:05+08:00,taptap_review,moment:822105581585172585,1,TapTap,https://www.taptap.cn/review/49457420
进去就黑屏是什么鬼？,2026-07-03T13:55:46+08:00,taptap_review,moment:822106006774353253,1,TapTap,https://www.taptap.cn/review/49457445
咋回事啊呃，刚进去黑屏后什么都可以点，但是就是一直黑屏商店也可以点，啥也可以点，就是进不去,2026-07-03T13:56:20+08:00,taptap_review,moment:822106148021735208,3,TapTap,https://www.taptap.cn/review/49457455
今天登录进去的时候黑屏了什么意思?难不成就我一个黑屏了吗？,2026-07-03T13:56:25+08:00,taptap_review,moment:822106168775149780,4,TapTap,https://www.taptap.cn/review/49457457
。今天你们进去的时候会黑屏吗,2026-07-03T13:56:48+08:00,taptap_review,moment:822106269006430728,3,TapTap,https://www.taptap.cn/review/49457462
你打四队和龙宫，你基本上是碰不到绿玩的，你的匹配度一旦上去之后，把把都是挂。我真是被打的无语了，巅峰时期十把九个挂，还有一个低参。那举报有跟没有一样，十个举报里面就给你回一个，都是挂，都不回，别在这里面充钱。,2026-07-03T13:56:53+08:00,taptap_review,moment:822106289495606527,1,TapTap,https://www.taptap.cn/review/49457464
恶不恶心超自然…你每次更新不搞点幺蛾子就不舒服吗？我怎么黑屏只有声没有画面，难道我今天中午吃的土豆是你们的服务器？,2026-07-03T13:56:55+08:00,taptap_review,moment:822106296110023345,1,TapTap,https://www.taptap.cn/review/49457465
我去年2月份入坑 现在已经不咋上线了 号也给朋友玩了,2026-07-03T13:57:18+08:00,taptap_review,moment:822106393279464467,3,TapTap,https://www.taptap.cn/review/49457469
我服了昨天刚更新今天登了十几遍跟本进不去,2026-07-03T13:57:22+08:00,taptap_review,moment:822106409150712778,1,TapTap,https://www.taptap.cn/review/49457471
整体来说，游戏比较好玩儿，模式也比较多，摸金地图也多，还有爬山模式，趣味性也强，四队的竞技性也可以，还有一点不足，就是bug,2026-07-03T13:58:28+08:00,taptap_review,moment:822106688134843391,4,TapTap,https://www.taptap.cn/review/49457486
豪万！！！！！！！！！！！！！！！！！！！！！！！！！！！！！！！！！！！！！！！！！！！！！！！！！！！！！！！！！！！！！！！！！！！！！！！！！！！！！！！！！！！！！！！！！！！！！！！！！！！！！！！！！！！！！！！,2026-07-03T13:58:53+08:00,taptap_review,moment:822106792363297017,5,TapTap,https://www.taptap.cn/review/49457496
进不去，一直黑屏，好无聊,2026-07-03T13:59:11+08:00,taptap_review,moment:822106867244204455,2,TapTap,https://www.taptap.cn/review/49457500
太阴了，今天更新完，每次加载到10他就黑屏,2026-07-03T13:59:21+08:00,taptap_review,moment:822106908600041607,3,TapTap,https://www.taptap.cn/review/49457502
今天更新了，进去就黑屏，搞什么东西？,2026-07-03T13:59:33+08:00,taptap_review,moment:822106958348683463,4,TapTap,https://www.taptap.cn/review/49457509
不是官方为什么我玩黑屏黑屏😑今天版本更新之后一直黑屏,2026-07-03T14:01:59+08:00,taptap_review,moment:822107569660101579,2,TapTap,https://www.taptap.cn/review/49457535
"太好玩了。玩个四队重连网络，失眠就来四队，保证开局哄睡。氪条不到20的都有金皮了。云南虫谷穿墙。爆率从不出圣杯200万撤离变成古城撤都撤不出去。
进游戏找朋友玩，朋友问我为什么不进队伍，一看除了一直黑屏一切正常的游戏，怎么都找不到按键。重进没用，重启手机没用，吓得我删了游戏重下
建议玩，太好玩",2026-07-03T14:08:52+08:00,taptap_review,moment:822109301693746249,4,TapTap,https://www.taptap.cn/review/49457638
多队好玩,2026-07-03T14:19:17+08:00,taptap_review,moment:822111924043908738,5,TapTap,https://www.taptap.cn/review/49457777
四队搞什么红绿分流啊，举报封也就封两三小时，一天，这游戏对挂钩这么友好啊，还知道提醒挂钩玩游戏要劳逸结合，太妙了[表情_点赞][表情_点赞][表情_点赞],2026-07-03T14:21:05+08:00,taptap_review,moment:822112379817952614,1,TapTap,https://www.taptap.cn/review/49457804
嗯嗯……没有靠山自己不会。这个图为什么有挂嗯对,2026-07-03T14:21:25+08:00,taptap_review,moment:822112463322350069,3,TapTap,https://www.taptap.cn/review/49457812
至今摸过最贵的只有圣杯，而且只有一个,2026-07-03T14:28:03+08:00,taptap_review,moment:822114133326432180,4,TapTap,https://www.taptap.cn/review/49457902
"我x觉得非常好玩，游戏环境很不错

🌃画面音乐：
新上线的地图挺好玩的

🎮可玩性：
我个人比较喜欢玩四队
这个游戏一点不可怕，不要听网上瞎说，我还让我弟弟和我一起玩了
如果不介意的可以加我和我一起玩",2026-07-03T14:54:41+08:00,taptap_review,moment:822120833018234101,5,TapTap,https://www.taptap.cn/review/49458353
非常好玩，建模非常美丽，新地图太友好了,2026-07-03T14:55:27+08:00,taptap_review,moment:822121027763962412,5,TapTap,https://www.taptap.cn/review/49458368
和朋友一起玩就特别快乐。,2026-07-03T15:11:39+08:00,taptap_review,moment:822125104593899095,5,TapTap,https://www.taptap.cn/review/49458579
大金暴露再高一点然后四队没有红玩更好,2026-07-03T15:14:47+08:00,taptap_review,moment:822125893773166196,5,TapTap,https://www.taptap.cn/review/49458622
我都无语死了欧坤啥土豆服务器啊你圈钱就算了我给你圈四千结果直接被盗号了几个意思呗找也找不回来直接被一键解绑你这防火墙啥做的盘点你游安全系数最高的游戏哈,2026-07-03T15:47:12+08:00,taptap_review,moment:822134051497312803,1,TapTap,https://www.taptap.cn/review/49459181
我求你了，管管挂哥吧？福利送一点会亖吗？,2026-07-03T16:04:49+08:00,taptap_review,moment:822138481932241082,3,TapTap,https://www.taptap.cn/review/49459533
很喜欢玩，20局出剑,2026-07-03T16:21:11+08:00,taptap_review,moment:822142601913173202,5,TapTap,https://www.taptap.cn/review/49459751
我服了啊我换了个手机我账号全没了,2026-07-03T16:22:31+08:00,taptap_review,moment:822142937906284661,1,TapTap,https://www.taptap.cn/review/49459776
虽然恐怖了点，但我觉得曝爆率还行,2026-07-03T16:41:14+08:00,taptap_review,moment:822147648994676072,4,TapTap,https://www.taptap.cn/review/49460106
我来玩你这游戏是想玩恋爱游戏是吗？把人秦始皇做成那个样。Bug也是很多，在组队里看不到别人发的消息。那个爬山也是，不知道我还以为我在玩滑滑梯😓,2026-07-03T16:51:04+08:00,taptap_review,moment:822150122715483638,1,TapTap,https://www.taptap.cn/review/49460317
我就是想要一些福利，希望这个创建超自然行动组的这个人给我一点福利，对。我的名字叫涵涵瑶瑶。求你了,2026-07-03T17:16:31+08:00,taptap_review,moment:822156525622526137,5,TapTap,https://www.taptap.cn/review/49460756
可以打发时间,2026-07-03T17:35:08+08:00,taptap_review,moment:822161211784168370,5,TapTap,https://www.taptap.cn/review/49461024
新地图非常好玩，爆率也很高。,2026-07-03T17:35:26+08:00,taptap_review,moment:822161286635720018,5,TapTap,https://www.taptap.cn/review/49461027
这啥呀😂新出的钓鱼系统简直就是一坨，最顶级的鱼饵要么是钓不上来，要么是给我出个最普通的，不推荐玩,2026-07-03T17:38:41+08:00,taptap_review,moment:822162106156583073,1,TapTap,https://www.taptap.cn/review/49461084
还可以吧，可玩性就是没有新手指导，玩的时候打到b级就特别难过，我都不会打了,2026-07-03T17:44:54+08:00,taptap_review,moment:822163670904606346,5,TapTap,https://www.taptap.cn/review/49461150
好玩有趣,2026-07-03T17:54:49+08:00,taptap_review,moment:822166166276409422,5,TapTap,https://www.taptap.cn/review/49461286
经的爆率好爆率很高,2026-07-03T18:02:51+08:00,taptap_review,moment:822168186836222430,5,TapTap,https://www.taptap.cn/review/49461386
出金爆率很高,2026-07-03T18:10:00+08:00,taptap_review,moment:822169988654694691,4,TapTap,https://www.taptap.cn/review/49461572
用电脑玩有时候特别卡，带不动,2026-07-03T18:14:33+08:00,taptap_review,moment:822171133313813708,3,TapTap,https://www.taptap.cn/review/49461659
萌新求带,2026-07-03T18:17:42+08:00,taptap_review,moment:822171926574137364,5,TapTap,https://www.taptap.cn/review/49461707
这个游戏的话，从萌新时代到现在，我觉得萌新的时候还是很好玩，觉得这个游戏很好玩，到一直到后面的跑成飞之后，感觉就没什么可玩性了，而且后面的挂越来越多了，皮肤出的概率也越来越频繁，保底也越来越贵，哎,2026-07-03T18:28:10+08:00,taptap_review,moment:822174559032576864,2,TapTap,https://www.taptap.cn/review/49461846
爆金率还行,2026-07-03T18:37:10+08:00,taptap_review,moment:822176821603730021,5,TapTap,https://www.taptap.cn/review/49461968
挂哥多,2026-07-03T18:42:36+08:00,taptap_review,moment:822178190846853825,5,TapTap,https://www.taptap.cn/review/49462054
可可可第一次玩没死,2026-07-03T18:47:20+08:00,taptap_review,moment:822179382788359361,5,TapTap,https://www.taptap.cn/review/49462117
会不会做地图？做的和狗屎一样,2026-07-03T19:19:56+08:00,taptap_review,moment:822187584204573835,1,TapTap,https://www.taptap.cn/review/49462576
特别好玩儿，而且打金爆率很高,2026-07-03T19:51:28+08:00,taptap_review,moment:822195522918942409,5,TapTap,https://www.taptap.cn/review/49462999
太开心了，开关的时候容易出大件的几率特别少，虽然呢特别少，但是特别好玩，也不要生气的,2026-07-03T20:19:59+08:00,taptap_review,moment:822202698009936204,5,TapTap,https://www.taptap.cn/review/49463365
[表情_斜眼笑]大金小金由你决定[表情_吃瓜],2026-07-03T21:00:38+08:00,taptap_review,moment:822212929733529552,5,TapTap,https://www.taptap.cn/review/49463924
挂多，官方打击外挂力度不够大,2026-07-03T21:02:21+08:00,taptap_review,moment:822213362090772569,3,TapTap,https://www.taptap.cn/review/49463962
我自己随便放了一堆垃圾，然后煮出了一个鬼玺。,2026-07-03T21:06:17+08:00,taptap_review,moment:822214350533034679,2,TapTap,https://www.taptap.cn/review/49464015
从新手玩的时候，感觉背景音乐就特别的恐惧感嘛，慢慢到变成老手，其实有些地图挺简单的，但是古城爆率就越来越低了，毕竟炼狱一出古城的爆率就越来越低。新地图的爆率可以至少能撤离出来，最高撤离100多万。从不熟悉地图慢慢熟悉地形，感觉对于新手来说，慢慢适应也是可以的，但是新手玩古城的话，建议少玩古城，因为古城爆率都已经拉完了，从刚开始进门口就已经发现不对劲了，因为开的全部关都是灰的，除了金棺可能会爆个金尊，其他的没啥，如果运气好的话，爆个鬼玺或者尸香魔芋。那也算是够好了，觉得号黑的话可以去洗号，建议玩新手地图，拔龙珠之后直接站在地刺上自杀，因为这样洗后比较好一点，就是不要半夜洗号，半夜洗号代价有点高，比如说自己没有开匹配队友，但是聊天框却出现一个队友的信息名字，这游戏本来就是恐怖游戏，这边就建议不要半夜洗号就行了，你玩新手地图，或者是玩古蜀遗迹不要开随机队友，开随机的队友都会有人机都是502，但是建议可玩率高，虽然说有点氪金吧，但是看到自己喜欢的皮肤到手之后感觉有摸金的动力，我是个摸金崽，偶尔陪朋友打4队和双队，也带我的好闺蜜摸金，但是超自然也有莉莉背包忘本，是少数忘本，如果要兔子的话，可以自己带朋友一起摸，让朋友当你的莉莉背包，实在没有莉莉背包，可以发个招募，只要（他她）不忘本，一切都好说，最后一句，可玩性指数五星,2026-07-03T21:23:11+08:00,taptap_review,moment:822218602638740086,5,TapTap,https://www.taptap.cn/review/49464275
"🎮可玩性：
很好玩，只是怪物有点多，出金少了一点。",2026-07-03T21:27:59+08:00,taptap_review,moment:822219809713292396,5,TapTap,https://www.taptap.cn/review/49464340
无缘无故封号   客服也联系不到   体验感极差,2026-07-03T21:30:17+08:00,taptap_review,moment:822220388653072869,1,TapTap,https://www.taptap.cn/review/49464373
啥游戏啊，给人做的啊是，那蛤蟆求救有啥用啊，除了让队友羞辱你还能干啥有啥实际意义吗，还有四队，全是挂让正常人咋玩啊，还零容忍，是我们一直容忍吧。这游戏是人做的吗，做过游戏吗你个沙雕，做游戏到是给我做好的啊，沙雕，抄来的游戏这么多人玩你倒是好好做啊,2026-07-03T21:40:42+08:00,taptap_review,moment:822223012748068627,1,TapTap,https://www.taptap.cn/review/49464520
希望不要发明升级完金就没了，我好不容易摸的飞天神龙像没了爱,2026-07-03T21:59:43+08:00,taptap_review,moment:822227796842516414,2,TapTap,https://www.taptap.cn/review/49464825
希望官方多给我出一点大金，我现在一个红也没有😭,2026-07-03T22:29:37+08:00,taptap_review,moment:822235321847513529,5,TapTap,https://www.taptap.cn/review/49465314
闪退、掉帧，搞心态来的,2026-07-03T22:33:56+08:00,taptap_review,moment:822236409870943151,1,TapTap,https://www.taptap.cn/review/49465390
就是能不能第一个地图的时候有一个能不能出金啊？我都破产了。,2026-07-03T22:37:15+08:00,taptap_review,moment:822237243765686369,5,TapTap,https://www.taptap.cn/review/49465446
不理解这游戏是干什么的,2026-07-03T22:41:40+08:00,taptap_review,moment:822238354656462571,1,TapTap,https://www.taptap.cn/review/49465521
爆率可高,2026-07-03T23:08:26+08:00,taptap_review,moment:822245089584611816,5,TapTap,https://www.taptap.cn/review/49465932
超自然最好玩了 啧啧啧,2026-07-03T23:09:10+08:00,taptap_review,moment:822245273479678906,5,TapTap,https://www.taptap.cn/review/49465952
游戏体验有时候极差，容易破防红温，脾气不好的不建议玩。,2026-07-03T23:16:19+08:00,taptap_review,moment:822247074337653440,2,TapTap,https://www.taptap.cn/review/49466068
到处投放骗点击的小广告，我玩你MLGB！,2026-07-03T23:19:42+08:00,taptap_review,moment:822247923961040432,1,TapTap,https://www.taptap.cn/review/49466105
垃圾游戏 人工都没有,2026-07-03T23:23:10+08:00,taptap_review,moment:822248795797455391,1,TapTap,https://www.taptap.cn/review/49466159
挺喜欢玩的 很刺激,2026-07-03T23:25:21+08:00,taptap_review,moment:822249346924808708,5,TapTap,https://www.taptap.cn/review/49466195
游戏差劲 地图差劲 建模差劲 外挂泛滥 没人管 只知道出皮肤 黄了吧,2026-07-03T23:30:42+08:00,taptap_review,moment:822250695628427213,1,TapTap,https://www.taptap.cn/review/49466258
同样都是在tap tap下载的，为什么换绑一个手机号数据就没有了？,2026-07-04T00:33:23+08:00,taptap_review,moment:822266467733999352,3,TapTap,https://www.taptap.cn/review/49467040
挺有意思的，放大镜的几率有点高,2026-07-04T00:37:05+08:00,taptap_review,moment:822267401566421179,5,TapTap,https://www.taptap.cn/review/49467089
爆率超级高，希望超自然行动组以后做大做强,2026-07-04T00:43:30+08:00,taptap_review,moment:822269014989341782,5,TapTap,https://www.taptap.cn/review/49467171
很不错，摸出大金。,2026-07-04T01:05:05+08:00,taptap_review,moment:822274446801767413,5,TapTap,https://www.taptap.cn/review/49467382
新地图阴的要死，弓弩还很多，蛇妖老直追着打，打鬼新娘二十多次都不死，爆率还低。,2026-07-04T02:27:53+08:00,taptap_review,moment:822295282824774075,1,TapTap,https://www.taptap.cn/review/49467989
超自然你做的什么游戏，云南虫谷的怪恶不恶心，双鬼拍门就算了，那个戏偶锁完人碎了摸金符还不会重新刷新位置，不会刷新又非要堵在必经之路，想绕着她走也不行，建模多大一个，走她旁边也会被锁。还有个蛇妖，自己溜达变异了来攻击玩家哦哦神不神。😂😂圈如钱做的游戏也就这样了,2026-07-04T04:13:20+08:00,taptap_review,moment:822321820584641417,1,TapTap,https://www.taptap.cn/review/49468387
一零后菠萝的四队摆摊日常,2026-07-04T05:00:04+08:00,taptap_review,moment:822333580238651737,5,TapTap,https://www.taptap.cn/review/49468519
云南虫谷这地图是认真的吗，不知道是我个人问题还是怎样感觉一把时间过的很快 或许是地图太大太绕有些刷馆点还离得很远，玩了两天就没开过全馆，还有那个弓弩都可以从百草园打到三味书屋了，两包摸金符都不够用的，那个联合狩猎更是恶心，前有蝙蝠抱头后有假人喷墨水，更是穷得要死两天下来撤离金就没超过50万的，还有那个戏偶更是恶心的要死，看一眼地图就跑上来碎你一个摸金符，我都还没见过她[表情_捂脸哭]，那个蛇妖也是飞着飞着突然就到他怀里了完了还说我是摔死的，超自然除了圈钱就是圈钱呗，抄袭啥的就不说了忍者这么久我都急了，摸到的还没我一把装备贵，你迟早倒闭我跟你说[表情_捂脸哭]，刚上线的时候还说什么“最听劝的官方～”我看你是最能圈的，你干脆出一个5v5地图 有水晶 有防御塔 有血包 再出100多个角色[表情_大笑]，要不是这个评分必须要填我真的半颗星都不想给，你小王叔叔评分只有一点几，但人家比你有脑子知道吗，人家圈钱没人骂 你圈钱背后不知道被骂成啥样，挂现在也是不管了[表情_捂脸哭]，咋滴啊你不仅媚钱还媚挂啊，要是高考作文是骂你的10张纸都不够我写的知道吗，你干脆别他妈活了，下辈子投个畜生道吧别霍霍人了。,2026-07-04T05:24:42+08:00,taptap_review,moment:822339782385336709,1,TapTap,https://www.taptap.cn/review/49468577
这游戏压根就不适合让你一个人玩新手可以劝退很多人了有朋友的可能会坚持几下一个人玩可以直接删了特别是那种技术菜，声音难听的打得菜去4队纯属去送只有一个古城能有个小抄这游戏10个有7个是瞧不起没有皮肤的玩家你没有皮肤也是没人会带你的你去练技术你有八成心态会崩这游戏感觉玩家都是一个样,2026-07-04T06:37:57+08:00,taptap_review,moment:822358215462225919,2,TapTap,https://www.taptap.cn/review/49468757
挺好玩儿的地图，创意也不错，但就是bug有点多还有虫谷的爆率有点低，希望能改一下,2026-07-04T08:15:10+08:00,taptap_review,moment:822382678383790896,5,TapTap,https://www.taptap.cn/review/49469153
贼好玩，就是四队挂多[表情_微笑],2026-07-04T08:48:24+08:00,taptap_review,moment:822391043327525120,5,TapTap,https://www.taptap.cn/review/49469403
"这部超自然作品绝对是同类型标杆，摒弃了流水线恐怖片的廉价惊吓，走沉浸式心理惊悚路线。扎根本土民俗怪谈，槐树、古寺、旧宅、祭祀等元素构筑出真实可感的阴阳世界，每一处诡异细节都暗藏隐喻。
剧情节奏张弛有度，单元小故事层层铺垫主线，悬念环环相扣，前期埋下的伏笔到结尾全部收束，反转意料之外又情理之中。最难得的是内核，故事不止渲染恐怖，更借鬼怪执念剖析人心贪嗔痴，恐惧褪去后只剩唏嘘，后劲绵长，看完几天仍会忍不住回想细节，超自然爱好者不容错过。",2026-07-04T08:59:47+08:00,taptap_review,moment:822393906669817257,5,TapTap,https://www.taptap.cn/review/49469496
爆率太高了,2026-07-04T09:06:28+08:00,taptap_review,moment:822395591102302775,5,TapTap,https://www.taptap.cn/review/49469560
"非常多金
[表情_开心][表情_开心]",2026-07-04T09:15:59+08:00,taptap_review,moment:822397985697564898,5,TapTap,https://www.taptap.cn/review/49469637
四分吧，因为呢，他要给钱才能玩，因为我排队才玩25分钟,2026-07-04T09:18:50+08:00,taptap_review,moment:822398702529284339,4,TapTap,https://www.taptap.cn/review/49469672
就是说外挂也可以少一点,2026-07-04T09:33:24+08:00,taptap_review,moment:822402366132194069,5,TapTap,https://www.taptap.cn/review/49469783
网是好的一到游戏就卡死,2026-07-04T09:47:02+08:00,taptap_review,moment:822405797488101169,1,TapTap,https://www.taptap.cn/review/49469893
队友菜的要死不会救,2026-07-04T09:55:09+08:00,taptap_review,moment:822407840432918020,3,TapTap,https://www.taptap.cn/review/49469978
Bug多，外挂多，唯一一个开挂还明目张胆的游戏，不建议玩,2026-07-04T09:55:24+08:00,taptap_review,moment:822407906283490889,1,TapTap,https://www.taptap.cn/review/49469980
轻轻松松就出野生大金了，这个游戏爆率真的超高,2026-07-04T10:04:24+08:00,taptap_review,moment:822410170406535318,5,TapTap,https://www.taptap.cn/review/49470050
非常好玩暴击率很高,2026-07-04T10:11:57+08:00,taptap_review,moment:822412068970827705,5,TapTap,https://www.taptap.cn/review/49470118
打十把有九把遇到怪物堵路还打不死。尤其是史莱姆。打又打不死，走的又慢，把路给堵完了,2026-07-04T10:25:41+08:00,taptap_review,moment:822415525089902924,1,TapTap,https://www.taptap.cn/review/49470270
大金爆率高,2026-07-04T10:48:03+08:00,taptap_review,moment:822421153409664150,4,TapTap,https://www.taptap.cn/review/49470510
新地图又大又喜欢换层，艾伦有时候都找不到几个馆，还有奇葩猜拳运气不好连吃5个符，猜拳期间还会被怪锁，蛇妖被戏偶打出二阶段直接追猎吃玩家一个符。,2026-07-04T12:03:47+08:00,taptap_review,moment:822440213623082736,1,TapTap,https://www.taptap.cn/review/49471427
优化不太好，bug不算少，外挂遍地跑，皮肤那是一个接一个搞，只能说好玩但体验不咋样,2026-07-04T12:34:15+08:00,taptap_review,moment:822447880592689639,3,TapTap,https://www.taptap.cn/review/49471777
我认为不太好玩 抄袭了挺多游戏的。,2026-07-04T12:55:09+08:00,taptap_review,moment:822453142154120456,2,TapTap,https://www.taptap.cn/review/49472055
好玩是真的好玩，里边的怪物挺多的，小心一点,2026-07-04T12:57:24+08:00,taptap_review,moment:822453704241184903,5,TapTap,https://www.taptap.cn/review/49472094
妖魔鬼怪快离开！！回调古城爆率！,2026-07-04T13:04:16+08:00,taptap_review,moment:822455432680310381,3,TapTap,https://www.taptap.cn/review/49472174
"哦哦哦，看似好评，实则差评
拼好游接着玩， S2魔盒入坑，只能说自己骂骂得了，出去谁不想说一下自己是超自然玩家",2026-07-04T13:07:25+08:00,taptap_review,moment:822456228142647880,5,TapTap,https://www.taptap.cn/review/49472215
感觉很好玩，摸出的大金鱼很多 我刚才还摸出一个魔芋[表情_大笑][表情_大笑][表情_期待],2026-07-04T13:15:41+08:00,taptap_review,moment:822458305497532462,5,TapTap,https://www.taptap.cn/review/49472326
新出的地图怪物也很，新的宝物也很多。有试一试那个和家人做石头剪刀布得到的那个关特别容易出大金。,2026-07-04T13:21:35+08:00,taptap_review,moment:822459793116497497,5,TapTap,https://www.taptap.cn/review/49472401
为何不管挂,2026-07-04T13:33:38+08:00,taptap_review,moment:822462824503575897,1,TapTap,https://www.taptap.cn/review/49472549
致敬你游外挂和媚挂最少的游戏😂🫡,2026-07-04T13:35:55+08:00,taptap_review,moment:822463397344837685,1,TapTap,https://www.taptap.cn/review/49472570
爆率有点低,2026-07-04T13:48:11+08:00,taptap_review,moment:822466484935593695,3,TapTap,https://www.taptap.cn/review/49472709
抄自然,2026-07-04T14:05:52+08:00,taptap_review,moment:822470934769173749,1,TapTap,https://www.taptap.cn/review/49472941
能不能改一下，又点到卸载了,2026-07-04T14:13:30+08:00,taptap_review,moment:822472859396867919,2,TapTap,https://www.taptap.cn/review/49473065
你超自然叔叔太会玩了，特别喜欢堆怪暗改爆率，地图里面就是喜欢多放点弓弩，玩家体验感越差自己就越爽，反正最后也要氪，游戏是必须做的忘本的，福利是越来越克扣的，四队是不管的，魔晶爆率是恶意调低的[表情_斜眼笑],2026-07-04T14:24:03+08:00,taptap_review,moment:822475513179145170,1,TapTap,https://www.taptap.cn/review/49473201
有时候呢就可以给你说的，但是有时候呢就非常的黑暗，可能一古城都出不去。,2026-07-04T14:24:18+08:00,taptap_review,moment:822475574118188958,4,TapTap,https://www.taptap.cn/review/49473204
虽然很好玩，但是云南蛊虫的300万大金轿子太慢了就死了,2026-07-04T14:30:59+08:00,taptap_review,moment:822477259490201222,5,TapTap,https://www.taptap.cn/review/49473302
一个人恐怖   四个人搞笑  坑队友   抢宝物紧急撤离趣味拉满,2026-07-04T14:59:53+08:00,taptap_review,moment:822484530047746115,5,TapTap,https://www.taptap.cn/review/49473664
能把地图门票去掉吗，每次进入都需要铲铲币，太贵了,2026-07-04T15:02:40+08:00,taptap_review,moment:822485232077766849,2,TapTap,https://www.taptap.cn/review/49473702
四队一堆挂 我摸金爆率还行的 然后就是打四队撞到梦占了呀,2026-07-04T15:33:50+08:00,taptap_review,moment:822493072431515915,4,TapTap,https://www.taptap.cn/review/49474093
超自然很好玩多人模式的人也很好,2026-07-04T15:43:15+08:00,taptap_review,moment:822495443303793780,5,TapTap,https://www.taptap.cn/review/49474221
可以的，新出的地图很好玩，然后又增加了难度，很好玩的游戏，出的地图也很好玩的，值得玩的摸金，就是4队有时候有点外挂,2026-07-04T15:45:28+08:00,taptap_review,moment:822496001687293091,4,TapTap,https://www.taptap.cn/review/49474246
新地图爆率杠杠的呀。,2026-07-04T15:54:08+08:00,taptap_review,moment:822498183207717177,5,TapTap,https://www.taptap.cn/review/49474371
这个蓝莓🫐完全就是那种🤔 跟耙耙柑🍊很像的一种🤐一种情况😳的一种性格😍就这个蓝莓🫐的性格😪跟耙耙柑🍊一样 就是很饱满🈵很脆😋有自己的个性😤但它一点酸味🍋都没有🈚它一点攻击性💔都没有😯它在嘴里👄就会😴所以才有花香味🌸如果有酸味🥴的话 其实会盖住🤢它的花香味的😏（👄🫐🫐🫐）非常非常的🤑非常非常😎规规矩矩🤫规规矩矩🥶又曼妙🤤的蓝莓🫐就是这样👽,2026-07-04T15:54:16+08:00,taptap_review,moment:822498217655537532,5,TapTap,https://www.taptap.cn/review/49474373
希望能把大金都开,2026-07-04T16:27:29+08:00,taptap_review,moment:822506574734952263,5,TapTap,https://www.taptap.cn/review/49474850
很好，菲米尼都推荐！！！,2026-07-04T16:31:04+08:00,taptap_review,moment:822507477936376765,5,TapTap,https://www.taptap.cn/review/49474906
别玩了，基本上全是挂,2026-07-04T17:05:52+08:00,taptap_review,moment:822516236297439546,1,TapTap,https://www.taptap.cn/review/49475401
运气最好的一次啊我去。完全不知道地图长啥样，就纯瞎逛，看到一个棺，一开是紫光的，心都死了，结果一打开我去。,2026-07-04T17:06:22+08:00,taptap_review,moment:822516361396748455,5,TapTap,https://www.taptap.cn/review/49475411
很快就出了大金。天下第一剑,2026-07-04T17:12:30+08:00,taptap_review,moment:822517902958660612,5,TapTap,https://www.taptap.cn/review/49475489
100%每个局里都有很多大金，还很好玩，很刺激，角色也多,2026-07-04T17:30:54+08:00,taptap_review,moment:822522533579326842,5,TapTap,https://www.taptap.cn/review/49475739
第一把古城出魔芋了[表情_流口水][表情_流口水][表情_流口水],2026-07-04T17:56:12+08:00,taptap_review,moment:822528902327960406,5,TapTap,https://www.taptap.cn/review/49476079
什么时候挂少什么时候推荐,2026-07-04T17:58:43+08:00,taptap_review,moment:822529533277113023,3,TapTap,https://www.taptap.cn/review/49476114
"OK呀，超自然一星你给我拿稳了，如果不是最低一星，我这一星都想省下来，作为一个内侧就一直玩到你没落的时候，傻孩子还不知道自己犯了多少浑嘛，魔盒一个升级68，128再多给你塞个背饰头像框，要不是当初评论区给你冲烂了你才返金砖，要不然你超自然叔叔和那卖眉笔小子可以坐一座了，也别来和我犟什么没人逼你充，你可以不充这样的话，当初我也真的很喜欢超自然，我喜欢我支持，不过他这后面做的还真能算人事不？😂我这里也后悔充钱，也就劝劝你们及时止损吧，现在停手来的急，魔盒68，128，月卡30，给你多个破格，兔宝60，隔壁做任务免费送，金皮给你挂个牌子保底就要500+，星耀第一款小黄的就拿去给别人当皮套，还要1000+的保底，红皮更不用说了，保底1500+，还有个活动累计充值给你个打包票的皮肤，真心厨子看你这操作心都凉半截，圈钱这个名头咋来的还不知道是不？但凡金皮往上品质的皮肤都是标个限定牌子全靠抽，合着没有常驻金全给玩家当猴耍呗，玩点文字游戏骗骗小低龄，以前老玩家的热情全是你的垫脚石呗？按照这个说法，是不是超自然叔叔你往后金皮全是限定标，那你这操作，限定标也不值钱呐，这个套路王者已经玩过了，限定看不到一点价值，大白话说清楚了，现在你们小低龄知不知道圈钱的含义了呀？😂500+够你们干很多事了。
其次来说说你的玩法模式，刚出来的时候是很新颖，国内头一家做这种类型的游戏，不过确实没什么创意，怪物机制全般，后面没有头绪了就给你放各种秒杀机制的怪，给你塞几个cg就是一个怪做好了，各种分支嘞的游戏也是哪个火了抄哪个，这不是拼好游还是啥？小腿们还在洗啥呢？你那原创的四队玩法不是挺好的吗？干嘛不好好做呢？真的很逗比好不好？那会四队人热度确实没有很高，但是你就没有看到四队的一点潜力吗？当初你好好做你那四队，环境搞一搞，圈了那么多钱，外挂管不住不会去请个懂行的人来技术指导吗？到现在，你哪挂还是管不住，老玩家流失那么快还不知道为什么吗？可玩性就摆在那了，现在大家都知道你是个啥货色，还有谁来玩？就剩那些小低龄吗？你指望靠这些活多久？快餐游戏，祝超自然蒸蒸日上😂😂😂",2026-07-04T18:22:25+08:00,taptap_review,moment:822535498231711134,1,TapTap,https://www.taptap.cn/review/49476406
"实打实125小时老玩家，真心推荐给喜欢恐怖探险、多人联机的玩家。独特中式古墓场景，烛火、机关、鬼怪的氛围做得很到位，单排有惊悚感，四排又能和好友互相整活，两种体验完全不冲突。
撤离搜宝的循环玩法上头，每次带出高价值物资都很有成就感，宝宝模式降低恐怖门槛，新手也能轻松入坑，空闲时和朋友开一把解压又有趣。",2026-07-04T18:49:44+08:00,taptap_review,moment:822542375648756224,5,TapTap,https://www.taptap.cn/review/49476729
爆率真的很高,2026-07-04T19:03:10+08:00,taptap_review,moment:822545755330840799,3,TapTap,https://www.taptap.cn/review/49476903
运气非常好，宏观开出来的直接开的没变，运气非常beautiful,2026-07-04T19:43:42+08:00,taptap_review,moment:822555954766679073,5,TapTap,https://www.taptap.cn/review/49477388
容易丢号还有很多皮肤岐视,2026-07-04T19:58:29+08:00,taptap_review,moment:822559673818284348,3,TapTap,https://www.taptap.cn/review/49477584
不光到处抄，做的还拉完了，给个一颗星自己体会,2026-07-04T20:29:47+08:00,taptap_review,moment:822567550301768017,1,TapTap,https://www.taptap.cn/review/49478015
老乐子游戏赶紧倒闭了去得了，一天天就光知道抄，圈钱活着干嘛？😅(´థ౪థ ) ☞,2026-07-04T20:35:42+08:00,taptap_review,moment:822569042773541357,5,TapTap,https://www.taptap.cn/review/49478100
马上倒闭，爆率巨低，怪巨多，新地图那俩boss一个接一个碎摸金符，还卡梯子模型，不会做地图就别做,2026-07-04T20:56:17+08:00,taptap_review,moment:822574220847352269,1,TapTap,https://www.taptap.cn/review/49478362
嗯，挺好玩的，我也在里面找到了烤肠,2026-07-04T21:21:50+08:00,taptap_review,moment:822580649683583412,5,TapTap,https://www.taptap.cn/review/49478718
哦不不不，这个菠萝真好玩,2026-07-04T21:26:36+08:00,taptap_review,moment:822581848780573829,5,TapTap,https://www.taptap.cn/review/49478783
金色一赌，无后路可退,2026-07-04T21:30:55+08:00,taptap_review,moment:822582935751232098,5,TapTap,https://www.taptap.cn/review/49478848
爆率可以,2026-07-04T21:41:58+08:00,taptap_review,moment:822585718588048082,5,TapTap,https://www.taptap.cn/review/49479035
真的很无聊的一个游戏，只能给一星了，而且玩这个游戏神人很多，从来没有任何一款游戏能让我如此评价，太逆天了,2026-07-04T21:44:57+08:00,taptap_review,moment:822586466751220353,1,TapTap,https://www.taptap.cn/review/49479070
爆率非常的高,2026-07-04T21:50:15+08:00,taptap_review,moment:822587802326666689,5,TapTap,https://www.taptap.cn/review/49479154
超自然行动》节奏紧凑，灵异探案设定新颖，悬疑氛围拉满。人物塑造立体，正邪博弈张力十足，奇幻与现实交织，剧情伏笔精巧，看完后劲十足。,2026-07-04T21:52:19+08:00,taptap_review,moment:822588322596523062,5,TapTap,https://www.taptap.cn/review/49479181
在这个游戏里面，爱上了莉莉，莉莉很乖很萌呀！不要不喜欢莉莉,2026-07-04T22:02:33+08:00,taptap_review,moment:822590898746429268,4,TapTap,https://www.taptap.cn/review/49479318
如果可以把摸金概率调高一点就行,2026-07-04T22:06:40+08:00,taptap_review,moment:822591933414115683,5,TapTap,https://www.taptap.cn/review/49479372
光影细节绝了，古墓图腾阴森但可爱，小熊猫建模萌翻，沉浸感拉满，像在奶茶局探险，怕鬼的我能玩通宵,2026-07-04T22:11:16+08:00,taptap_review,moment:822593091411117029,5,TapTap,https://www.taptap.cn/review/49479420
圈钱神游😃👍🏻极低的爆率和恶心的PVP环境让你玩的血压拉满，废物官方平衡做不好PVP更是做的稀烂的情况下还喜欢出PVP的角色，关键是出就出吧挂根本不管而且最近几乎把把出现那种人机名字开局蹲车抓怪的脚本还是什么玩意，这种就没见管过一个游戏能烂成这样也是活久见，兄弟们我玩不下去了告辞,2026-07-04T22:47:39+08:00,taptap_review,moment:822602249304804993,1,TapTap,https://www.taptap.cn/review/49480016
我没见过哪个游戏挂有超自然行动组挂这么多的，求求腾讯快点给抄过去吧,2026-07-04T23:06:11+08:00,taptap_review,moment:822606911034624230,1,TapTap,https://www.taptap.cn/review/49480356
"怎么说呢 就那样 圈 没素质 xyy满天飞
四颗星给我家逍遥宝贝[表情_微笑]",2026-07-04T23:36:19+08:00,taptap_review,moment:822614494130736951,4,TapTap,https://www.taptap.cn/review/49480933
有点卡,2026-07-04T23:53:54+08:00,taptap_review,moment:822618919217925477,4,TapTap,https://www.taptap.cn/review/49481252
好玩好玩一局下来练出三个金,2026-07-05T00:22:59+08:00,taptap_review,moment:822626239075323422,5,TapTap,https://www.taptap.cn/review/49481854
电脑操作不方便，改进一下，传回最好需要队友同意方可传回，出金动画最好有设置选项,2026-07-05T00:24:40+08:00,taptap_review,moment:822626662918128310,4,TapTap,https://www.taptap.cn/review/49481963
扫码游戏，全是挂，别玩了，纯垃圾游戏来的,2026-07-05T00:25:41+08:00,taptap_review,moment:822626917852121971,5,TapTap,https://www.taptap.cn/review/49481975
呃……这个游戏除了找文物，，然后呢？不是送靠山吗。,2026-07-05T00:26:39+08:00,taptap_review,moment:822627160308059769,4,TapTap,https://www.taptap.cn/review/49481989
新手容易上手   看运气,2026-07-05T00:43:11+08:00,taptap_review,moment:822631323863616353,4,TapTap,https://www.taptap.cn/review/49482195
太好玩了！我玩兰直接搞到鬼玺了,2026-07-05T01:06:09+08:00,taptap_review,moment:822637100493964106,5,TapTap,https://www.taptap.cn/review/49482434
我的九龙九凤冠啊啊啊，已经捡到了，结果拿在手上就消失了，回到车上还是没有，超自然我恨你,2026-07-05T01:23:49+08:00,taptap_review,moment:822641547030825749,3,TapTap,https://www.taptap.cn/review/49482573
不给我出好东西,2026-07-05T02:05:22+08:00,taptap_review,moment:822652004839984546,3,TapTap,https://www.taptap.cn/review/49482875
四队的贵哥会不会太少了点？,2026-07-05T02:07:39+08:00,taptap_review,moment:822652580407543614,2,TapTap,https://www.taptap.cn/review/49482889
抄自然,2026-07-05T02:41:50+08:00,taptap_review,moment:822661181440262547,1,TapTap,https://www.taptap.cn/review/49483098
建模塑料，玩法一般，原作是致命公司直接抄，因为爆火导致很多游戏也做了相同类别的游戏，游戏环境不怎么样，低龄很多，如果单纯是喜欢摸金的，可以试试，需要氪的地方太多了，不建议,2026-07-05T02:42:16+08:00,taptap_review,moment:822661292106973913,1,TapTap,https://www.taptap.cn/review/49483102
"超自然就是个乐子游戏 这个小破游戏卡的要死 
老是动不动就卡一下 整的没有想玩的欲望了
玩着玩着就破防这个卡的😂😂",2026-07-05T03:49:35+08:00,taptap_review,moment:822678230954672795,1,TapTap,https://www.taptap.cn/review/49483416
把把都有野生大金,2026-07-05T07:01:08+08:00,taptap_review,moment:822726437898290331,5,TapTap,https://www.taptap.cn/review/49483896
阴成啥了？挂多成啥了？,2026-07-05T08:20:10+08:00,taptap_review,moment:822746326331556524,5,TapTap,https://www.taptap.cn/review/49484232
还行，就是挂多的要死,2026-07-05T08:21:55+08:00,taptap_review,moment:822746768402809444,5,TapTap,https://www.taptap.cn/review/49484241
角色的一些皮肤长得不是很好看。其他的我觉得都还好。,2026-07-05T09:14:39+08:00,taptap_review,moment:822760038249530283,3,TapTap,https://www.taptap.cn/review/49484626
666虫谷爆率还是太高了,2026-07-05T10:02:44+08:00,taptap_review,moment:822772136971076418,5,TapTap,https://www.taptap.cn/review/49485018
这个蛇精病设计的啥啊恶心的要死，别的图怪碰到了是自相残杀，这个蛇和偶碰到了开启了第2形态一直追着杀玩家？？？有毒吧,2026-07-05T10:12:49+08:00,taptap_review,moment:822774674604688697,2,TapTap,https://www.taptap.cn/review/49485097
多出点地图吧,2026-07-05T10:26:17+08:00,taptap_review,moment:822778064831252627,5,TapTap,https://www.taptap.cn/review/49485218
超级好玩，只要号白就能练出老多大金，在蜀道入口练出龙舟送吉了，真的没有P图,2026-07-05T10:34:21+08:00,taptap_review,moment:822780095381899644,5,TapTap,https://www.taptap.cn/review/49485299
就是大金差点意思，把爆率提高点,2026-07-05T10:34:48+08:00,taptap_review,moment:822780205708870676,4,TapTap,https://www.taptap.cn/review/49485308
出金概率高,2026-07-05T10:43:03+08:00,taptap_review,moment:822782285542590178,4,TapTap,https://www.taptap.cn/review/49485405
我上传了自定义头像后，手动除了图片，头像并没有成功生效，系统依然判定更换头像，锁定24小时冷却时间，多次联系游戏客服无法解除限制，请求运营后台重置冷却时长。,2026-07-05T11:30:53+08:00,taptap_review,moment:822794321701899434,4,TapTap,https://www.taptap.cn/review/49485914
爆率高了，玩的舒服了,2026-07-05T11:37:47+08:00,taptap_review,moment:822796057736906771,5,TapTap,https://www.taptap.cn/review/49486000
跟朋友还挺好玩的，基本局局出两个大金,2026-07-05T11:39:38+08:00,taptap_review,moment:822796524315479242,5,TapTap,https://www.taptap.cn/review/49486031
什么都不想说。再管管挂吧！！,2026-07-05T11:56:28+08:00,taptap_review,moment:822800759929177841,1,TapTap,https://www.taptap.cn/review/49486209
这爆率还可以，就是有点圈米,2026-07-05T11:59:19+08:00,taptap_review,moment:822801479134873697,5,TapTap,https://www.taptap.cn/review/49486240
基本每把都有大金,2026-07-05T12:05:53+08:00,taptap_review,moment:822803129660608469,5,TapTap,https://www.taptap.cn/review/49486303
好玩但是挂多,2026-07-05T12:09:31+08:00,taptap_review,moment:822804044325064041,4,TapTap,https://www.taptap.cn/review/49486350
还不错，看运气。,2026-07-05T12:22:33+08:00,taptap_review,moment:822807325298395768,5,TapTap,https://www.taptap.cn/review/49486488
本来还挺好的，火了之后就圈钱，游戏bog也不修，玩法虽然多但除了爬山都是抄的，风气也是非常差。理智玩的没几个，说说不好的点还怎么被别人骂,2026-07-05T12:53:05+08:00,taptap_review,moment:822815008508349534,1,TapTap,https://www.taptap.cn/review/49486873
Ok啊，简直拉完了一直延迟一直爽，一直延迟一直爽脸蛋从白色的变成红色的挂饰一大堆官方是不管的皮肤是必须出的武器是乱加强的新角色是超标的哎呦我去，还有这么多魅挂的反正就是不介意,2026-07-05T13:12:37+08:00,taptap_review,moment:822819925109245158,1,TapTap,https://www.taptap.cn/review/49487119
管管外挂提升爆率,2026-07-05T13:27:14+08:00,taptap_review,moment:822823602612078821,3,TapTap,https://www.taptap.cn/review/49487342
"一直吞我消息几个意思[表情_泪目]大号队伍和私信看不见消息小号发不出消息，不止我一个人这种情况有时候我朋友也看不见
[表情_举手]建议：艾伦视角指定一个人共享地图视角，申请共享，邀请你共享[表情_举手]",2026-07-05T13:36:43+08:00,taptap_review,moment:822825989892474167,4,TapTap,https://www.taptap.cn/review/49487467
"🌃画面音乐：
好",2026-07-05T13:45:59+08:00,taptap_review,moment:822828321929693631,4,TapTap,https://www.taptap.cn/review/49487582
很卡1000把都没出大红,2026-07-05T13:58:54+08:00,taptap_review,moment:822831570204232434,4,TapTap,https://www.taptap.cn/review/49487753
鬼新娘太难打,2026-07-05T14:05:53+08:00,taptap_review,moment:822833329127557134,4,TapTap,https://www.taptap.cn/review/49487841
抓怪一直抓不到爆率也是感人的,2026-07-05T14:18:54+08:00,taptap_review,moment:822836603419362994,1,TapTap,https://www.taptap.cn/review/49488025
特别好玩，很有意思,2026-07-05T14:19:31+08:00,taptap_review,moment:822836758000436350,5,TapTap,https://www.taptap.cn/review/49488038
我的妈呀超自然你恶不恶心说到底不就是抄袭吗？还有你那个挂多的是圈钱也圈的那么牛逼，不就抄袭第五人格的吗我的妈呀超自然你18码了吧？骂我都18马哈超自然你要点脸这辈子我玩过最恶心的游戏路边一条，听我朋友说这个抄第五人格抄的很厉害，我一去玩发现果然如此还那么多开贵的圈钱还那么牛逼,2026-07-05T14:22:34+08:00,taptap_review,moment:822837527764274797,1,TapTap,https://www.taptap.cn/review/49488087
什么垃圾游戏啊，爆率低，他妈怪物也是像傻逼似的，他妈上来就打两下，上来就打两下，打又打不死，他妈的全都是无敌似的特定怪异物也是这样鸟样子吗？蝙蝠他妈咬两下就上去，然后两下就上去死鲶鱼也是，咬一下又溜走，也是怪鸟也是几乎全部怪物都是这样的鸟样，傻子运营的又说什么为玩家着想结果呢一坨答辩，都见不得你们说什么好，其他的只有一小部分人全都是爆率不行，怪物又多，地图也他妈乱七八糟，爆率低就算了，你妈的怪物可能不能修改好啊，他妈的，史莱姆都打不死，他妈像个傻子跟着人，一大群怪物围到你身边，你刚打完其他一个，另一个又扑上来，我玩你妈破产之后又要去那个古城，直爆率更加低，他妈怪物也是像个阴间似的你不修改好只是一坨答辩,2026-07-05T14:43:50+08:00,taptap_review,moment:822842880891553297,1,TapTap,https://www.taptap.cn/review/49488345
真的你管管挂能怎?,2026-07-05T15:05:15+08:00,taptap_review,moment:822848270274397611,1,TapTap,https://www.taptap.cn/review/49488626
给个凤冠和珠子更好了,2026-07-05T15:06:23+08:00,taptap_review,moment:822848554694348491,4,TapTap,https://www.taptap.cn/review/49488637
爆金高,2026-07-05T15:12:49+08:00,taptap_review,moment:822850173158820732,5,TapTap,https://www.taptap.cn/review/49488713
没有游戏体验感，爆率太低了,2026-07-05T15:17:13+08:00,taptap_review,moment:822851279561688987,1,TapTap,https://www.taptap.cn/review/49488777
四队太好玩了打破产了,2026-07-05T15:50:39+08:00,taptap_review,moment:822859692219828963,5,TapTap,https://www.taptap.cn/review/49489198
怎么这么卡呀？,2026-07-05T16:05:41+08:00,taptap_review,moment:822863476513836324,4,TapTap,https://www.taptap.cn/review/49489390
乐子游戏，史上防盗号倒数第一安全的游戏，史上开挂倒数第一难的游戏，史上玩家开挂倒数第一少的游戏，史上最乐子玩家倒数第一少的游戏，史上标志倒数第一少的游戏，史上伪人场外倒数第一少的游戏[表情_开心][表情_开心],2026-07-05T16:15:43+08:00,taptap_review,moment:822866001979770635,1,TapTap,https://www.taptap.cn/review/49489516
我真的搞不懂，你特么出一个新地图，怪多到离谱，你们自己是不玩自己的游戏吗，有多恶心人，你们自己不知道嘛，开完棺特么才28万，你超自然特么活不起了吗，爆率真的一坨，能不能学学隔壁的三角洲,2026-07-05T16:30:25+08:00,taptap_review,moment:822869701607556352,1,TapTap,https://www.taptap.cn/review/49489697
十分好玩，爆率也高,2026-07-05T16:41:32+08:00,taptap_review,moment:822872500349174601,5,TapTap,https://www.taptap.cn/review/49489816
"游戏官方账号安全性不得到保证，在密码没有二次泄露与陌生人的情况下，被他人强行暴力拆解密码导致盗号，且在知道游戏环境大多是未成年的情况下，放任外挂，卖黄片账号，在游戏公屏上喊话。而且游戏内环境差，且游戏内语音开麦的情况下，有玩家将开麦玩家的声音录成AI低俗片公然外放。
我所放的图片是被盗玩家的账号，属于异常账号，且游戏金额充值已到达近万元。举报通道只有战绩外放，否则无法举报异常账户。他真的很拉。嗯，如果可以的话，大家可以帮忙试着举报一下封号了也没关系是7月4号下午被盗",2026-07-05T16:41:45+08:00,taptap_review,moment:822872554589915132,1,TapTap,https://www.taptap.cn/review/49489822
十分不错，非常good，在你穷困潦倒的时候，他会很扶持你的，给你一局有很多大金，我是捡了两个，一个轻狂犬仗，一个什么星球仪,2026-07-05T16:53:41+08:00,taptap_review,moment:822875557334090707,5,TapTap,https://www.taptap.cn/review/49489959
卡死了都没有人管，每次都卡死，装备每次都掉，人一多就卡，怪一多也卡，有挂也卡，没有也卡，破土豆服务器,2026-07-05T17:07:34+08:00,taptap_review,moment:822879050048472217,1,TapTap,https://www.taptap.cn/review/49490119
新怪物设计成什么样子自己心里有点数吗，猜拳那新怪一直锁一直锁还打不死，傩面是难出的要死的，还有那个不蛇不人的东西恶不恶心，做的跟秦临龙宫刚出来的强度没什么区别，自己玩过没，两个怪能同时攻击，你有没有想过单人玩家怎么办，做游戏光圈钱了，挂是满地有的，游戏体验是没有的，怪物是越来越超模的，到底在做游戏还是在敷衍人，不会做换个人行不行,2026-07-05T17:38:10+08:00,taptap_review,moment:822886750597678700,1,TapTap,https://www.taptap.cn/review/49490510
我玩的时候卡的不行，卡得要命，还圈钱圈的要命，还有那个伪人讲话怪恐怖的,2026-07-05T17:44:35+08:00,taptap_review,moment:822888367891942480,2,TapTap,https://www.taptap.cn/review/49490592
最包容挂的游戏呀 bug是不管的 听劝是只听自己乐意听的，还有就是最爱露行动组呀😍😍,2026-07-05T18:15:09+08:00,taptap_review,moment:822896059284981470,1,TapTap,https://www.taptap.cn/review/49490917
玩法再多一点，bug再少一点就ok了。,2026-07-05T18:17:45+08:00,taptap_review,moment:822896712333918316,4,TapTap,https://www.taptap.cn/review/49490946
游戏爆率太高了，太好玩了，我会一直玩下去。,2026-07-05T18:18:10+08:00,taptap_review,moment:822896819842319394,5,TapTap,https://www.taptap.cn/review/49490951
可以可以，四对四个关，就一个面具,2026-07-05T18:30:18+08:00,taptap_review,moment:822899870879713672,3,TapTap,https://www.taptap.cn/review/49491086
这一个到底是不是官服,2026-07-05T18:41:25+08:00,taptap_review,moment:822902669692633909,5,TapTap,https://www.taptap.cn/review/49491205
圈钱游戏 诱导刷钱 橡皮泥建模 审核不严厉 广告超级多 卖pian也多,2026-07-05T19:06:25+08:00,taptap_review,moment:822908960892782314,1,TapTap,https://www.taptap.cn/review/49491513
爆率超高，渠道入口出20万大金。,2026-07-05T19:35:08+08:00,taptap_review,moment:822916186252509798,5,TapTap,https://www.taptap.cn/review/49491876
说白了叫什么超自然啊叫抄自然还差不多，有什么东西是没抄的心里没点数吗，闹麻了什么都抄我玩的游戏没有一个是幸免的，恶不恶心，还圈钱，人做的丑皮肤做的丑动作僵硬的要死还非要搞舞蹈，别逗你爸我笑了,2026-07-05T19:53:07+08:00,taptap_review,moment:822920712883800871,1,TapTap,https://www.taptap.cn/review/49492096
玩了几把就出了诡计，真的爆率很高,2026-07-05T19:53:13+08:00,taptap_review,moment:822920738636825294,5,TapTap,https://www.taptap.cn/review/49492099
该烂的地方还是烂，新手玩家全靠自己摸索搜攻略，没有任何一个人去指导，全都是大厅里面全都是找背包，单排的爆率低，带小抄都不够撤，有人跟开了挂一样连出两个大金，四人摸金还硬要整双人棺，三人棺，物资分配不均匀，补齐队友还容易碰上两三个人抓怪的，尤其是新地图，如果爆率低一点，那够撤吗这把，除非跟自己好朋友玩，那问题是萌新有人去带吗，你身边附近有人玩这个游戏吗，这个游戏玩的人年纪能小到哪里去，不用我多说吧，大部分都是小孩子。这个人因为鬼玺和铜像，捡了还不救我，这种人给我挡一辈子灾去吧，仓库价值那么高，全都是抢来的吧，为了一点虚拟货币，连人都不做。（个人观点，全吐槽，祝你全程星光璀璨）,2026-07-05T20:03:51+08:00,taptap_review,moment:822923415634575780,1,TapTap,https://www.taptap.cn/review/49492237
能不能戏偶和蛇妖同时在场，被其中一个锁时另一个会离开，不然两个循环碎摸金符太恶心,2026-07-05T20:06:55+08:00,taptap_review,moment:822924185633294236,5,TapTap,https://www.taptap.cn/review/49492273
我们对挂0容忍,2026-07-05T20:07:00+08:00,taptap_review,moment:822924204524441336,1,TapTap,https://www.taptap.cn/review/49492276
这个死游戏亏我还是最喜欢玩你的，妈的，打个四队全他妈是挂，可玩性也是0%。怎么说，别人几百把就出圣杯，我们几万把也打不出圣杯，还有，你这个网络是真的有点NB，什么叫做5g网玩着卡爆了，把那个流量开着也是一坨，我给你充500多，你开心就算了，隔壁蛋仔做的啥都比你好，我也是无语了，我之前还站在你那边去骂蛋仔，结果接触了我也是终于知道为什么别人不玩你这个死游戏，网卡爆了，全是红丸，摸个金呢，又是看小抄补齐队友的，不是忘本薇薇安，就是忘本丽丽，也是一群人才，妈的，还有新出的那个什么死地图，新出的那两个怪物，你是不是认为自己做的老好看了，其实也是一大坨，尤其是那个什么78蛇妖，我的妈呀，他是不是认为自己老帅了，天天搁那儿去挑你下巴，还有那个精绝女王，长得也是丑爆了，还天天发什么东西，说的是大老婆，不是那个死指甲壳跟有病一样，我的妈呀，你还专招些人盗一些大主播的视频，来给你这个死游戏打广告，你好意思吗，我也是不想说了,2026-07-05T20:10:47+08:00,taptap_review,moment:822925158187532433,1,TapTap,https://www.taptap.cn/review/49492319
不知道为什么，选择相机头像上传不了,2026-07-05T20:15:42+08:00,taptap_review,moment:822926396786475639,5,TapTap,https://www.taptap.cn/review/49492382
这款游戏玩了一年多了，挺好玩的，很多模式都玩过了，最喜欢的就是这个最新出的云南虫谷,2026-07-05T20:16:40+08:00,taptap_review,moment:822926638541967233,5,TapTap,https://www.taptap.cn/review/49492392
s4魔盒玩家现在已卖号，我说白了这游戏就是一坨，画质差建模差还吃设备，我真的搞不懂哈，绝版皮肤一大堆，免费皮肤及常驻皮少的可怜（就继续圈吧），最开始玩还是因为画风有点像第五人格才去的，我还以为是第5人格工作室出的小游戏，结果发现是画风神似第五的抄袭游戏，后面经过了解发现玩法抄袭国外致命公司，皮肤还抄袭国内一些创作者，就连角色背景故事都要借鉴一下第五（这里就点名一下孤儿院照片吧），现在第五出了个摸金模式我也是果断弃掉了😋,2026-07-05T20:50:31+08:00,taptap_review,moment:822935159123741981,1,TapTap,https://www.taptap.cn/review/49492860
"好玩，

希望提高爆率",2026-07-05T21:01:57+08:00,taptap_review,moment:822938036101712035,5,TapTap,https://www.taptap.cn/review/49493115
能不能给我出一个大红啊，总是处理不够，我很崩溃了,2026-07-05T21:40:36+08:00,taptap_review,moment:822947762113874245,2,TapTap,https://www.taptap.cn/review/49493798
非常好啊，就是说之前我和我和我朋友玩的时候，他拿到一个浑天仪。后面呢，过了不没多久，我又拿了一个浑天仪。也是可玩性比较高。,2026-07-05T21:52:15+08:00,taptap_review,moment:822950694028838164,5,TapTap,https://www.taptap.cn/review/49493940
"玩着还行，我属于那种又菜又爱玩的那种

🌃画面音乐：
还可以

🎮可玩性：
可",2026-07-05T22:30:52+08:00,taptap_review,moment:822960410306020512,5,TapTap,https://www.taptap.cn/review/49494589
不如原神,2026-07-05T22:46:15+08:00,taptap_review,moment:822964282122568091,1,TapTap,https://www.taptap.cn/review/49494777
到底削不削弱伞  恶心死了 和你这款游戏一样恶心,2026-07-05T22:59:30+08:00,taptap_review,moment:822967618662040053,1,TapTap,https://www.taptap.cn/review/49494935
老幺幺的盗号卖黄片的一大堆,2026-07-05T23:17:30+08:00,taptap_review,moment:822972145477880275,1,TapTap,https://www.taptap.cn/review/49495183
"这一颗心我是给小熊猫的。四队挂就封一两个小时，还有圈钱圈的是真多谁家好人刚出了一个皮肤，才过一两天，又出另一个皮肤啊并且都以为那个耀世是最好的皮肤了，结果又出了一个什么幻梦星耀，皮肤建模还丑的要死。抄袭了好多游戏，我都懒得喷，加个黑眼圈就是自己皮肤了，继续圈钱。

而且这个游戏玩多了特别不好玩就是你玩多了，你铲铲币多了，就感觉无所谓这个游戏特别无聊，每天就只能在大厅发呆。

爆率每次也是低的离谱，古城极限开全关也凑不齐金额人家昆仑噩梦开了全关也凑不齐金额，撤离不了，我真的都不想说什么了。

画面:丑

总结:刚开始玩还行到了后面越了解越厌恶这个游戏并且玩多了也很腻。

我真是服了，我都不想浪费这么多时间搁这里说了。反正一句话，这个游戏就是不好玩就是纯抄袭游戏，喷我就喷我，反正就是这个样子。",2026-07-05T23:19:41+08:00,taptap_review,moment:822972695942530161,1,TapTap,https://www.taptap.cn/review/49495213
可恶的超自然，虫谷抓怪死，摸金死，你的分配机制能不能好点，时不时还要忍受卡顿，游戏不能经常玩，省的洗不好号气死了,2026-07-05T23:34:23+08:00,taptap_review,moment:822976397508087412,1,TapTap,https://www.taptap.cn/review/49495404
回游了，蜀道入口出面具这一块,2026-07-05T23:55:22+08:00,taptap_review,moment:822981677390233692,5,TapTap,https://www.taptap.cn/review/49495653
玩了几千吧大红一个影子都没看见,2026-07-06T00:26:44+08:00,taptap_review,moment:822989571468823072,1,TapTap,https://www.taptap.cn/review/49496020
太好玩了，新地图进去就是梦魇鬼新娘，好玩，太好玩了。,2026-07-06T01:21:35+08:00,taptap_review,moment:823003373862126079,5,TapTap,https://www.taptap.cn/review/49496489
"这真的是史，也就坑坑小朋友了，圈钱神游。
开服玩家，在去年昆仑出来之前觉得游戏也不错，在移动端没有竞品，虽然抄袭了，但还是值得一玩，古城爆率也不错，难度适可，也不强制组队。
从25年暑期昆仑上线，抽象的噩梦地图爆率，和阴间的怪物让它迎来了一波吐槽，我也是被策划的脑回路震惊，不增爆率反倒继续出新怪。后来又出了个双人棺强制组队。
我当时也是有执念，非要开出圣杯，最终在昆仑吃了半个月的史后开到了，然后退坑跑路。
在26年初的时候，听说上线了个龙宫地图，怪物超多，爆率贼低，单人撤离难上加难，连我这个已经退坑的人都刷到了骂它都视频，我也是释然了，一笑而过。
前段时间被朋友拉来回坑玩玩，出了个新的云南虫谷，进去体验了几把又吃到了一大坨，依旧阴间怪物，超大立体地图，单人想开全棺？做梦去吧。
还有好几个双人棺，看的出策划真的不想让玩家单人摸金。
还有那个构思男🐍妖，你处决就初决，搞那么暧昧干嘛，你TM是乙游吗？我看完处决动画差点吐那里，真够恶心的。
还有这个抄袭问题，越来越严重，不过想想也正常，巨人网络，早年球球大作战百万氪就卖了一个贴图的游戏。让这个b厂商好好做游戏是不可能的，灵感是必须借鉴别人的。
这都快两年了，画质也是没一点变化，圈钱的劣质皮肤倒是越来越多了。",2026-07-06T03:40:17+08:00,taptap_review,moment:823038278214091974,1,TapTap,https://www.taptap.cn/review/49497165
云南虫谷的普通爆率还可以,2026-07-06T06:57:00+08:00,taptap_review,moment:823087783668092541,5,TapTap,https://www.taptap.cn/review/49497612
超自然你就继续加强你那个怪物和连弩吧，玩家一点也不苦，一点也不累。天天去给你摸破烂加强角色就加强角色，加强怪物和连弩是啥意思？新地图，云南虫谷的连弩，你自己看笑没笑？还有我们的兵勇，大雄，大哥哥们，一枪一个摸金符那还说啥给你了呗。拉完了好吧,2026-07-06T07:43:06+08:00,taptap_review,moment:823099385540774554,1,TapTap,https://www.taptap.cn/review/49497746
"画面曝光，亮的眼睛疼，没有宣传片那种阴森古墓的氛围，我之前也玩过，这次是回游，我记得这游戏没有出晴天版吧

✍🏻建议:我建议把画面的曝光改了，亮的眼睛疼",2026-07-06T08:57:10+08:00,taptap_review,moment:823118025434597267,2,TapTap,https://www.taptap.cn/review/49498156
爆率非常的高,2026-07-06T09:14:23+08:00,taptap_review,moment:823122358926574661,5,TapTap,https://www.taptap.cn/review/49498280
四队很好玩，但是建议不要打，因为很容易破产。,2026-07-06T09:46:21+08:00,taptap_review,moment:823130403903635786,5,TapTap,https://www.taptap.cn/review/49498500
太好玩了，牛逼的，爆率特别高。😘😘😘😘,2026-07-06T09:54:33+08:00,taptap_review,moment:823132467404735708,5,TapTap,https://www.taptap.cn/review/49498570
其实还不错 但是太圈了  我保底了！,2026-07-06T09:54:36+08:00,taptap_review,moment:823132479283005954,3,TapTap,https://www.taptap.cn/review/49498571
运气确实有点儿好 建议大家都来玩云南古城,2026-07-06T10:10:01+08:00,taptap_review,moment:823136359458801513,5,TapTap,https://www.taptap.cn/review/49498693
爆率挺高，太好玩了,2026-07-06T10:35:08+08:00,taptap_review,moment:823142681340284275,5,TapTap,https://www.taptap.cn/review/49498918
好玩好帅,2026-07-06T10:36:43+08:00,taptap_review,moment:823143078293406694,5,TapTap,https://www.taptap.cn/review/49498929
都是挂的土豆服务器，还爱吭钱，虽然好玩，但只限于单队，多队全是挂，根本不让绿玩活着。,2026-07-06T11:01:06+08:00,taptap_review,moment:823149213373171175,1,TapTap,https://www.taptap.cn/review/49499162
我想问一下为什么我的超自然不能换头像整体来说超级好玩画质超好,2026-07-06T11:12:01+08:00,taptap_review,moment:823151960130587499,4,TapTap,https://www.taptap.cn/review/49499248
爆率真的很高,2026-07-06T11:16:27+08:00,taptap_review,moment:823153076981468791,5,TapTap,https://www.taptap.cn/review/49499287
到底你们这个游戏有没有人管 号被盗了 这里卡那里卡 现在还要具体注册时间 我怎么找  找人工也没有 还能不能管了 申请找回也不可以 别人盗了在玩啊 肯定会上线,2026-07-06T11:25:45+08:00,taptap_review,moment:823155418392955209,5,TapTap,https://www.taptap.cn/review/49499391
卡死了,2026-07-06T11:38:02+08:00,taptap_review,moment:823158510207372482,1,TapTap,https://www.taptap.cn/review/49499515
"🌃画面音乐：
很好，",2026-07-06T11:57:07+08:00,taptap_review,moment:823163312366683067,5,TapTap,https://www.taptap.cn/review/49499694
是官服吗,2026-07-06T12:28:30+08:00,taptap_review,moment:823171208437566814,5,TapTap,https://www.taptap.cn/review/49499979
"这游戏玩了很久了，一开始觉得挺好的，但是这游戏里面挂狗挺多的，游戏环境也不好，大厅里面常常可以看到各种污言秽语，并且这个游戏还是抄袭的Steam上面的游戏的，所以说这种游戏赶紧下架吧

🎮可玩性：
 这个玩法可以说是抄袭的有模有样，确实挺好玩的，但是里面的怪物基本上没有一个是原创的，以前出的大部分怪物都是抄的致命公司😂",2026-07-06T13:20:23+08:00,taptap_review,moment:823184267159800801,2,TapTap,https://www.taptap.cn/review/49500497
挺好的，要是能免费送点皮肤更好了,2026-07-06T13:42:57+08:00,taptap_review,moment:823189943638559959,5,TapTap,https://www.taptap.cn/review/49500756
爆率有点低。拜托超自然修复一下闪退问题。其他没了，OK？,2026-07-06T13:54:25+08:00,taptap_review,moment:823192830280205936,4,TapTap,https://www.taptap.cn/review/49500873
丢了两个号,2026-07-06T14:13:25+08:00,taptap_review,moment:823197613670007701,1,TapTap,https://www.taptap.cn/review/49501071
玩兰爆率很高，简直无敌了，基本玩来每次出一个大金,2026-07-06T15:03:20+08:00,taptap_review,moment:823210172867414161,5,TapTap,https://www.taptap.cn/review/49501604
打久了也就四队有意思,2026-07-06T15:12:44+08:00,taptap_review,moment:823212539939654736,3,TapTap,https://www.taptap.cn/review/49501699
建议把开挂的封号10年以上,2026-07-06T15:16:27+08:00,taptap_review,moment:823213475382692347,5,TapTap,https://www.taptap.cn/review/49501743
你出的新系统你自己玩过没有就推出来,2026-07-06T15:33:39+08:00,taptap_review,moment:823217802289613242,1,TapTap,https://www.taptap.cn/review/49501937
挂是不管的，钱是必⭕的,2026-07-06T15:51:35+08:00,taptap_review,moment:823222318187677253,1,TapTap,https://www.taptap.cn/review/49502133
很好玩，新出的怪物和地图建模也很精致。就是地图太大了，建议时间加长一点比较好。,2026-07-06T16:20:05+08:00,taptap_review,moment:823229489617044688,5,TapTap,https://www.taptap.cn/review/49502478
难图怪多理解但蛇妖打不死是什么意思时不时就来爆摸金符一腰包都不够用。消耗玩家铲铲币也不着用这么恶心的方法吧,2026-07-06T16:31:24+08:00,taptap_review,moment:823232338191188454,1,TapTap,https://www.taptap.cn/review/49502604
这个爬山模拟器不会做穿模就别做呗，抓个岩钉突然受伤100,2026-07-06T16:51:39+08:00,taptap_review,moment:823237434723535554,3,TapTap,https://www.taptap.cn/review/49502857
星期六本来在找游戏玩，居然找到了这个,2026-07-06T17:00:53+08:00,taptap_review,moment:823239756274991226,5,TapTap,https://www.taptap.cn/review/49502949
操作简单，新手入门没什么困难，关卡通俗易懂，玩法也不错,2026-07-06T17:02:07+08:00,taptap_review,moment:823240068368959238,5,TapTap,https://www.taptap.cn/review/49502960
别玩四队，队友真不好，摸金概率还低,2026-07-06T17:06:53+08:00,taptap_review,moment:823241264756425905,1,TapTap,https://www.taptap.cn/review/49503006
经朋友介绍玩了一会 还行挺好玩的 建模也行,2026-07-06T17:31:39+08:00,taptap_review,moment:823247501178962258,5,TapTap,https://www.taptap.cn/review/49503281
爆率非常的高,2026-07-06T17:31:59+08:00,taptap_review,moment:823247582586209132,5,TapTap,https://www.taptap.cn/review/49503285
特别好玩，第1个棺就抽到了30万的混天仪,2026-07-06T18:04:22+08:00,taptap_review,moment:823255732253099584,5,TapTap,https://www.taptap.cn/review/49503669
国风古墓场景很有内味儿，烛火、石壁图腾这些小细节很用心.撤离模式很有博弈感，既要躲怪物，还要小心其他队伍偷袭，刺激又好玩[表情_吃瓜],2026-07-06T18:07:05+08:00,taptap_review,moment:823256418302822914,5,TapTap,https://www.taptap.cn/review/49503697
运气超好，遇到一个好房间，直接练出了鬼玺,2026-07-06T18:07:46+08:00,taptap_review,moment:823256586909650940,5,TapTap,https://www.taptap.cn/review/49503706
恐怖氛围搞的还行，交战搜完就撤，可玩性很高,2026-07-06T18:07:55+08:00,taptap_review,moment:823256627095274602,5,TapTap,https://www.taptap.cn/review/49503708
垃圾游戏，建模跟那个纸扎人一样，外挂还多,2026-07-06T18:13:20+08:00,taptap_review,moment:823257989669453983,1,TapTap,https://www.taptap.cn/review/49503770
"虽然是2个月玩家,但现在在龙宫炼狱和新图虫谷炼狱算是10撤8,9的水平,目前来说虫谷的体验远比龙宫要差,龙宫虽然难,但至少恶心人的情况算少,虫谷2个boss的机制目前来说完全就是恶心人来的,蛇妖动画别的不提就那10多秒的硬控你就看吧,戏偶往那一站堵路堵1分钟都不是不行,遇到这2玩意一块你得碎个符才能过去,二熊、胖兵俑是龙宫怪还给搬过来,虫谷要这玩意干啥,你哪怕换2个有新意有难度的怪上去我也认了,地图更大,初始时间不变,虫谷几个爆率明显略高的棺动画时间又长,正式版要还是这样,这游戏要活换个策划",2026-07-06T18:29:05+08:00,taptap_review,moment:823261953953630916,3,TapTap,https://www.taptap.cn/review/49503952
玩法新颖，还是蛮好玩的，就是得认路,2026-07-06T18:37:15+08:00,taptap_review,moment:823264008973847993,5,TapTap,https://www.taptap.cn/review/49504031
就是一个圈钱小游戏来的呀签了差不多1千多然后皮肤还跟坨屎一样就是不值得哈而且还不能未成年退款…,2026-07-06T18:47:32+08:00,taptap_review,moment:823266594992948007,1,TapTap,https://www.taptap.cn/review/49504146
爆率高了,2026-07-06T18:59:31+08:00,taptap_review,moment:823269612106810850,5,TapTap,https://www.taptap.cn/review/49504260
超自然 我并不知道您这是怎么了自己看看云南虫谷那个怪看地图的时候莫名其妙就来个纸娃娃吸血还有那个雷霆蛇妖自己溜达溜达往我这来了没打还打我还有那个蝎灵儿到处引狼做游戏有这样做的吗,2026-07-06T19:08:41+08:00,taptap_review,moment:823271918319698852,1,TapTap,https://www.taptap.cn/review/49504383
非常非常好玩，爆率非常高，就是有一个缺点，玩的前几天绝对开不出来啥好东西，后面才会,2026-07-06T19:10:26+08:00,taptap_review,moment:823272360135099562,5,TapTap,https://www.taptap.cn/review/49504411
"你现在爆率越来越低了哈，别这样对我😭
     但是我还是最爱你，以后对我好点吧😍",2026-07-06T19:16:32+08:00,taptap_review,moment:823273895183253618,5,TapTap,https://www.taptap.cn/review/49504476
挺好的，不过紫皮有点贵,2026-07-06T19:19:25+08:00,taptap_review,moment:823274617685674753,5,TapTap,https://www.taptap.cn/review/49504513
爆率再高一点就好,2026-07-06T19:26:28+08:00,taptap_review,moment:823276392375389731,5,TapTap,https://www.taptap.cn/review/49504587
Bug很多，兰妈出镜率很高,2026-07-06T19:27:17+08:00,taptap_review,moment:823276600618389171,5,TapTap,https://www.taptap.cn/review/49504594
容易被盗号,2026-07-06T19:27:45+08:00,taptap_review,moment:823276715978526300,1,TapTap,https://www.taptap.cn/review/49504602
好评全是水军😋开服不久还挺好，后面越来越圈，抄完这个抄那个哦。还只会玩阴的,2026-07-06T19:28:37+08:00,taptap_review,moment:823276934388516935,1,TapTap,https://www.taptap.cn/review/49504612
"特别特别好玩
用蓝
用兰在蜀道入口炼制东西第一次练出了楚辞天书，还有一次练出了鬼玺",2026-07-06T19:34:51+08:00,taptap_review,moment:823278502932383262,4,TapTap,https://www.taptap.cn/review/49504684
不止有摸金玩法，还可以合成，非常好玩，出金概率非常高，喜欢超自然，。。,2026-07-06T19:39:13+08:00,taptap_review,moment:823279600476883302,5,TapTap,https://www.taptap.cn/review/49504729
四队外挂太多了吧，每三把差不多就有挂,2026-07-06T19:55:53+08:00,taptap_review,moment:823283795233866136,1,TapTap,https://www.taptap.cn/review/49504904
不要玩哈大家这个游戏保护能力不咋行盗号的一大堆不要玩哈安全性差的要死不说了搞了一个申诉搁这搞笑呢申诉搁这给别人看,2026-07-06T20:17:57+08:00,taptap_review,moment:823289351159940173,1,TapTap,https://www.taptap.cn/review/49505147
这个导航还可以再牛鬼一点，新地图这个怪的数量和组合，官方自己设计的时候笑了吗？，没有半颗星，这让我很难受，贵是一点不管的，玩家的死活也是一点不顾的，可以可以,2026-07-06T20:19:56+08:00,taptap_review,moment:823289849116101663,1,TapTap,https://www.taptap.cn/review/49505170
玛雅爆率高高,2026-07-06T20:23:00+08:00,taptap_review,moment:823290622868718849,4,TapTap,https://www.taptap.cn/review/49505199
不值得玩，一星都不想给的，没吃过史的可以去试试，简直就是最强粪作，粪坑最底层的那种,2026-07-06T20:35:55+08:00,taptap_review,moment:823293872074393989,1,TapTap,https://www.taptap.cn/review/49505360
画质很差，完全简圈钱 号被盗了,2026-07-06T20:40:58+08:00,taptap_review,moment:823295140490641652,1,TapTap,https://www.taptap.cn/review/49505435
爽，但是不打四队,2026-07-06T20:42:03+08:00,taptap_review,moment:823295415846700845,5,TapTap,https://www.taptap.cn/review/49505449
bug一堆莫名其妙就死了什么狗玩意,2026-07-06T20:44:25+08:00,taptap_review,moment:823296011265900784,1,TapTap,https://www.taptap.cn/review/49505472
这款游戏是非常好玩的游戏，福利也很多，我建议推荐玩这款游戏，我特别推荐玩这款游戏每次都能摸到大金，而且新手的话还给新手保护,2026-07-06T20:53:04+08:00,taptap_review,moment:823298187459561616,5,TapTap,https://www.taptap.cn/review/49505572
给朋友捡了很多好吃的,2026-07-06T20:55:46+08:00,taptap_review,moment:823298868299958154,5,TapTap,https://www.taptap.cn/review/49505607
一局三个浑天仪,2026-07-06T21:07:46+08:00,taptap_review,moment:823301888119145038,4,TapTap,https://www.taptap.cn/review/49505744
对于一些人来说可能很无聊，但对我个人来说刚刚好，就是官方出皮肤太勤奋了，钱包空空,2026-07-06T21:24:20+08:00,taptap_review,moment:823306055663485905,5,TapTap,https://www.taptap.cn/review/49505933
bug不修，外挂不管，爆率不改，皮肤不优化，审核是人吗,2026-07-06T21:30:06+08:00,taptap_review,moment:823307508591364364,1,TapTap,https://www.taptap.cn/review/49506011
爆率很高,2026-07-06T21:42:01+08:00,taptap_review,moment:823310504578518484,2,TapTap,https://www.taptap.cn/review/49506165
挺好玩的，希望官方能消灭掉开挂的吧,2026-07-06T21:46:10+08:00,taptap_review,moment:823311552336626240,4,TapTap,https://www.taptap.cn/review/49506215
卡的要死网好好的直接卡你屏幕,2026-07-06T21:51:57+08:00,taptap_review,moment:823313004706662144,1,TapTap,https://www.taptap.cn/review/49506300
一颗星都不想给 爆率低死了 恶心人,2026-07-06T22:02:54+08:00,taptap_review,moment:823315761593319872,1,TapTap,https://www.taptap.cn/review/49506437
就这样吧，从代号:超自然的时候开始玩，退坑几个月，发现自己跟新手一样，我就两个意见:1.能给长枪加长攻击距离吗？玩起来手感跟屎一样      2.能加个保险吗？怪那么难打都已经死习惯了,2026-07-06T22:08:24+08:00,taptap_review,moment:823317146481198108,3,TapTap,https://www.taptap.cn/review/49506506
能不能别瞎打广告啊？，莫名其妙下载，而且还删除不了，不是，哥们儿，这有点恶心了吧。,2026-07-06T22:15:51+08:00,taptap_review,moment:823319019921607320,1,TapTap,https://www.taptap.cn/review/49506600
充了差不多1万多 画面很好玩 很有趣 不卡顿 希望官方可以继续更新,2026-07-06T22:31:42+08:00,taptap_review,moment:823323007874237866,5,TapTap,https://www.taptap.cn/review/49506808
好是好就是一个人玩太无聊也没啥朋友，有要一起玩的吗我可以玩兔子😻,2026-07-06T22:41:30+08:00,taptap_review,moment:823325477656595838,5,TapTap,https://www.taptap.cn/review/49506949
爆率提高😁,2026-07-06T22:42:47+08:00,taptap_review,moment:823325800706083758,5,TapTap,https://www.taptap.cn/review/49506966
还凑合吧。,2026-07-06T22:58:10+08:00,taptap_review,moment:823329669901190815,3,TapTap,https://www.taptap.cn/review/49507165
最近爆率也是提高了，开出了很多大金好吧,2026-07-06T23:04:56+08:00,taptap_review,moment:823331371052174031,4,TapTap,https://www.taptap.cn/review/49507243
光影环境适配差，运营服务套路化，服务器是清朝吧，账户冻结没有哒,2026-07-06T23:21:14+08:00,taptap_review,moment:823335476101382766,3,TapTap,https://www.taptap.cn/review/49507460
有挂还是太爽了￼,2026-07-06T23:43:07+08:00,taptap_review,moment:823340981960049527,5,TapTap,https://www.taptap.cn/review/49507686
爆金太低。,2026-07-07T01:10:10+08:00,taptap_review,moment:823362889095055999,4,TapTap,https://www.taptap.cn/review/49508549
融合竟然出了鬼血,2026-07-07T02:50:41+08:00,taptap_review,moment:823388183659023571,5,TapTap,https://www.taptap.cn/review/49509134
"诱导未成年人氪金冷处理不给退款
本来就是个抄袭游戏给狗狗都不玩",2026-07-07T02:59:14+08:00,taptap_review,moment:823390336213584253,1,TapTap,https://www.taptap.cn/review/49509170
可以可以刚回归就给我爆大金了期待开出奶茶,2026-07-07T03:20:06+08:00,taptap_review,moment:823395585867383497,5,TapTap,https://www.taptap.cn/review/49509232
谁婆娘,2026-07-07T03:24:16+08:00,taptap_review,moment:823396635915585942,3,TapTap,https://www.taptap.cn/review/49509246
一点也不好玩，什么东西呀，天天一堆怪恶心我，打炼狱棺还不出货，撤都撤不了,2026-07-07T03:32:11+08:00,taptap_review,moment:823398626993636721,1,TapTap,https://www.taptap.cn/review/49509269
爆率太高了,2026-07-07T07:04:43+08:00,taptap_review,moment:823452112611443154,5,TapTap,https://www.taptap.cn/review/49509684
傻逼游戏， TMD，只要是这游戏的广告就强制下载，真的傻屌,2026-07-07T07:26:58+08:00,taptap_review,moment:823457711701098514,1,TapTap,https://www.taptap.cn/review/49509753
挺好玩的就是怪有点超标,2026-07-07T08:09:02+08:00,taptap_review,moment:823468300057969228,5,TapTap,https://www.taptap.cn/review/49509905
爆率有点低,2026-07-07T08:51:05+08:00,taptap_review,moment:823478883318762506,3,TapTap,https://www.taptap.cn/review/49510092
多给点福利,2026-07-07T09:32:13+08:00,taptap_review,moment:823489232751299644,3,TapTap,https://www.taptap.cn/review/49510385
我去，超自然你也是对我们玩家好了,2026-07-07T09:34:00+08:00,taptap_review,moment:823489684217794256,5,TapTap,https://www.taptap.cn/review/49510400
大金概率很高。,2026-07-07T10:32:42+08:00,taptap_review,moment:823504453373002632,5,TapTap,https://www.taptap.cn/review/49510911
官方听劝 游戏好玩上瘾,2026-07-07T10:37:08+08:00,taptap_review,moment:823505570731394386,5,TapTap,https://www.taptap.cn/review/49510953
这个游戏就是个史呀，扫码界面一进去就直接卡死了，已经玩了240多天了，就是嘛，想给我明友扫一下码，结果扫了好多次都没扫上,2026-07-07T10:51:56+08:00,taptap_review,moment:823509293851475969,5,TapTap,https://www.taptap.cn/review/49511088
本来一星都不想给的，圈死了，出个双人主页也圈，我成天除了甜双还能干嘛？双人主页难道不能按亲密关系来吗？非要圈，圈啥呢？你画圈圈啊[表情_尬笑][表情_笑哭了][表情_笑哭了][表情_笑哭了]十分不推荐特别拉胯，特别圈，特别低俗，特别坏😂😂😂,2026-07-07T10:55:32+08:00,taptap_review,moment:823510200160880438,1,TapTap,https://www.taptap.cn/review/49511129
爆率高,2026-07-07T11:03:09+08:00,taptap_review,moment:823512119956734921,5,TapTap,https://www.taptap.cn/review/49511227
这个可玩性一点也不高哈，纯超级游戏一个，还有就是个爆率非常的低啊，一直给我咔咔咔咔咔咔的一大把我真没招了吧，这个爆率很低哦，我我跟你们说还有这个。怎么说呢，坑钱游戏吧，一个皮肤这么多钱想干啥？而且有些有些人物还是ai生成的，我的妈呀，简直没法让人玩，真的没招了吧？那游戏谁爱玩谁玩吧😊作为一个开服老玩家的建议🙄,2026-07-07T11:08:01+08:00,taptap_review,moment:823513341669410458,2,TapTap,https://www.taptap.cn/review/49511273
画面太恐怖了，我都不敢去摸金了,2026-07-07T11:29:55+08:00,taptap_review,moment:823518853161028660,5,TapTap,https://www.taptap.cn/review/49511498
"找靠山
只有一个要求充过钱",2026-07-07T11:47:02+08:00,taptap_review,moment:823523159595551490,5,TapTap,https://www.taptap.cn/review/49511646
爆率挺高的,2026-07-07T11:51:41+08:00,taptap_review,moment:823524331626696109,4,TapTap,https://www.taptap.cn/review/49511689
有新活动，可以领免费的，超好看的道具皮[表情_开心],2026-07-07T11:53:44+08:00,taptap_review,moment:823524846834027535,5,TapTap,https://www.taptap.cn/review/49511708
开挂的不封，导致越来越多的玩家被挂打崩溃而开挂，形成恶性循环,2026-07-07T11:59:42+08:00,taptap_review,moment:823526350928219255,1,TapTap,https://www.taptap.cn/review/49511770
好玩，清图简单,2026-07-07T12:15:05+08:00,taptap_review,moment:823530218911174544,5,TapTap,https://www.taptap.cn/review/49511918
有大金,2026-07-07T12:31:02+08:00,taptap_review,moment:823534235020165924,5,TapTap,https://www.taptap.cn/review/49512091
可以再把爆率调高点吗？,2026-07-07T12:37:51+08:00,taptap_review,moment:823535951400669107,5,TapTap,https://www.taptap.cn/review/49512160
但是就是太圈钱了，好多皮肤都要充钱,2026-07-07T12:49:15+08:00,taptap_review,moment:823538818039680384,4,TapTap,https://www.taptap.cn/review/49512298
"一星都不想给[表情_捂脸哭]你这个超自然吃相也是越来越难看了哈，抄袭游戏也不知道为啥这么圈，还一群人护[表情_捂脸哭]我都说白了，你那个视频里面说管挂管挂，到底管没管你自己清楚哈，游戏氛围也是，一群低龄在鬼屋搞黄，看到那些人的发言我也是感觉自己进了阴曹地府了
还有那个四队呀，真的是越来越无脑了，你一个临云拿把伞零谦卑拿把伞轻轻松松清图呀，最近新出的那个无心也是阴的不行，我真的很想知道这无心破影在我脸上这都没提醒，你这是代码没写好还是啥 玩个飞天全是轮椅伞，这还玩啥了，我飞天装备送你了
然后这个皮肤做的我也懒得多说什么了，好看的看久了有点怪，难看的是真难看[表情_捂脸哭]但是我把在你这充的钱充到其他游戏去好像还更值一点是怎么回事呀
反正我说白了，赵露思行动组就是我玩过最史的游戏没有之一，删评我删删删，建议我不听不听，圈钱我圈圈圈，抄袭我抄抄抄
想骂我的来骂我私信开着呢，想加我游戏好友的也来加🆔祸薇  等着你们某些护官宝来骂我呀🥰",2026-07-07T13:00:53+08:00,taptap_review,moment:823541748608270489,1,TapTap,https://www.taptap.cn/review/49512453
"我这条评论是专门给那些只看差评的人看的，首先作为一个2025年3月16日入坑的老玩家，我可以说这游戏它并不是那么的好，先叠个甲，我大号氪了三千三，小号氪了两千七。
首先这游戏一开始由第五人格里的某几位主播逐渐有知名度，那时候我也还是个小萌新，我觉得这游戏很好玩，也不知道抄袭，官方也很友好，我觉得我似乎找到了一款很好玩的游戏，所以我抛弃了那时说要玩一辈子的第五，把所有精力和金钱都投入了超自然，我当时觉得超自然真的很好玩，也想过一直一直玩下去，可就在去年暑假时，小破游火了，那时我刚拿回平板不久，也不清楚是怎么火起来的，暑假时一大堆人入坑了超自然，我由衷地为这款游戏高兴，但我挡不住那些流言蜚语，但这些是事实，我也不能去反驳什么，它抄袭，它圈钱，我入坑时看的西域老师也退坑了，我也就没什么动力玩下去了，直到今年暑假我才有时上线打几把，但也觉得很腻，我玩久了摸金，打不惯四队，太多挂了，我不否认我是一名红玩，但我从没用过挂去打四队，我玩的那时候四队根本没有挂，大家一起玩也很开心，有时你甚至能碰上一局里四个队都是求佛的，可惜一年前的截图都在那个旧平板里，我也拿不回来了，曾经我也一度想让这款游戏下架，甚至于我没记错的话s2赛季是就一堆人说这游戏要凉，可现在呢，我想超自然大概会变得越来越好，我充的钱能被拿去捐给山区孩子我也就觉得无所谓了。
总之超自然并不算一款特别好的游戏，但我相信它会逐渐变好，在我卖号之后也许某一天我会又下回来看看这个曾经充满回忆的游戏，它真的给我带来了很多美好的记忆，在此，我也希望喜欢看差评就去否认这一款游戏好坏的你们，可以多看看好评。
这是我第一次这么认真的写长评，我不希望大家认真看完，但我希望你们能看到最后一段，再见，我曾说永不会退坑的游戏，祝愿你，也祝愿大家越来越好。",2026-07-07T13:24:44+08:00,taptap_review,moment:823547749050876814,1,TapTap,https://www.taptap.cn/review/49512747
超自然也玩了一年多了，感觉得到还是挺用心的。,2026-07-07T13:41:22+08:00,taptap_review,moment:823551934546838944,5,TapTap,https://www.taptap.cn/review/49512901
可以出更多好摸的大金,2026-07-07T13:49:20+08:00,taptap_review,moment:823553938392353379,5,TapTap,https://www.taptap.cn/review/49512977
散白虫谷爆率低怪比全图破烂都多,2026-07-07T14:21:11+08:00,taptap_review,moment:823561953233341098,1,TapTap,https://www.taptap.cn/review/49513311
我嘞个豆啊，鬼新娘怎么还会闪现，我都跑车里了，转头一看鬼新娘就站我对面,2026-07-07T14:27:47+08:00,taptap_review,moment:823563616887245284,4,TapTap,https://www.taptap.cn/review/49513387
那个兰的竟然能不能改一改东西放进去，又拿不出来了，总是不小心把大金或者武器放进去了结果拿不出来希望希望改一下放进去的东西可以拿出来,2026-07-07T14:45:12+08:00,taptap_review,moment:823568000744424142,2,TapTap,https://www.taptap.cn/review/49513581
爽死了，大金爆率特高,2026-07-07T14:49:23+08:00,taptap_review,moment:823569050213811147,5,TapTap,https://www.taptap.cn/review/49513635
他妈的，太圈了吧,2026-07-07T14:50:57+08:00,taptap_review,moment:823569446017696193,5,TapTap,https://www.taptap.cn/review/49513656
因为大金出现的很少，出现的鬼越多。我出不去,2026-07-07T15:10:14+08:00,taptap_review,moment:823574298219251825,2,TapTap,https://www.taptap.cn/review/49513833
其他都挺好，就是会莫名其妙封你号,2026-07-07T15:43:52+08:00,taptap_review,moment:823582763729814450,5,TapTap,https://www.taptap.cn/review/49514212
挂太多,2026-07-07T16:00:12+08:00,taptap_review,moment:823586874445531798,3,TapTap,https://www.taptap.cn/review/49514390
好玩好玩，我特别喜欢这个画风，用兰可以开出金,2026-07-07T16:18:14+08:00,taptap_review,moment:823591412174947036,5,TapTap,https://www.taptap.cn/review/49514594
账号被盗客服一点不管,2026-07-07T16:22:34+08:00,taptap_review,moment:823592503327326978,1,TapTap,https://www.taptap.cn/review/49514635
尼玛了个币的不管挂纯圈钱,2026-07-07T16:24:21+08:00,taptap_review,moment:823592952612782709,1,TapTap,https://www.taptap.cn/review/49514650
新赛季三天开出个圣杯,2026-07-07T16:33:11+08:00,taptap_review,moment:823595173513531314,5,TapTap,https://www.taptap.cn/review/49514758
可玩性强，游戏画面很不错看着很舒服，玩法很好，操作顺手，很不错,2026-07-07T16:45:47+08:00,taptap_review,moment:823598346621947578,5,TapTap,https://www.taptap.cn/review/49514909
"游戏体验感很好
给人的沉浸感很足
剧情动漫风格也是相当不错了",2026-07-07T16:46:38+08:00,taptap_review,moment:823598558585291499,5,TapTap,https://www.taptap.cn/review/49514922
刚回归第1把就给我来个大金。还一发抽中的皮肤。,2026-07-07T16:49:23+08:00,taptap_review,moment:823599251207489927,5,TapTap,https://www.taptap.cn/review/49514949
游戏模型挺新颖的，要与超自然生物斗智斗勇！,2026-07-07T16:55:07+08:00,taptap_review,moment:823600695344106326,5,TapTap,https://www.taptap.cn/review/49515019
我超了挂死多管都不管,2026-07-07T17:08:39+08:00,taptap_review,moment:823604100351396213,1,TapTap,https://www.taptap.cn/review/49515166
还可以挺好玩的挺刺激 风格是我喜欢的那种,2026-07-07T17:09:55+08:00,taptap_review,moment:823604417507888790,3,TapTap,https://www.taptap.cn/review/49515178
东西不多s2赛季入坑，玩的动力也就给我兔了摸金了◔̯◔,2026-07-07T17:53:22+08:00,taptap_review,moment:823615351374742757,1,TapTap,https://www.taptap.cn/review/49515653
爆率太高了！[表情_开心],2026-07-07T17:53:46+08:00,taptap_review,moment:823615451400504824,5,TapTap,https://www.taptap.cn/review/49515660
爆率很高,2026-07-07T18:05:40+08:00,taptap_review,moment:823618447253441451,5,TapTap,https://www.taptap.cn/review/49515774
爆率可以,2026-07-07T18:06:06+08:00,taptap_review,moment:823618555785249399,3,TapTap,https://www.taptap.cn/review/49515782
还不错，就是中途有点小崩溃( ˚ཫ˚ ),2026-07-07T18:08:20+08:00,taptap_review,moment:823619118308525046,5,TapTap,https://www.taptap.cn/review/49515804
多给我出点大金。,2026-07-07T18:13:08+08:00,taptap_review,moment:823620327501203705,5,TapTap,https://www.taptap.cn/review/49515859
画风很好，游戏体验也很棒!就是怎么老是开始的时候配不到队友呢？有没有人能帮我说一下？,2026-07-07T18:28:10+08:00,taptap_review,moment:823624109291209113,5,TapTap,https://www.taptap.cn/review/49516008
跪求靠山，我是新手。不知道怎么玩，巅峰时期在蜀道路口被杀过。😭😭有没有一起带我玩的🙏🙏🙏,2026-07-07T18:28:35+08:00,taptap_review,moment:823624216350820685,5,TapTap,https://www.taptap.cn/review/49516011
游戏里面皮肤都是联动，有一些不是。那些说抄袭像的，我不可否认，有些确实是抄袭但是找不到任何之处，还故意拉长脸贴是觉得你那个游戏非常好吗？，还一直踩踏这个游戏这个游戏本来就是联动皮，相似之处可能会撞到，相似之处，接近的才算是真正抄袭,2026-07-07T18:43:58+08:00,taptap_review,moment:823628088318364042,5,TapTap,https://www.taptap.cn/review/49516189
新地图超级卡，是那种一直不卡，一到跟怪物打的时候就卡着不动了,2026-07-07T18:51:07+08:00,taptap_review,moment:823629883891519390,1,TapTap,https://www.taptap.cn/review/49516274
我充了一万多的账号被盗了,2026-07-07T19:18:59+08:00,taptap_review,moment:823636897799602469,1,TapTap,https://www.taptap.cn/review/49516556
很好玩。就是有的时候音乐有点恐怖。,2026-07-07T19:28:21+08:00,taptap_review,moment:823639254105066701,5,TapTap,https://www.taptap.cn/review/49516643
摸到大金很刺激，还有联机也很不错,2026-07-07T19:38:31+08:00,taptap_review,moment:823641813041548030,5,TapTap,https://www.taptap.cn/review/49516724
新出的怪物蛇妖是什么垃圾？打不死，跑不过，没事就来蛇吻一下，做个人吧，你觉得挺新颖吗？,2026-07-07T19:44:33+08:00,taptap_review,moment:823643331908075529,3,TapTap,https://www.taptap.cn/review/49516795
玩过，昆仑之前开始玩，出那个有磁场的图退坑了，氪条1000+，只觉得心累,2026-07-07T20:04:47+08:00,taptap_review,moment:823648426515236831,1,TapTap,https://www.taptap.cn/review/49517010
虽然说我是一年老玩家，刚开始爆率挺高，但是后面越来越率越少，总共也就只开过十次圣杯12次大剑,2026-07-07T20:26:55+08:00,taptap_review,moment:823653994965500648,4,TapTap,https://www.taptap.cn/review/49517246
四队好玩,2026-07-07T20:29:03+08:00,taptap_review,moment:823654530024472908,5,TapTap,https://www.taptap.cn/review/49517266
挺好的，挺好的，就是不太适合新手。,2026-07-07T20:39:23+08:00,taptap_review,moment:823657131310841933,4,TapTap,https://www.taptap.cn/review/49517377
"大份这一块，我是一个老玩家了，从氪金系统出来之前就开始玩了，当时给我的感觉还是行的，但玩着玩着就不行了，就感觉到玩法的单一了，那些额外的模式全是抄的，你看看有一个是你自己做的吗，那个爬山也是抄的，你浑身上下有一个不是抄的吗？除了摸金和四队就没有主玩法了，我几乎没玩过4队，但看网上很多人都说4队外挂多，官方这个艾斯贼还说严厉打击外挂，其实根本没打击过，怀疑官方本人就用挂😂😂😂捐个饮水机和棒棒糖看把你神气的，且有人的号运气好，有的人运气差，真的不知道这个是bug还是为什么但非常严重的影响玩法，我本人号就是运气差，导致每把靠捡废品为生，我打单排是很强的，从一开始玩到退游，单排我的这个号的运气也是非常差，打龙宫全是被穷死的，然后自己做皮肤，那个皮肤就跟用格调捏出来的一样，还给小黄来个炽天使，炽大便吧，角色生日做皮肤可以理解，做的这个名字还有这个样子真的很难受，那个文案也跟谜语人一样，显得自己老有文化了，写完了之后都不知道自己写啥，感觉什么高深深奥就写啥，周年庆那个阿念的皮肤也是抄的，你皮肤都要抄，你还要点脸吗，我也曾热爱过超自然，但是现在这个乌烟瘴气的，我真的不想玩了，前几段时间聊天框里我随便就能看见开黄腔的，部分人是性压抑吗还是被草啥了还是妈妈和爸爸都被糙斯了，然后这个超自然这个官方也是懒的要死，举报了也没用，那你设那个举报按钮有啥用，还立个听劝官方有啥用，只希望超自然能多听听玩家的意见吧，别一看见骂的就直接举报删了，有句古话叫良药苦口利于病，忠言逆耳利于行，

✍🏻建议：
别出死贵皮肤了，如果真的想要卖贵的话，你就多设计设计皮肤，让皮肤对得起价格，多钻研钻研新的独创玩法，不要再抄袭了，不要再用ai了，管一管外挂吧，",2026-07-07T20:39:25+08:00,taptap_review,moment:823657140462815868,1,TapTap,https://www.taptap.cn/review/49517378
好玩要是能摸到奶茶就更好了[表情_举手],2026-07-07T20:59:37+08:00,taptap_review,moment:823662223921513666,5,TapTap,https://www.taptap.cn/review/49517601
有时候爆率很高，有时候爆率低的很,2026-07-07T21:19:00+08:00,taptap_review,moment:823667102228414669,4,TapTap,https://www.taptap.cn/review/49517792
"🎮可玩性：
故事创造性强大

🌃画面音乐：
画面流畅清晰沉着

🔖运营服务：
福利活动接连不断

可以玩",2026-07-07T21:27:39+08:00,taptap_review,moment:823669276782101133,5,TapTap,https://www.taptap.cn/review/49517910
太好玩了，给我出那么多金，太好玩了，可不可以给我出更多的金,2026-07-07T21:36:24+08:00,taptap_review,moment:823671480347789512,5,TapTap,https://www.taptap.cn/review/49518021
整顿挂哥，我今天都被外挂打到飞真的没招了,2026-07-07T21:37:45+08:00,taptap_review,moment:823671821919325666,1,TapTap,https://www.taptap.cn/review/49518037
回归第一把出大金,2026-07-07T22:13:16+08:00,taptap_review,moment:823680757435203644,5,TapTap,https://www.taptap.cn/review/49518498
导航往墙里面走，外挂满天飞，补偿也没有[表情_困],2026-07-07T22:17:09+08:00,taptap_review,moment:823681735932774612,1,TapTap,https://www.taptap.cn/review/49518544
超自然行动组是一个非常好玩的游戏，值得大家去玩，而且明亮的皮肤价格实惠，氛围好，没有辱骂和排挤他人的现象，而且在有贿赂的话语里，官方会有信息提醒我们，而tap tap这个软件也是很好的，在应用商城都下不到它，这就可以下到比较好了,2026-07-07T22:32:19+08:00,taptap_review,moment:823685553856710389,5,TapTap,https://www.taptap.cn/review/49518725
"以前玩过一段时间，那时是游客，s2还s3入的爆率还可以，怪还不阴，玩着还不错，虽然画质很垃。删了又回游后，就变了，为啥棺里全是扳指，用微微安换棺清一色小紫，金的几乎全是金樽，怪阴的一批。不好玩，我是玩游戏的，不是被玩的。刚玩时弹的窗口就几个，现在一进来一堆。游戏虽然是缝的，但玩起来还不错，可运营起来与网易一般。可以说一开始就有问题，游戏开服不久就一堆充值窗口，背后的公司一开始可能只是像捞钱，这款游戏却意外火了，本来是可以抓住机会来个可持续发展，但公司没有这个意思。
一款立意就有问题，却意外爆火的游戏，抓不住机会，会回到本有的地方去，爆火也爆死。",2026-07-07T22:40:05+08:00,taptap_review,moment:823687508146523825,1,TapTap,https://www.taptap.cn/review/49518809
玩了快一年多了挺好玩的，但是我建议可以出点儿不用钱买的皮肤，那些皮肤每一个都需要钱,2026-07-07T22:43:29+08:00,taptap_review,moment:823688362954065268,4,TapTap,https://www.taptap.cn/review/49518846
游戏底层问题大，完全就是一堆bug的史山代码跑起来了。各种bug层出不穷。堆成山的bug玩家反馈了，官方不见得去修，开挂的玩家也整不干净。四队外挂猖獗，却去打压摸金外挂。在外挂群体中，摸金外挂是影响最小的，却被打压最狠的。游戏一周一个新皮肤，圈钱圈的飞起来。怪物机制恶心，联合狩猎到处都是。游戏爆率低，那些说爆率高的，要么顶着新手光环。要么就是主播，高爆率的多半都是系统内部给的。就超自然用皮肤圈的钱，不拿来修bug，不拿来搞外挂。用来出新皮肤，出一些制作粗糙的地图。爬山模拟器的手感一坨史。我玩过不下五款开放大世界游戏，原神，鸣潮，洛克王国，异环，燕云等等，如此差的爬山手感举世罕见。我见过一样很差的，无尽噩梦系列第六部捕盗行纪，这个游戏空气墙很多，干脆连跳跃键和攀爬都不加了。问题是人家赚不到钱啊。超自然每日流水不低吧？不用来提升玩家体验，出各种各样的皮肤圈钱，出一些建模垃圾的地图模型，出各种各样机制特殊但恶心的怪物，不去优化游戏bug，全方面无死角打压禁不完外挂。有一说一，玩家为什么要去开挂？不就是没有游戏体验感嘛。提升操作流畅度，调高爆率，这样开挂的玩家不就少了吗？游戏内容可圈可点，中国恐怖还是有点意思。但是运营太差了，Bug太多了，爆率太低了，玩家太想骂了！！！,2026-07-07T22:58:01+08:00,taptap_review,moment:823692018063510937,1,TapTap,https://www.taptap.cn/review/49519017
爆率挺高,2026-07-07T23:18:43+08:00,taptap_review,moment:823697229557534229,5,TapTap,https://www.taptap.cn/review/49519236
这啥情况啊？怎么都安装不了？,2026-07-07T23:23:49+08:00,taptap_review,moment:823698511865315498,5,TapTap,https://www.taptap.cn/review/49519304
非常垃圾，非常恶心。我和我对象两个人玩极限去龙宫，结果红馆里边是六万的飞声玉笛，我请问了，我们两个人费劲巴拉的跑进去，六万都不够门票，扣扣搜搜的干什么，留着买棺材吗？还有那个鬼新娘，有的时候十几剑都打不死，连碎七个摸金符。干啥呢，这么恶心，我又不是跟别人竞技，两个人就想摸点金碍着你了？,2026-07-07T23:34:08+08:00,taptap_review,moment:823701109313896606,1,TapTap,https://www.taptap.cn/review/49519388
以前还行，现在就是圈钱圈到厌倦,2026-07-07T23:35:14+08:00,taptap_review,moment:823701387488529937,3,TapTap,https://www.taptap.cn/review/49519399
要是爆金率再高点就好了,2026-07-07T23:39:31+08:00,taptap_review,moment:823702465974110419,5,TapTap,https://www.taptap.cn/review/49519459
咋全是桂,2026-07-07T23:53:08+08:00,taptap_review,moment:823705891814510167,3,TapTap,https://www.taptap.cn/review/49519594
好玩，就是公共频道刷屏广告太多了,2026-07-08T00:15:31+08:00,taptap_review,moment:823711525259707208,5,TapTap,https://www.taptap.cn/review/49519832
挺好玩儿的，那就是偏氪金的太多了。还有4队也是挂太多了,2026-07-08T00:26:14+08:00,taptap_review,moment:823714222557889155,4,TapTap,https://www.taptap.cn/review/49519931
缝合怪这块😂😂,2026-07-08T00:44:52+08:00,taptap_review,moment:823718910221091839,1,TapTap,https://www.taptap.cn/review/49520101
官方能不能把那个sb蛇妖改一下，他tm的锁定目标给我传送器卡没了是什么鬼啊？,2026-07-08T00:48:53+08:00,taptap_review,moment:823719919186087708,3,TapTap,https://www.taptap.cn/review/49520133
"🎮可玩性：
谁能带我玩",2026-07-08T01:17:23+08:00,taptap_review,moment:823727093274643353,5,TapTap,https://www.taptap.cn/review/49520365
龙宫四队全是外挂，还有就不能手机pc分开匹配吗，手机怎么玩喷包呢请问,2026-07-08T01:32:38+08:00,taptap_review,moment:823730929150198338,1,TapTap,https://www.taptap.cn/review/49520496
我从开始就玩这个游戏，我很真心的说这游戏除了，除了会玩腻以及新地图目前硬控动画，旁边站一个旋转的二熊很恶心，很破防以外，是真的很好玩的游戏看得出来官方很良心很认真的在做这个游戏，希望策划以后多多做好地图，做优化，硬控周围尽量别刷怪，不然真的很恶心，猜镜子的时候，真的很好，祝这个游戏能玩很久，更多的人来玩，OK,2026-07-08T01:47:11+08:00,taptap_review,moment:823734593235451934,5,TapTap,https://www.taptap.cn/review/49520587
这傻逼游戏的新地图的箭弩阴间的要死,2026-07-08T02:05:57+08:00,taptap_review,moment:823739313031219512,1,TapTap,https://www.taptap.cn/review/49520690
很多小学生，见识到了人类道德的下限😡。玩这些的大部分感觉像新冠活下来的人，阳的没了，就剩下阴的没边的。下饭的操作一大把，不能用常人思维来判断。,2026-07-08T03:03:42+08:00,taptap_review,moment:823753846978252437,1,TapTap,https://www.taptap.cn/review/49520931
你查封那些挂你就好你查封那些挂你就好好查，我尼玛的充了几千的号，我是纯绿玩，然后你给我封了,2026-07-08T03:03:45+08:00,taptap_review,moment:823753860341301386,1,TapTap,https://www.taptap.cn/review/49520933
不管怎么说，有时候确实气人，四队的挂官方不管啊，气死我了，号本来就黑,2026-07-08T04:21:49+08:00,taptap_review,moment:823773507979577837,4,TapTap,https://www.taptap.cn/review/49521157
经常匹配到一堆伪人,2026-07-08T07:47:03+08:00,taptap_review,moment:823825156332848477,1,TapTap,https://www.taptap.cn/review/49521599
画质较低，但是可玩性很高。但是如果你经常玩可能开不出什么，你隔好几个月再玩一次就会开出了一些好东西。,2026-07-08T07:50:31+08:00,taptap_review,moment:823826028928436445,4,TapTap,https://www.taptap.cn/review/49521613
玩了好长一段时间了，现在才开始写评价。新怪物的恶心程度。我不相信策划不知道。那个蛇妖全程跟着角色仇恨一直在身上。走到哪跟到哪。只要靠近了强制观看动画。时间长了看着很恶心。跟个痴汉似的。靠近还有那个喘息声。再加上连弩。恨不得全图都放满了。我只能说如果不改的话，你只等着暴死就行了。,2026-07-08T08:44:04+08:00,taptap_review,moment:823839504312830049,1,TapTap,https://www.taptap.cn/review/49521859
这个bug修一下吧，对面一拿龙珠就这样了,2026-07-08T08:49:18+08:00,taptap_review,moment:823840820200212828,5,TapTap,https://www.taptap.cn/review/49521889
修一下bug啊扫码助力前两天还能用今天叫人助力都没显示更别说回归用户了,2026-07-08T08:54:45+08:00,taptap_review,moment:823842192811361158,1,TapTap,https://www.taptap.cn/review/49521915
摸金无聊，皮肤贵的要死还一大堆小学生,2026-07-08T09:17:59+08:00,taptap_review,moment:823848039847299848,1,TapTap,https://www.taptap.cn/review/49522044
盗版游戏,2026-07-08T09:57:26+08:00,taptap_review,moment:823857969522279712,1,TapTap,https://www.taptap.cn/review/49522320
多对模式很刺激，很好玩但是会有不少外挂🌚🌚🌚,2026-07-08T10:20:57+08:00,taptap_review,moment:823863886435322628,3,TapTap,https://www.taptap.cn/review/49522543
mb的，你服务器又崩了是不？,2026-07-08T11:03:29+08:00,taptap_review,moment:823874590966024485,1,TapTap,https://www.taptap.cn/review/49523180
画面糊的一批，游戏内bug一堆装死看不见，宣传图是ai的，还侵权素人，一堆联动赚美了吧，一整个圈钱割韭菜，宣传和实机都对不上，呵呵🙃,2026-07-08T11:15:05+08:00,taptap_review,moment:823877507458532924,1,TapTap,https://www.taptap.cn/review/49523324
出金的概率再大点就好了,2026-07-08T11:21:23+08:00,taptap_review,moment:823879096302833550,5,TapTap,https://www.taptap.cn/review/49523396
找人解锁。,2026-07-08T11:26:05+08:00,taptap_review,moment:823880276789691424,5,TapTap,https://www.taptap.cn/review/49523433
没话说平衡性越做越差，角色越出越轮椅，唯一不变的就是圈，现在也就多队有点意思但是环境也很差,2026-07-08T12:01:09+08:00,taptap_review,moment:823889102603552189,1,TapTap,https://www.taptap.cn/review/49523825
我玩了一个好久的号，今天上线也看不见了，然后呢，我就想从这里重新下载，重新登一下，结果他给我干一个新号，然后呢，我账号就不见了,2026-07-08T12:09:08+08:00,taptap_review,moment:823891111645809314,1,TapTap,https://www.taptap.cn/review/49523916
"我的号突然变得好黑。。
我是纯绿啊 超自然能给我个说法吗",2026-07-08T12:17:07+08:00,taptap_review,moment:823893118574137140,1,TapTap,https://www.taptap.cn/review/49524006
出金的概率太低了，连续几天都不一定能出金，画面的精细化是根据难度来提升，总的来说可玩性还是很高的,2026-07-08T12:23:42+08:00,taptap_review,moment:823894777601721713,4,TapTap,https://www.taptap.cn/review/49524098
爆率挺高还可以，实在没游戏玩的可以试试,2026-07-08T13:26:05+08:00,taptap_review,moment:823910477716262238,4,TapTap,https://www.taptap.cn/review/49524904
操作手感不太好，以外摸金很好玩,2026-07-08T13:46:09+08:00,taptap_review,moment:823915527448561657,5,TapTap,https://www.taptap.cn/review/49525166
开服玩家这里面游戏挂哥满天飞甚至还有人在公屏上卖片官方只要是充了100多的账号，就不会封不充值的开挂分分钟就被封然后呢，还把开挂的和不开挂的分为两种渠道开挂的只能和开挂的匹配上，又想圈钱，又想要博得普通玩家的好感吃相未免太难看了点这个抄袭游戏也是一天到晚也喊上别人抄袭了,2026-07-08T13:52:26+08:00,taptap_review,moment:823917107052807261,1,TapTap,https://www.taptap.cn/review/49525247
好垃圾的游戏，一直玩的三角洲寻思玩玩其他摸金游戏，玩了这个就跟吃到💩了一样，纯骗小孩圈钱的，喜欢玩的也是这辈子有了👍🏻,2026-07-08T13:53:19+08:00,taptap_review,moment:823917331439683139,1,TapTap,https://www.taptap.cn/review/49525255
垃圾游戏狗屎服务器,2026-07-08T13:54:59+08:00,taptap_review,moment:823917749150417566,1,TapTap,https://www.taptap.cn/review/49525270
真的是一星都不想给😄什么死人爆率啊 网络明明是好的 一直给我卡 一直给我重连想干啥,2026-07-08T14:04:18+08:00,taptap_review,moment:823920093606970675,1,TapTap,https://www.taptap.cn/review/49525387
最近真的卡炸了 满格网络也可以给我弄的一帧一帧的 或者是直接断开连接了 不要忙着出你的皮肤了 行不行？管管游戏内置吧•̩̩̩̩ᯅ•̩̩̩ 挂哥也好多[表情_困],2026-07-08T14:36:51+08:00,taptap_review,moment:823928284625502595,5,TapTap,https://www.taptap.cn/review/49525795
要是这水晶之心再提高的话，我就非常非常喜欢他,2026-07-08T14:40:29+08:00,taptap_review,moment:823929198073613172,5,TapTap,https://www.taptap.cn/review/49525834
整体还好，就是4队的挂有点多。不过建议把皮肤做好看点[表情_微笑],2026-07-08T14:56:58+08:00,taptap_review,moment:823933349323081742,4,TapTap,https://www.taptap.cn/review/49526016
蜀道入口我玩澜出了个龙舟送吉,2026-07-08T15:12:50+08:00,taptap_review,moment:823937342036247334,5,TapTap,https://www.taptap.cn/review/49526197
就是感觉蛇妖是很烦人的，其他没什么,2026-07-08T15:24:24+08:00,taptap_review,moment:823940251599768764,5,TapTap,https://www.taptap.cn/review/49526329
“雨夜痛苦”我号爆率太低了游戏体验感极差,2026-07-08T15:29:26+08:00,taptap_review,moment:823941517629457075,1,TapTap,https://www.taptap.cn/review/49526399
"🔖运营服务：
史中史，圈钱拼好游",2026-07-08T15:29:28+08:00,taptap_review,moment:823941525741241601,1,TapTap,https://www.taptap.cn/review/49526400
"爆率调一下吧
你这爆率一会高一会低的，有的时候薇薇安重塑全棺都凑不齐金额，我谢谢你啊",2026-07-08T15:50:49+08:00,taptap_review,moment:823946899240256664,2,TapTap,https://www.taptap.cn/review/49526635
挺好玩的，认识了很多人，但是也有很多不自主之点比如新出的怪物好丑哈，那个男蛇妖，嗯，官方做男角色跟个降智了一样，一个个都丑死了，还有那个秦帝和蛇妖啊，我是一点都get不到啊，建模好丑，还有新出的这个主页啊，我感觉有点诡异啊，不如改回之前。还有爆率都是诡异至极啊，刚出虫谷的时候，龙宫的爆率差不多跟一坨一样，现在古城的爆率现在都不管管吗？差不多我是去年6月份玩到现在，一年多了，一开始抄袭的事，我还是觉得他很好玩的，但是现在越来越缺了，之前差不多两个月出一个金皮你看看现在的皮肤，不光粗制滥造，还圈如米哈，我就不想说了,2026-07-08T16:23:31+08:00,taptap_review,moment:823955129085462290,3,TapTap,https://www.taptap.cn/review/49527039
哈哈出魔芋了,2026-07-08T16:24:25+08:00,taptap_review,moment:823955354265059732,5,TapTap,https://www.taptap.cn/review/49527059
挺好玩的，已经玩了好久了，刚开始还不明白她们为啥要玩，玩了之后就越来越上头,2026-07-08T16:34:47+08:00,taptap_review,moment:823957962337814773,5,TapTap,https://www.taptap.cn/review/49527175
"本人高氪，逍遥全皮，莉莉全皮。
新版本怎么这么卡，我打个四队一直在卡，特别是打群架的时候卡成爆炸机了（之前玩得一点也不卡）气死我了，本来就要清图了，结果卡一下死了，我都无语了",2026-07-08T16:45:51+08:00,taptap_review,moment:823960748014175348,1,TapTap,https://www.taptap.cn/review/49527302
"😆😆😆😆
还行，有朋友更好玩",2026-07-08T16:55:51+08:00,taptap_review,moment:823963267209627232,4,TapTap,https://www.taptap.cn/review/49527442
爆率高,2026-07-08T17:02:48+08:00,taptap_review,moment:823965012832813344,5,TapTap,https://www.taptap.cn/review/49527524
玩过的哈不在这里下的 咋说吧很中肯 我也是刚玩不久 对于新手我感觉暴率太低了 有没有保底呀 我只有有靠山的时候才能得知 自己玩的时候不知道为什么暴率贼低 还有那个图鉴 那个红点好麻烦呀 我有强迫症不点干净又不行 点又太麻烦了 一个一个点进去 能增加个一键清红点 模式多一点吧 现在有的都不是很有意思 爬山的难度有点太高了 我还是比较喜欢乐意跑酷的 多一点行吗？总结就是中规中矩挺普通的,2026-07-08T17:09:35+08:00,taptap_review,moment:823966723362260338,3,TapTap,https://www.taptap.cn/review/49527606
这游戏简直一坨史怪物恶心程度高，且爆率极低，之前就是因为这个删掉，现在回坑玩了几把发现更史，不推荐玩。,2026-07-08T17:17:44+08:00,taptap_review,moment:823968771004696441,1,TapTap,https://www.taptap.cn/review/49527731
垃圾蛇妖就是bug  处处联合狩猎爆率也没增强,2026-07-08T17:19:41+08:00,taptap_review,moment:823969265601217581,1,TapTap,https://www.taptap.cn/review/49527748
在刚入坑的时候觉得还好，今天看见很多新地图和联动感兴趣了刚刚回坑，但着实让我大跌眼镜，新地图很难，理解，都是高难度的，就新地图那些怪都是那些数据都是满的，还有恶心人偷东西的，你要去追吧有别的怪打你，你要不追吧，东西回不来了，就那个体力条就不能多点？有人说喝红牛，就那红牛喝了之后会有人感到头晕的呀，就那些怪都恶心程度策划设计的时候不知道？自己不玩自己的游戏？还有关难我理解，爆率你给我往上调一调呀，玩了半天打了半天怪摸金符碎了好几个，结果撤不出去，你TM给我出好的呀[表情_生气],2026-07-08T17:21:01+08:00,taptap_review,moment:823969600336037200,1,TapTap,https://www.taptap.cn/review/49527766
超级容易死遇见不带装备的队友更是牛的一批只带那个破葫芦看见金全部被捡了,2026-07-08T17:27:16+08:00,taptap_review,moment:823971171262270337,1,TapTap,https://www.taptap.cn/review/49527839
好玩，音乐非常逼真，各种东西都很逼真,2026-07-08T17:39:17+08:00,taptap_review,moment:823974195191873947,5,TapTap,https://www.taptap.cn/review/49528000
垃圾游戏，开服玩家账号丢了还找不回来,2026-07-08T17:43:14+08:00,taptap_review,moment:823975188734413616,2,TapTap,https://www.taptap.cn/review/49528044
能不能把皮肤的钱给低点。改成30或68元非要搞那么贵干啥？能不能把许愿池？改成抽奖的。抽三次第1个皮肤。抽5次。全部武器皮肤拿到手。抽6次。幻梦皮肤拿走。你们就不能改一下吗？而且我还要说那个最in的连弩。老是趁别人不注意，直接来突突别人。特别是在开关时候，在跑图时候。趁你不注意，直接突突突。能不能把开关的那禁提三秒给它关掉。很烦人啊，很容易被怪物偷袭，知道吗？特别是那个戏偶。能不能不要迈着六亲不认的步伐。把他机子改弱一点好不好？然后把蛇妖的那个机制也改弱点，不要直接强吻别人好吗咬他的手臂就好啦。开关时候不要那么慢，要慢点的，人鱼形态，走路不要那么慢呀。赶紧改一下吧。不敢接投诉到法庭特别不要让那些开挂的只要一开挂直接封锁他10年而且不能偷别人的号我都被偷过了建议改一下禁止偷号偷号罚款10年，不可玩游戏如果有头号改个密码不然很容易被拖后，赶紧改一下我们那么爱抓怪的人能不能把抓怪的概率调高点这是调到最高那我们去抓怪的人好好点吗？把怪物的血量打薄点啊，比如说是100或200非要搞那么厚干嘛建议把联盟给他删掉或者虚弱呀，不要蹭别人屁股后面，直接突突突摸金符没了，我们还要用用铲铲币购买你们是让我们这些人不好过吗能不能给4个体验卡，让我们这些伸手党体验一下画梦皮肤你不让我们体验你们是不是神经赶紧改良，不改良直接送进法院！,2026-07-08T17:59:19+08:00,taptap_review,moment:823979236304882876,1,TapTap,https://www.taptap.cn/review/49528250
不可理喻，图大到跑不过来，也只有透视能开过来了，地图堆叠乱七八糟，时间上打怪加开图被迫去背图[表情_冷漠],2026-07-08T18:03:37+08:00,taptap_review,moment:823980319492279121,2,TapTap,https://www.taptap.cn/review/49528303
好玩是好玩，但是超自然，我真求求你了，把你的弓弩减减吧[表情_微笑]十步一弓弩[表情_疑惑],2026-07-08T18:07:28+08:00,taptap_review,moment:823981288317780663,4,TapTap,https://www.taptap.cn/review/49528351
"这个游戏呢，盗号是不管的，以前，现在被盗的号也盗不回来，也是能恶意篡改数据的，所以说这个游戏防火墙不行，大家别玩，之前防火墙不行，现在我也不知道行不行，就非常的恶心，你绑定的什么东西，他们都能用外挂给你换绑强烈建议不要玩，钱是要必须圈的，很多人的号都是那种大保底，别人的号就是几抽几抽，搞这样子抽奖就是为了多赚一点，那高氪呢，就算命倒霉对吗？那种低氪，看别人一块钱三块钱出一个皮肤，我们不难受吗？所以强烈不要玩这个游戏

现在这个不是原号主，被盗了，人家逍遥快活的玩着，我这个原号主一脸的看着，什么都被改了，能咋办？啊？我弄身份证拍照也是说那个手不对，虽然说我氪的钱也不多吧，2k左右。只能说这防火墙之前是真的低，现在弄了又弄不了，我也是醉了，别玩这游戏，有个鸡蛋用这个东西",2026-07-08T18:22:03+08:00,taptap_review,moment:823984957444589813,1,TapTap,https://www.taptap.cn/review/49528507
好玩，就是有点卡,2026-07-08T18:46:24+08:00,taptap_review,moment:823991086056735772,4,TapTap,https://www.taptap.cn/review/49528768
画面感和操作手感一流，游戏体验非常棒，剧情沉浸感不错的。,2026-07-08T19:08:08+08:00,taptap_review,moment:823996556725194742,5,TapTap,https://www.taptap.cn/review/49529053
很好玩的游戏  考验自己的脑力  画面也比较精美！！！,2026-07-08T19:17:42+08:00,taptap_review,moment:823998963932727987,5,TapTap,https://www.taptap.cn/review/49529175
游戏非常好玩，画风精美，玩法多样，难得的精品,2026-07-08T19:27:12+08:00,taptap_review,moment:824001355965269645,5,TapTap,https://www.taptap.cn/review/49529287
新入坑表示这游戏可玩性很高，也很新奇，人物建模也挺好看的,2026-07-08T19:35:26+08:00,taptap_review,moment:824003426588295514,5,TapTap,https://www.taptap.cn/review/49529389
很好玩，游戏画质不错，就是有时候有些bug ，但整体皮也很不错，爆率很高。,2026-07-08T19:44:10+08:00,taptap_review,moment:824005624684609745,5,TapTap,https://www.taptap.cn/review/49529485
我一个绿玩匹配到那么多挂，我怎么打呀？我的战绩一片红啊,2026-07-08T19:51:34+08:00,taptap_review,moment:824007487068834423,1,TapTap,https://www.taptap.cn/review/49529555
非常好玩，爆率挺好的，特别是兰,2026-07-08T19:52:22+08:00,taptap_review,moment:824007687179076857,5,TapTap,https://www.taptap.cn/review/49529563
我之前那个号给我重下一个，现在变化真的很大呀，我刚才才打了一把，碰见了好多我们从来没有见过的东西嗯总体来说挺好玩的还。,2026-07-08T20:28:31+08:00,taptap_review,moment:824016783718484096,4,TapTap,https://www.taptap.cn/review/49529986
我爆率太高了,2026-07-08T20:34:03+08:00,taptap_review,moment:824018176105777595,4,TapTap,https://www.taptap.cn/review/49530039
游戏很不错，可以和很多朋友玩儿,2026-07-08T20:37:43+08:00,taptap_review,moment:824019101406987280,5,TapTap,https://www.taptap.cn/review/49530085
自我感觉还可以，就是鬼新娘的声音能不能小声一点，很吓人,2026-07-08T20:49:31+08:00,taptap_review,moment:824022070718368112,5,TapTap,https://www.taptap.cn/review/49530194
垃圾游戏，外挂管不住，问题一大堆，圈的比谁都狠,2026-07-08T20:57:04+08:00,taptap_review,moment:824023968087281649,1,TapTap,https://www.taptap.cn/review/49530287
爆率低的背死啊，每次我出大货的时候，一超过50万立马不让我回来，让我死里头。，去玩屎都不要玩这个死玩意儿,2026-07-08T20:59:53+08:00,taptap_review,moment:824024680154271451,1,TapTap,https://www.taptap.cn/review/49530320
一点也不好，而且还有可能会吓到人 服装有好多都很像AI或者其他游戏的服装,2026-07-08T21:29:51+08:00,taptap_review,moment:824032218383908913,1,TapTap,https://www.taptap.cn/review/49530681
特别满意 爆率特别高,2026-07-08T21:42:07+08:00,taptap_review,moment:824035305441984681,5,TapTap,https://www.taptap.cn/review/49530822
圈钱,2026-07-08T22:07:47+08:00,taptap_review,moment:824041766796659923,2,TapTap,https://www.taptap.cn/review/49531135
神人游戏，依旧爆率神人，圈钱圈爽了是吧，从之前第一赛季玩，本来觉得好玩的，自从昆仑后我一金没出，出的还是别人给我的，还有一个史诗皮60多，我有这钱我买沙盒买好游戏不香吗？还有一个游戏抄袭几十个游戏我先不说你倒是BUG修一下，我玩个游戏卡虚空里了，神人了，总的来说就是一坨史。名字:小宇很想坤,2026-07-08T22:16:42+08:00,taptap_review,moment:824044012011786165,1,TapTap,https://www.taptap.cn/review/49531249
神经病吗，为什么验证码发不过去，圈钱,2026-07-08T22:38:48+08:00,taptap_review,moment:824049571788228488,1,TapTap,https://www.taptap.cn/review/49531556
其实问题不大 就是爆率太低 我号太黑 现在连4万的古城都撤不出去了 提一下爆率行不行 爆率低的和屎一样 超自然你也是神了 [表情_捂脸哭],2026-07-08T23:09:05+08:00,taptap_review,moment:824057193560016516,1,TapTap,https://www.taptap.cn/review/49531984
QQ官方群里面的群管理不作为，纵容群成员网暴别人，管理员跟着一起，给官方发消息官方也不回复，超自然官方默许对吗？,2026-07-08T23:13:13+08:00,taptap_review,moment:824058233084709307,1,TapTap,https://www.taptap.cn/review/49532032
四位数便宜出感兴趣的来聊，氪条近w如图详情,2026-07-08T23:36:40+08:00,taptap_review,moment:824064135728727060,1,TapTap,https://www.taptap.cn/review/49532333
"个人评价2颗星
优点：
1.抄了许多游戏 玩法多 一个游戏的玩法抵好多个游戏
2.物品栏六格 摸金时间在14分钟以内 有挑战性
缺点：
1.没创意 薇薇安有个皮肤就是抄的王者荣耀朵莉亚 都是人鱼 都是蓝色皮肤    月抄的是王者荣耀的镜
2.圈钱 一个伴生皮卖58.8人民币 别人王者荣耀 使命召唤这些 好多好看的皮肤都是免费送的
3.桂哥多 打一把四队20人里10个人是桂 是所有地图中最最不赚钱的地图
4.（这仅仅是本人猜测）我从开服玩到现在 一点钱都没充 到现在一把大剑都没出 甚至连影子都没见到 我多次开小号 每个小号都不氪金 每个小号都是传说段位 结果连一个超过50W的回收物都没捡到 我本来是早就想退坑的 但我女朋友爱玩 我被迫和她一起玩（我女朋友玩超自然还是我叫她入坑的）她现在已经出了4把大剑 3个圣杯 一个神龙了 但是 我女朋友她氪了200元左右 所以我猜测 官方应该是圈钱圈疯了 不氪金就针对我们 让我们退坑 氪金就出大金 让我们吃到香后 引诱我们氪金
5.画质建模极差 2026年了 AI都开始盛行了 超自然既没有我的世界的口碑 有没有和平精英的画质好 想用最抽象的建模圈我们的钱 超自然里的最高画质 说白了 就是加了范光 加了一点滤镜 加了点细节 玩起来还是像纸片游戏
6.（这也是个人猜测）超自然是屎山代码 我手机是OPPO A58x 玩王者荣耀高画质也能稳定60FPS 我玩超自然还最低画质最高帧 只能稳定在55FPS左右 开最高画质居然只有30FPS 这个手机玩暗区突围都有40～50FPS的样子 而这种低画质低建模游戏却非常吃配置
总的来说 想吃屎的可以去试试这个超自然行动组",2026-07-09T00:05:22+08:00,taptap_review,moment:824071357535880087,2,TapTap,https://www.taptap.cn/review/49532705
杀熟 氪金体验极差，花钱买了教训不推荐,2026-07-09T00:08:01+08:00,taptap_review,moment:824072023176118571,1,TapTap,https://www.taptap.cn/review/49532747
可以的可以的，爆率高，我平均300把一个圣杯，好好玩，喜欢四队，希望继续加油加油加油,2026-07-09T00:37:48+08:00,taptap_review,moment:824079519689214293,5,TapTap,https://www.taptap.cn/review/49533064
摸金的爽感很不错。,2026-07-09T00:40:40+08:00,taptap_review,moment:824080241772201349,5,TapTap,https://www.taptap.cn/review/49533098
账号非常的容易被盗号吧，挂一抓一大把都像是不要钱的一样,2026-07-09T02:04:10+08:00,taptap_review,moment:824101255931495334,3,TapTap,https://www.taptap.cn/review/49533682
真就是抄自然行动组，抄了这么多东西,2026-07-09T05:46:09+08:00,taptap_review,moment:824157117588964213,1,TapTap,https://www.taptap.cn/review/49534418
求给一个小白号，想养一个老己[心动小镇_害羞][心动小镇_害羞],2026-07-09T06:38:21+08:00,taptap_review,moment:824170254614662498,3,TapTap,https://www.taptap.cn/review/49534554
爆率很高。,2026-07-09T08:22:56+08:00,taptap_review,moment:824196573717070259,4,TapTap,https://www.taptap.cn/review/49535079
太友好了，一发出,2026-07-09T08:43:27+08:00,taptap_review,moment:824201737190509826,5,TapTap,https://www.taptap.cn/review/49535254
好玩，就是挂多,2026-07-09T09:15:19+08:00,taptap_review,moment:824209755701512669,4,TapTap,https://www.taptap.cn/review/49535531
非常不错，有可玩性,2026-07-09T09:33:13+08:00,taptap_review,moment:824214261025737770,4,TapTap,https://www.taptap.cn/review/49535728
如果能多出一点免费皮就更好了。,2026-07-09T10:38:13+08:00,taptap_review,moment:824230619855719596,5,TapTap,https://www.taptap.cn/review/49536546
全是挂好玩,2026-07-09T10:49:25+08:00,taptap_review,moment:824233439380113841,5,TapTap,https://www.taptap.cn/review/49536699
内容丰富,2026-07-09T11:07:41+08:00,taptap_review,moment:824238035305497364,5,TapTap,https://www.taptap.cn/review/49536972
开了个天下第一剑 出来的时候被大狗狗咬了 还好带了一个摸金符[表情_酷],2026-07-09T11:16:37+08:00,taptap_review,moment:824240280814224382,4,TapTap,https://www.taptap.cn/review/49537113
十分好玩，有着冒险性，还有着摸金性。,2026-07-09T11:42:30+08:00,taptap_review,moment:824246796891983019,5,TapTap,https://www.taptap.cn/review/49537457
"简直拉完了，说白了一个拼好游😂
还评分这么高我都不相信，抄了那么多的游戏
还有人喜欢也是个神人😂
一看评分肯定是拉水军呗
皮肤也是拉完了，我要笑死了😂
如果有零颗星的选项，我一定给你零颗星
难怪在应用商店见不到你，原来拼好游上不了台面",2026-07-09T12:04:21+08:00,taptap_review,moment:824252297138668232,1,TapTap,https://www.taptap.cn/review/49537771
臭狗屎花我那么多钱 还那么多挂  不知道制止吗!呕呕呕呕呕呕呕呕呕,2026-07-09T12:13:17+08:00,taptap_review,moment:824254545071704415,5,TapTap,https://www.taptap.cn/review/49537885
BUG这么多，无语了，在木偶头上跳舞木偶走了之后就一直跳舞，点武器一点作用没有，这能不能修复一下😡😡😡😡😡，死了之后人物还在跳，真无语了，,2026-07-09T12:34:35+08:00,taptap_review,moment:824259903559305890,1,TapTap,https://www.taptap.cn/review/49538188
皮肤越来越丑，怪物越来越恶心，游戏环境很差，皮肤歧视皮套开挂在这个游戏都算正常了,2026-07-09T12:44:01+08:00,taptap_review,moment:824262278105795752,1,TapTap,https://www.taptap.cn/review/49538314
感觉还行吧，某些小动物挺可爱的，还可以抓回去当宠物。就是那个农场的鱼饵没了，要怎么装啊？,2026-07-09T12:54:22+08:00,taptap_review,moment:824264883880070186,4,TapTap,https://www.taptap.cn/review/49538491
挂一两年了都不处理,2026-07-09T12:57:40+08:00,taptap_review,moment:824265712510963099,1,TapTap,https://www.taptap.cn/review/49538539
挺好玩的就是有点圈钱,2026-07-09T12:59:34+08:00,taptap_review,moment:824266191227848244,4,TapTap,https://www.taptap.cn/review/49538576
金光不出金是什么鬼啊，一个灰棺金光没有金我就算了，第二把，金棺都没出，扫描都点烂了，就一个铜镜，更新更出个什么玩意儿啊，我玩这游戏本就摸摸金，其他什么的也玩不了，我也懒得说，但现在你是要我玩什么，这么多问题我啥都没喷，现在这玩意儿是真恶心到我了啊,2026-07-09T13:11:19+08:00,taptap_review,moment:824269148887453498,1,TapTap,https://www.taptap.cn/review/49538752
非常好玩,2026-07-09T13:12:18+08:00,taptap_review,moment:824269396267501803,5,TapTap,https://www.taptap.cn/review/49538767
纯抄袭，没趣味，,2026-07-09T13:34:17+08:00,taptap_review,moment:824274928772579839,1,TapTap,https://www.taptap.cn/review/49539059
[表情_开心][表情_开心][表情_开心][表情_微笑]很好玩，大金也很好出,2026-07-09T13:35:27+08:00,taptap_review,moment:824275222424193613,4,TapTap,https://www.taptap.cn/review/49539076
小熊猫奶茶一个都没有,2026-07-09T13:35:48+08:00,taptap_review,moment:824275311196635682,1,TapTap,https://www.taptap.cn/review/49539081
算了，你给我大金，我也给个回报好了（能多给点免费皮肤舞蹈之类的吗）,2026-07-09T13:56:39+08:00,taptap_review,moment:824280554592538468,5,TapTap,https://www.taptap.cn/review/49539383
越来越好了，但是越来越圈了,2026-07-09T13:58:23+08:00,taptap_review,moment:824280993861995710,5,TapTap,https://www.taptap.cn/review/49539398
"🎮可玩性：
游戏还挺好玩的经常会给我报点大惊，我觉得整体是非常的不错的

🌃画面音乐：
有些皮肤买的特别特别值画面改了之后，游戏体验感更好了\^O^/舞蹈做的也非常的棒",2026-07-09T14:25:03+08:00,taptap_review,moment:824287705268489433,5,TapTap,https://www.taptap.cn/review/49539761
非常好玩就是有些东西开出来太难了,2026-07-09T15:04:22+08:00,taptap_review,moment:824297597962290566,5,TapTap,https://www.taptap.cn/review/49540284
爆率特高，已经出了5个圣杯了,2026-07-09T15:34:20+08:00,taptap_review,moment:824305139157306938,5,TapTap,https://www.taptap.cn/review/49540731
我希望所有大金的概率再报高一点。比如是那个凤冠和飞天神龙像，还有活珠子，我这怎么我给我老妹打那个凤冠，呃，打了好几把都不出。打了得50多把了。,2026-07-09T15:42:49+08:00,taptap_review,moment:824307276046142717,5,TapTap,https://www.taptap.cn/review/49540838
好玩的呀，摸金摸到手软，这个游戏是我目前最喜欢的一款游戏。,2026-07-09T15:54:53+08:00,taptap_review,moment:824310311342311826,5,TapTap,https://www.taptap.cn/review/49541027
策划做那蛇妖是不是把🧠丢了，那蛇妖跟个gey一样一直缠着人不放打又打不死,2026-07-09T15:56:08+08:00,taptap_review,moment:824310627420866969,1,TapTap,https://www.taptap.cn/review/49541049
我觉得每个游戏都有热爱它的玩家，没必要吵来吵去，当年迷你世界也是抄袭，但你们不也有人支持吗，不也有人为他说话吗，不也有人为了争辩出正反而吵架吗，为什么一个大众元素要扯到抄袭呢，橡皮泥又是什么，什么游戏的建模不是橡皮泥，而且我认为这个是游戏风格，遗忘之海，第五人格，我的世界，原神等等的游戏不也是很有风格吗，还有黑眼圈，这是很多人xp吧，真好在我心坎上，你们到了官方评论底下闹完来弄玩家不累吗，我们平常就正常刷个视频，全是吵架的，还有游戏环境也该管管了，全是外挂，公屏里面还有的片姐，懒得喷，游戏里面大多数都在低龄，还有你能不能看看你评论区下的建议，看了就不至于到人人喊打的地步,2026-07-09T16:06:26+08:00,taptap_review,moment:824313218544436695,4,TapTap,https://www.taptap.cn/review/49541199
总体还挺好玩的，活动的时候你签到还会送皮肤，不过也有时候会遇到一些神人哈，就比如忘本莉莉等等,2026-07-09T16:14:31+08:00,taptap_review,moment:824315250646975620,4,TapTap,https://www.taptap.cn/review/49541337
是对清图了，吃了个龙爪花，吃爽了,2026-07-09T16:14:37+08:00,taptap_review,moment:824315278950139110,5,TapTap,https://www.taptap.cn/review/49541338
大公司品牌，生活不如意时玩玩倒还顶放松的,2026-07-09T17:23:49+08:00,taptap_review,moment:824332693280915836,5,TapTap,https://www.taptap.cn/review/49542392
游戏玩法不错，探索解密，还有怪物袭击，怎么在怪物的袭击下获取更高价值的物资撤离就看玩家的本事了,2026-07-09T17:25:40+08:00,taptap_review,moment:824333156516626699,5,TapTap,https://www.taptap.cn/review/49542420
可玩性强，画面精美有质感，操作起来也比较流畅，非常不错的玩法,2026-07-09T17:25:51+08:00,taptap_review,moment:824333202469424418,5,TapTap,https://www.taptap.cn/review/49542423
游戏机动性还行，画质丰富，而且里联动的ip也挺好玩，下载一个玩玩。,2026-07-09T17:39:56+08:00,taptap_review,moment:824336748006869490,5,TapTap,https://www.taptap.cn/review/49542654
爆率调高点吧,2026-07-09T17:47:24+08:00,taptap_review,moment:824338627323495395,5,TapTap,https://www.taptap.cn/review/49542755
好玩,2026-07-09T17:48:41+08:00,taptap_review,moment:824338951073433219,2,TapTap,https://www.taptap.cn/review/49542771
我觉得挺好玩的，也不是很恐怖，推荐年轻人玩,2026-07-09T17:55:48+08:00,taptap_review,moment:824340742410340957,5,TapTap,https://www.taptap.cn/review/49542884
这个游戏确实很好玩，画面清晰，简单便捷易懂，值得推荐。,2026-07-09T18:02:38+08:00,taptap_review,moment:824342461328394565,5,TapTap,https://www.taptap.cn/review/49542985
缝合怪收拾收拾可以下架了,2026-07-09T18:18:36+08:00,taptap_review,moment:824346479517764742,1,TapTap,https://www.taptap.cn/review/49543210
下载资源死慢,2026-07-09T18:22:26+08:00,taptap_review,moment:824347442114726955,1,TapTap,https://www.taptap.cn/review/49543268
抄袭游戏,2026-07-09T18:44:42+08:00,taptap_review,moment:824353044492717083,1,TapTap,https://www.taptap.cn/review/49543566
好多挂我崩溃死了我没开过也老是匹到挂,2026-07-09T18:52:24+08:00,taptap_review,moment:824354985541108047,2,TapTap,https://www.taptap.cn/review/49543653
乐子游戏卡死了,2026-07-09T18:57:55+08:00,taptap_review,moment:824356370798086017,1,TapTap,https://www.taptap.cn/review/49543723
🎮可玩性:算挺好玩的一款游戏，不过怪物有点多。,2026-07-09T19:14:22+08:00,taptap_review,moment:824360513914798977,4,TapTap,https://www.taptap.cn/review/49543978
恶臭，都是什么人,2026-07-09T19:15:43+08:00,taptap_review,moment:824360853988969790,1,TapTap,https://www.taptap.cn/review/49543994
好不容易出了个水晶之心，成功撤离，结果出来之后不见了。图鉴什么都有呢，结果背包其他的没有。那是我出的第一个，什么都没有，只有图鉴，录像什么都显示带出去了，带出去了就是没有，真气死我了！,2026-07-09T19:17:02+08:00,taptap_review,moment:824361184923747716,1,TapTap,https://www.taptap.cn/review/49544009
"🌃画面音乐：
更新完之后画质差的没话说",2026-07-09T19:26:28+08:00,taptap_review,moment:824363555854749202,3,TapTap,https://www.taptap.cn/review/49544142
有点想笑,2026-07-09T19:43:46+08:00,taptap_review,moment:824367912692220279,4,TapTap,https://www.taptap.cn/review/49544377
有病啊，游戏环境不好挂还多，玩久了直接崩溃，进都进不了，还不管，有责任心吗，没有就别开，圈钱也严重，还一直出皮服，质量还差，说什么修复一点也没修 ，问题依就多,2026-07-09T19:55:25+08:00,taptap_review,moment:824370845089531520,1,TapTap,https://www.taptap.cn/review/49544569
bug一大堆，空气墙一大堆，无缘无故的卡顿，赚这么多钱不肯优化,2026-07-09T19:59:32+08:00,taptap_review,moment:824371880239565908,1,TapTap,https://www.taptap.cn/review/49544628
垃圾游戏，毁我青春，充了六千多的号被盗了联系客服一点用都没有，防盗系统就这么垃圾，快点倒闭吧破游戏，这张图是被盗前几天拍的，真的后悔啊怎么玩了这个游戏，辛辛苦苦攒钱充的逍遥全皮零全皮就这么送人了牛逼牛逼，垃圾游戏快点倒闭,2026-07-09T20:04:13+08:00,taptap_review,moment:824373057421314093,1,TapTap,https://www.taptap.cn/review/49544698
能不能搞别的开出来的关，只能自己拿，不能让别人拿，好不容易开个关了，结果东西全被别人拿走了，你这个游戏算什么啊，偷盗吗？,2026-07-09T20:04:38+08:00,taptap_review,moment:824373161968534125,1,TapTap,https://www.taptap.cn/review/49544709
好玩是好玩，但是为什么我玩久了会很晕，还很不舒服会很想吐૮⸝⸝o̴̶̷᷄ ·̭ o̴̶̷̥᷅⸝⸝ა,2026-07-09T20:18:25+08:00,taptap_review,moment:824376631039626391,5,TapTap,https://www.taptap.cn/review/49544895
还行，就是怪太多了，爆率虽然说也还行，不过就是有点太抠了吧，老玩家回归就送一个，传送一个桃木剑。一个摸金服,2026-07-09T20:18:51+08:00,taptap_review,moment:824376739584019385,4,TapTap,https://www.taptap.cn/review/49544898
可以结伴和好友墨镜，并且具有一定挑战性好玩有趣推荐,2026-07-09T20:38:38+08:00,taptap_review,moment:824381717547584687,5,TapTap,https://www.taptap.cn/review/49545177
刚回游就出大剑,2026-07-09T20:56:30+08:00,taptap_review,moment:824386213501734299,4,TapTap,https://www.taptap.cn/review/49545436
很好玩谢谢,2026-07-09T21:17:29+08:00,taptap_review,moment:824391495602670459,5,TapTap,https://www.taptap.cn/review/49545767
会打四对会摸金的莉莉找靠山😊,2026-07-09T21:27:01+08:00,taptap_review,moment:824393895348538539,4,TapTap,https://www.taptap.cn/review/49545926
"🎮可玩性：
超自然摸金玩法还是很好的
然后四队也很好看类似于和平精英一样刺激",2026-07-09T21:38:08+08:00,taptap_review,moment:824396693641363602,5,TapTap,https://www.taptap.cn/review/49546073
在我脸上刷两个熊枪兵和一个伪人你们神了,2026-07-09T21:41:16+08:00,taptap_review,moment:824397482715778879,1,TapTap,https://www.taptap.cn/review/49546119
我的妈呀官方你真的在用心做游戏吗，我是s1入坑的，那个时候官方很听劝，玩家的反馈和意见都会及时调整，玩法我也很喜欢，我也爱上了这个游戏，那时候皮肤也是慢慢出还没有很多挂我也玩了很长一段时间超自然，后来因为皮肤出的渐渐多了，慢慢的有些圈外的玩家觉得有些皮肤与别的游戏皮肤相似，怀疑超自然抄袭了别的游戏，起初我是不在意的也不大相信，后来说超自然抄袭这个事闹的越来越大，我也仔细的去看了，的确有些地方相似，甚至有些皮肤和别的游戏皮肤有着高度相似的情况，我对超自然的印象也变得很差，但最让我生气的是你抄袭第五人格，我是从第五转来的，我玩第五人格三年多了，虽然时间不长但是我很喜欢玩，你也是明目张胆的抄了呗，字体用的第五的，你火灾哥哥也是不织到啥时候去你公司给你打工去了哈，巫灵儿第一款耀世那个第二形态我怎么看着那么像雕刻二线呢，还有那个脸模你直接照搬记者的了，薇薇安的魔盒皮也是抄袭的调香的致命温柔，薇薇安的背景故事抄的渔女的，玩法抄的小小梦魇，第五的玩法也被你抄了，抄的还那么恶心，真没法比，别的游戏你也没少抄，你出了抄袭圈钱还会干啥，是没脑子吗，不会自己想点创意吗，皮肤隔三差五就出一个，都要钱，建模还跟纸片一样，你自己看你送的皮肤有多丑，还没个蓝皮好看，真是圈钱圈疯了哈，游戏里一堆开挂盗号的，四对里能有几个绿玩，这些你都看不见吗，在那装瞎，局内的怪物也恶心死了，那个连弩你削一下能咋样，两秒直接射死了，还放的那么阴，爆率也是无敌了，开五个棺有四个都是紫，现在古城都穷成啥了，之前找某露思代言，天天把代言人挂嘴边的我还是第一次见哈，说白了，觉得自己阳气太重的可以去玩这个游戏，玩完直接两脚一登享清福去了，官方你就继续忘本吧，你对不起任何人，我们玩家一点也不苦一点也不累，你这样做游戏早晚凉。。。,2026-07-09T21:44:11+08:00,taptap_review,moment:824398213569053010,1,TapTap,https://www.taptap.cn/review/49546170
我直接给个6星好评哈，新上线的云南虫谷，啥阴间地图啊，超级大而且关还不好找，弩箭还一大堆[表情_汗],2026-07-09T22:01:03+08:00,taptap_review,moment:824402461769862862,1,TapTap,https://www.taptap.cn/review/49546407
嗯嗯，希望有人和我一起玩，今天第一天开始练小抄[表情_开心],2026-07-09T22:41:53+08:00,taptap_review,moment:824412735621038237,5,TapTap,https://www.taptap.cn/review/49547091
"回收物的概率能不能调的高一些啊，我大号氪了4000，只有两个圣杯，自己开出一个，我闺蜜给我一个，超过300万的都没有。小号0氪，更是连大剑都没见过。
对了我s3赛季玩的",2026-07-09T22:43:53+08:00,taptap_review,moment:824413240061592221,3,TapTap,https://www.taptap.cn/review/49547127
很好玩，画质也很好，就是不太容易摸到大金,2026-07-09T22:46:07+08:00,taptap_review,moment:824413799107792471,4,TapTap,https://www.taptap.cn/review/49547170
出不完的皮肤，没有优化的优化  喜欢玩的有服了,2026-07-09T23:11:34+08:00,taptap_review,moment:824420206863453273,1,TapTap,https://www.taptap.cn/review/49547560
好玩好玩,2026-07-09T23:23:22+08:00,taptap_review,moment:824423173876351224,5,TapTap,https://www.taptap.cn/review/49547767
妈的卡的要死我换3个网络卡成四了3个都是满格而且我还是电脑出生来的吧,2026-07-09T23:45:21+08:00,taptap_review,moment:824428705815199937,1,TapTap,https://www.taptap.cn/review/49548082
本人是2025年4月份入的坑 前前后后给超自然充了也不少 超自然这个游戏很早之前被说抄袭的时候我其实就已经知道他后面怎么走了 很难说 吃像很难看 呃没想到会活这么久 拼好游 风气差甚至挂还能站官方头上是我没想到的 四队的挂多的数不清 （本人是青跑不要骂我）这个武器的平衡很奇怪 先是长枪再是伞的 之前的版本之子桃木剑已经到t1了是我真的没想到的,2026-07-09T23:58:17+08:00,taptap_review,moment:824431961001954274,3,TapTap,https://www.taptap.cn/review/49548257
"🎮可玩性：一、超自然题材的可玩性优势

沉浸感与神秘感

超自然元素（鬼魂、诅咒、未知力量）天然带有悬念和未知性，容易引发玩家的探索欲。
环境叙事空间大：通过符号、声音、碎片化线索营造氛围，让玩家主动拼合真相。",2026-07-10T00:14:51+08:00,taptap_review,moment:824436131650080082,5,TapTap,https://www.taptap.cn/review/49548495
要不然你退我钱吧 充的比我对象多号比我奶奶家锅底都黑 玩的也比我对象久 我到现在没出一个圣杯。。。账号还给我卡bug 这还有啥好玩的 我连一星都不想给,2026-07-10T00:54:52+08:00,taptap_review,moment:824446203805567576,1,TapTap,https://www.taptap.cn/review/49548914
四队全是挂,2026-07-10T01:12:24+08:00,taptap_review,moment:824450615651338146,1,TapTap,https://www.taptap.cn/review/49549096
"我的号一直很非，是好友们一直带我玩我才留下来的，现如今我古早皮全有，或者说限定皮一直没断过，前几天我一直在想7月10日的累充要充多少买皮肤，直到无聊到去看相册里去年的游戏照片，瞬间感觉没有充值欲望了，就算现在官方每次视频都十几万赞，但他的核心早死透了；比如只要早期来的超自然玩家，都知道月师这个大佬，但他却早退了，离开的原因就是失望了，我也等不到之前那群好友找我玩了。
现在的超自然要完蛋了，或者早在去年完蛋了，我这个反姐说的。我去年为了反超自然煞费苦心，一群双肩包在去年大家攻击超自然ai造图事件的时候，对圈外人或者玩家说“没玩、没充钱、没皮肤、没上最高段位，没资格评价”结果发现这套话语无法选中me后，大发雷霆把我拉黑了😂😂😂，回头一看这群双肩包都没反姐牛逼；你超自然连小众搜题软件都有他的广告，好处来咯~，一大群新版双肩包护他，结果连他的过往都不去了解，最逆天的来了，有个超自然玩家骂其他超自然玩家，说“超自然都没有说自己是听劝官方，是玩家乱扣帽子”好啦，我这个反姐听了我都要笑死了，我都怀疑他没有玩过游戏，官方游戏活动图里都有一张自称听劝官方的；不过现在的新版双肩包真是牛逼class呀，傻到了我不敢想象的地步，我都怀疑他们是否是伪人，你护这个游戏那么你应该去了解他干过了什么，做过了什么，但是就凭你那什么都不知道的🐷脑子去反驳别人，那群双肩包不觉得自己是joker吗，哦不，当我用图片证明实力时，最意想不到的来了，有个双肩包说“你玩这个游戏了，你还吐槽啥？”我将用最简洁的话语表明我没绷住，是个人找茬都说不出这种话，但是你游双肩包做到了；双肩包不玩这个游戏还好，一玩这个游戏瞬间解锁到处贴脸buff，视频里没提到超自然也要当显眼包，真当自己很可爱很牛逼吗，用非遗为高考助威的视频一群双肩包贴脸有意思吗？还觉得万家雷不够臭是吗？
官方你也别想逃，现在天天出你那逼皮肤，但游戏你真的用心管了吗，去年7月份或更早就在的导航问题一直不修，之前用ai造的头像也一直不改，用了ai的角色图视频一直不删，甚至旗舰店还用ai，我真不明白那群双肩包哪看不出来ai，官方就接着不改，本来以为你致命公司叔叔终于逃离被超当0的命运了，结果几个月前的大鸭子机制又超致命公司。还有一群双肩包说其他游戏抄超自然，可明明是你致命公司叔叔已经被超的床都下不了了，一群双肩包到底要干嘛😂😂😂",2026-07-10T01:15:06+08:00,taptap_review,moment:824451292326791283,2,TapTap,https://www.taptap.cn/review/49549124
我天天出大金,2026-07-10T02:22:12+08:00,taptap_review,moment:824468180817678324,5,TapTap,https://www.taptap.cn/review/49549582
官方是什么都不管的，钱是圈的，皮肤特效是光污染的，对面放个技能屏幕是动不了的，ios是闪退的，挂是不封的，诈骗消息不看的。六星好评,2026-07-10T03:05:21+08:00,taptap_review,moment:824479038532747916,1,TapTap,https://www.taptap.cn/review/49549789
这个如果没免费时间的话，如果出现那个10分钟的话，真的还有17分钟了就没了。￼,2026-07-10T06:42:36+08:00,taptap_review,moment:824533711507687789,1,TapTap,https://www.taptap.cn/review/49550358
薇薇安的爆率能不能提高点？,2026-07-10T08:12:25+08:00,taptap_review,moment:824556315228505021,3,TapTap,https://www.taptap.cn/review/49550700
太卡了，进不去,2026-07-10T09:00:43+08:00,taptap_review,moment:824568468413089174,5,TapTap,https://www.taptap.cn/review/49551004
虽然说角色皮肤有点像塑料，但是品质确实不错。就是官方能不能查一下外挂。还有就是降低绿被挂打死的机制，希望把红绿分流弄成实时的,2026-07-10T09:14:43+08:00,taptap_review,moment:824571993100650887,4,TapTap,https://www.taptap.cn/review/49551128
四队挂多,2026-07-10T09:33:07+08:00,taptap_review,moment:824576625772333908,3,TapTap,https://www.taptap.cn/review/49551287
非常好玩恐怖又有趣，皮肤做的都很精美，大金爆率也高,2026-07-10T09:45:29+08:00,taptap_review,moment:824579734418490585,5,TapTap,https://www.taptap.cn/review/49551382
觉得好玩，但游戏外挂太多,2026-07-10T10:06:41+08:00,taptap_review,moment:824585070730807997,3,TapTap,https://www.taptap.cn/review/49551611
皮肤做的都很精美，官方也会送一些皮肤,2026-07-10T10:08:18+08:00,taptap_review,moment:824585479495094259,5,TapTap,https://www.taptap.cn/review/49551634
致敬挂最少的游戏,2026-07-10T10:12:51+08:00,taptap_review,moment:824586624250678384,3,TapTap,https://www.taptap.cn/review/49551676
新地图真好玩,2026-07-10T10:23:05+08:00,taptap_review,moment:824589197808503710,5,TapTap,https://www.taptap.cn/review/49551770
一直卡屏,2026-07-10T10:24:08+08:00,taptap_review,moment:824589464469767047,1,TapTap,https://www.taptap.cn/review/49551785
"🌃画面音乐：
我只能说最近是良心了一回，差不多是开服那会玩的，前前后后玩了三个号，之前昆仑噩梦爆率挺高连续出了两个圣杯，现在爆率直线下降，可以说是撤离金都凑不够，圈钱也是圈疯了，没过一会就是皮肤，本人充的不多，平常也就和朋友摸金，以前纯赚现在纯亏",2026-07-10T10:58:52+08:00,taptap_review,moment:824598204287811910,3,TapTap,https://www.taptap.cn/review/49552229
这个游戏太好玩了，值得推荐，但是要是能给我出个凤冠和雮沉珠就最好了😍😍😍,2026-07-10T11:14:03+08:00,taptap_review,moment:824602022991889383,5,TapTap,https://www.taptap.cn/review/49552402
卡，进不去,2026-07-10T11:17:49+08:00,taptap_review,moment:824602972158691746,1,TapTap,https://www.taptap.cn/review/49552448
一把出圣杯了,2026-07-10T11:28:15+08:00,taptap_review,moment:824605597029630414,5,TapTap,https://www.taptap.cn/review/49552569
怎么说呢，就是版本更新不了，很让人厌烦，有点想投诉,2026-07-10T11:37:19+08:00,taptap_review,moment:824607877900535642,3,TapTap,https://www.taptap.cn/review/49552680
很早就入坑了只能说现在游戏环境不行跟游戏本身也有很大关系吧只希望不要再用ai了,2026-07-10T11:58:19+08:00,taptap_review,moment:824613165357598318,4,TapTap,https://www.taptap.cn/review/49552957
爆率非常的棒。爆率非常棒。,2026-07-10T11:59:19+08:00,taptap_review,moment:824613414377623445,5,TapTap,https://www.taptap.cn/review/49552970
pc一玩就掉帧 我玩你妹 你个十八码的,2026-07-10T12:41:12+08:00,taptap_review,moment:824623957461175529,1,TapTap,https://www.taptap.cn/review/49553487
太圈了,2026-07-10T12:59:36+08:00,taptap_review,moment:824628585422654292,3,TapTap,https://www.taptap.cn/review/49553738
复合肥很符合,2026-07-10T13:03:49+08:00,taptap_review,moment:824629648758407254,5,TapTap,https://www.taptap.cn/review/49553790
拿到鬼玺了。,2026-07-10T13:09:54+08:00,taptap_review,moment:824631177439611210,5,TapTap,https://www.taptap.cn/review/49553878
可以就是4队挂多,2026-07-10T13:16:54+08:00,taptap_review,moment:824632940863426508,4,TapTap,https://www.taptap.cn/review/49553975
抄袭游戏这个标签就不说了 爆率低怪还多  官方也是彻底掉入钱眼里去了 bug不修复 以前立的人设现在全部都崩塌,2026-07-10T13:45:19+08:00,taptap_review,moment:824640094118871824,1,TapTap,https://www.taptap.cn/review/49554322
喵喵喵，爆率超级高,2026-07-10T13:54:02+08:00,taptap_review,moment:824642285051317611,5,TapTap,https://www.taptap.cn/review/49554435
很好玩。就是想问一下云玩怎么换头像,2026-07-10T14:04:17+08:00,taptap_review,moment:824644867027108507,5,TapTap,https://www.taptap.cn/review/49554563
单独和朋友玩的感觉还是不错的,2026-07-10T14:16:12+08:00,taptap_review,moment:824647864343855422,5,TapTap,https://www.taptap.cn/review/49554702
胆子小的不介意玩，有点可怕，但还不错。很好玩。,2026-07-10T14:28:11+08:00,taptap_review,moment:824650881994591356,4,TapTap,https://www.taptap.cn/review/49554842
报金率非常高啊[表情_开心],2026-07-10T14:36:56+08:00,taptap_review,moment:824653083245019296,5,TapTap,https://www.taptap.cn/review/49554945
爆率太低了，提升一下爆率。,2026-07-10T15:04:50+08:00,taptap_review,moment:824660103159349672,1,TapTap,https://www.taptap.cn/review/49555305
摸金好好玩，很胆大的那可以玩，胆子小的推荐还是别玩吧,2026-07-10T15:24:19+08:00,taptap_review,moment:824665006355253897,5,TapTap,https://www.taptap.cn/review/49555565
就是有点吓人,2026-07-10T15:33:07+08:00,taptap_review,moment:824667218917723033,4,TapTap,https://www.taptap.cn/review/49555683
我喜欢玩法  我后悔当红玩了  现在下这个应该是官服的吧,2026-07-10T15:34:01+08:00,taptap_review,moment:824667446857173911,4,TapTap,https://www.taptap.cn/review/49555694
"我是S1的老玩家，7月12日更改，目前全赛季超自然传说
但是这游戏越做越烂了，作为任何模式都有深度体验的玩家，我将从游戏内外反映玩家最需要改善的一堆问题，好先从游戏内开始说：
（ 地图，只说缺点）：我先反映每个地图的优缺点吧，以免一些入坑的新玩家不知道
蜀道入口： 玩家的新手图，基本没有危险，属于像零号大坝那种破产赚钱过渡地图
古蜀遗迹：这个图属于最晕的一个地图了，因为你会发现这个图不是只有一二层，而是有非常多层，这就导致上下楼梯非常多，一些阴间图的后期，发现地图资源没有探索完，要去探索其他层的时候，发现有一堆能上下楼梯的地方，而一些上下层并不通，如果你之前就没有上去看过的话，就得一个一个走一遍，即便一些看过了，因为上下层对应的地图并不在同一个地方，所以整理没有探索的楼层时，还是得一个一个理，相当费时间，百万级大金爆率还比较低；
精绝古城： 部分地区相当黑，一些没有光照的地方几乎看不清，然后就是这里的棺很考眼力，因为这里到处都是属于特殊房间，棺有些时候就在一些角落，就藏在黑暗里面，这就导致你可能逛完一整局都见不到棺
昆仑秘境：要入场费，同时一些路痴千万不要去水下区域，不然容易迷路不知道怎么上岸，以及地图的专属怪物会逼着你带枪不然会被恶心一整局
秦岭龙宫：有入场费，是唯一一个有现实、古代，两个世界的地图，也是唯一一个有磁场的地图，爆率时好时坏，要么全图的资源全部搜索完都不一定能凑出撤离金额，要么第一个金棺就可以撤离，以及怪物可能比较多
OK，有人问云南虫谷为什么要放到最后面，这个地图最多才是重点吐槽，以及很多玩家反应，我这边收集了所有玩家反映问题，以及我自己的游戏体验
先反应关于难度的问题
我不明白为什么难度要跳一个，从普通跳过困难直接到极限，从极限跳过噩梦直接到炼狱
然后就是你这个图的专属怪物，为什么在普通模式下也会刷新？哦不止专属怪物，为什么小熊猫也会在普通模式下刷新？可能有人不知道啊，小熊猫这玩意只会在极限、噩梦模式刷新一只，炼狱难度下会刷新两只，每个地图的困难模式有概率刷一只，但是这东西居然出现在了普通模式，所以你这个测试版代码真写好了吗？
然后就是这个地图开个棺材要花老多时间，部分地形棺材分布非常分散，再加上地图为大部分是平地地图，很多玩家反应这个地图在快要结束的时候都在找棺，再加上要应对怪物，很多时候都是对局时长快结束了，结果又找到几个棺还没开；
以及你那云南虫谷炼狱模式下的红棺，我开了六个全是保底，重蹈覆辙测试版龙宫？
然后就是关于这个地图的专属怪，依旧是很多玩家集体反应，蛇妖的仇恨几乎不会转移，几乎全图都是他留下的破印记，问题是还打不死，打他一下就直接来追杀你，烦的要命，干脆专门设置就逮着一个人等标记追杀得了；
然后就是戏偶，到现在没搞明白这个什么机制，要说她像少帝，一个放镜子，一个放面具，但是你只要在戏偶旁边，或者开棺，又会莫名其妙突脸，而且这玩意儿移动速度慢，好处是追不上，坏处是这玩意儿会堵你必经之路，往那一站跟尊佛一样，这玩意，但凡能改个长时间没攻击到员工会瞬移到离每一个员工一段距离的地方；
还有整个地图，侧门几乎没有任何作用，只能说一个双人棺的机缘，有些侧门还不跟整个地图通；
就算从大门走，刚进去打开地图，你就会发现入口居然属于一个特殊区域，周围全是阴影，但是你探索完了之后就会发现，纯属误导，大门入口左右两边没有任何用处，但是地图上居然还盖了这么大片阴影，这游戏后期开始理棺的时候是要最后再看一遍阴影区，看是不是还有棺没开完，结果你打开地图一看有一大片区域没探索，过去之后发现是大门，浪费时间来的；
还有就是云南虫谷这个图，目标看上去很明确：找祭面，进一堆棺材的房，但是具玩自己的游玩，以及游戏内，游戏外的反应，就是这个祭面根本就找不齐，找齐了也没时间，一般都是把室外搜索完了，东拼西凑凑出去的，偶尔运气好，好不容易能误闯一次天家，结果发现爆率还不行，全都是蛙盒如何呢？
我直接说实在的啊，你不要仗着你这个地图是个测试版，就能把一堆问题全部忽略，这个问题你早晚都得管，那不然，正式地图上线不用玩了吧？
（怪物）：好吧，怪物的作用是来拖时间的，你总得应付一下吧，但是的为什么现在的怪物，怎么做到越来越恶心的？
你之前出的怪物都有反制方法，甚至是利用地图都可以反制，为什么怪物越出到后面越恶心？
就像龙宫的两个专属怪物，少帝这个中立怪物，碰了他的镜子可以通过蹲下，躲到他的视野外，然后陷害别的怪物；就算是秦帝，你只要站高了他也打不到你，他还会帮你清难缠的怪物，这不都是反制手段？
那新怪物怎么说呢，怪物的代码运行机制我完全就不能搞明，只有出的几个室外怪还勉强得到玩家的喜欢（我就喜欢猫头鹰，甚至有三个品种的哈基米）
那我就不得不说一下，一些玩家的对于新怪物的评论了：“蛇妖仇恨一直跟在角色身上，走哪跟哪，靠近强制看动画，跟个痴汉一样。”
问题很明显了，就是代码没有搓好，机制没搞明白，现在还趁是测试版，赶紧修吧，正式版要还是这样，跟辜负玩家的期待有啥区别？
（道具）：好的，再说道具之前，必须先说一件事，那就是官方，你能不能搞明白，玩家为什么会入坑你这个游戏，靠的是恐怖题材、盗墓类型的搜打撤，但是现在出的道具和角色越来越跟PVP有关了（角色待会讲）
我现在一个一个说最近出的道具的道具：
伞：虽然不是最近出的，但我还是要说一下，这东西轮椅来的，知不知道这玩意儿到底有多恶心，一打PVP几乎都会有这类拿伞当疯狗撕咬的人，再加上最近出的角色和伞高度匹配，依旧是变相促进人玩PVP；
伞在摸金属于没人用的地位，处境和长枪一样，但是在PVP，伞的某一段伤害可以格挡任何形式的攻击，而且伞不会因为连续攻击降移速，没有爆发伤害但有超长的续航以及保命能力
所以又是给PVP玩的呗？你把道具都出给PVP玩了，我们摸金玩什么？玩那个新地图吗？
爆炸弓：好消息这东西在摸金可以打木偶，坏消息还是出给PVP用的；
因为这东西冲着一个机制就能完全推断出来
机制就是：无论蓄没蓄满力，任何被击中的生物都会留下一个隐藏印记，这个时候被射中一箭的生物再受到一次任何伤害这个隐藏印记就会爆炸再次造成伤害
但是这东西对于摸金对怪物造成的伤害没有一点提升，该是武器几下打死，还是武器几下打死
说难听点，这玩意就是给飞天用的，专门用来对地、恶心对面的，因为瓜用这个是无限子弹，我这辈子第一次看到流星雨在超自然，一个瓜拿着爆炸弓在那玩天女散花，满图都是流星砸下来[表情_捂脸哭]；
应急针：直接明牌了，就算是宣传片，也是在PVP模式下打的
这玩意儿在摸金作用无限接近于零，因为摸金不需要一直奔跑，体力走一走总回的上，不像PVP十分需要体力，慢下来就要被秒杀，所以说又是出给PVP的？
（反应这么多，我就想说：忘了这游戏一堆玩家入坑的初衷是什么了吗？为什么现在摸金这一类没一点新花样？全部用来讨好PVP了？没事，对局环境问题，我等会会说）
（角色）：
好的，先不说最近出的角色，咱先说一个老角色
爱丽丝：不好奇为什么一个全场不限距离救的，还可以自救的角色为什么在摸金和PVP都见不到呢？
先拿摸金来说，现在玩家普遍怕死，摸金符是成吨的带，再加上技术操作，几乎一整局见不到一个人死，就算有人死亡，其他人也可以带除颤仪也可以直接救起来，所以综合下来爱丽丝直接被淘汰了，毕竟一个角色的作用可以完全用道具来替代，现在玩爱丽丝的不是单人跑图，就是人机脚本抓怪了；
那PVP呢，四队只要有一个人活着，都可以通过靠近队友然后复活队友，无需任何道具和技能；再加上一些辅助自带非常多的武器，只要在车里把人传回来救就可以了，再加上回血什么的好友之间最基础的抱一抱互动都可以回血，所以说爱丽丝的哪个技能都可以被代替掉，再加上医疗包也没人用，自然就美美隐身没有登场率了；
OK到了最近出的新角色了，怪不得摸金越来越乏味了
新角色，无心：摸金最没用之人，就这么说吧就算无心进入隐身状态，那怪物靠代码锁的你跟眼睛什么关系，那怪物照样看着你，该攻击的时候还是要攻击；
就像被没变身之前的皮鼓盯上了，就算进入隐身状态，它还是照样跟着你，只有在皮鼓变身后进入隐身状态，它才会站在原地一段时间，等你隐身技能一结束，就继续冲过来撕咬你；
以及那个背后伤害对怪造成眩晕，我就想问了，到底有什么作用，对局里都是怪物主动来找玩家，而玩家全程都在探索图，谁有心思追着怪物后面杀呀？
所以说这个角色设计的初衷就是给PVP的玩的，甚至没有一丁点对于摸金模式的作用，依旧忘掉摸金玩家这一块，PVP到全是这东西，结果告诉我这玩意抄的还是兰陵王（角色隐身期间在要是在敌人旁边的话会给敌人提示）
最近角色，米娅：当你觉得她可能对摸金有一点用的时候，你就错了；首先就说她这个“恩典”，好消息确实无敌三秒钟，坏消息根本不防机制秒杀，无论是少帝、狐妖、蛇妖等等都可以完全无视这个恩典进行秒杀，而且恩典期间米娅自己在那摸猫不能攻击，而跟米娅有契约的角色才可以享受无敌的同时正常进行攻击；接着就是这个厄运赦免，好消息刷新冷却，坏消息在摸金还是没什么太大的作用，就算能够刷探索类角色的技能，但其实过冷却再用技能也不是不可以，再加上重要探图的角色探索技能冷却都转的很快，提前刷浪费一个技能还不如不用；以及那个疾奔，在摸金还是没什么用，野匹队友一般都是分散开来自己找自己的回收物，一般都是分散开的，你要死皮赖脸的凑过去别人还会以为你会抢他的大金；就算是固排，以上所有技能，只要和固排契约后，无敌刷新冷却都没有你的份，也就是说完全给契约的队友了
所以综合下来，这位更适合PVP跟着一个疯狗，给他套无敌刷技能一起撕咬别人的角色，也就是双子星，又给PVP玩家新花样了；
最近角色，月：疯狗来了，我说实话就冲着这个脚步声降低，我就知道他的初衷还是PVP，因为怪物靠的是代码锁定又不是靠听觉，再加上他的主动技能游园惊梦，生成一个分身撕咬别人的时候有更高伤害，说到底还是PVP的新花样和米娅凑一块直接成为俩疯狗疯狂撕咬
摸金最大的作用就是单人开双人棺了
（对局环境）：我就简单描述了，毕竟只要玩久了应该都体验过
摸金：野匹就是一场机缘抢夺，队友疯狂抢棺材抢大金，一般跑的没有队友快运气没那么好，那就什么都吃不到
PVP：要么就相当靠谱，能打出相当好的配合，要么就大手子不打配合单人作战，要么就技术不好嘴巴还挺臭，以及你打了几把，人头稍微杀多后，队友、对面全是红玩，把正常玩家压的没有一点游戏体验，所以四对这个环境只能说适者生存了，毕竟现在的超自然的瓜可以说刚清理一批，又全面更新了一批；
再说难听点就是打PVP无论赚还是亏，迟早都要破产
（其他模式）：
鬼屋广场某些地图直接变成了类似于和平精英的相亲房，或者就是逆天八卦
而且创意工坊没有创意，几乎就没人玩的，而且官方精选最早的也在2025年去了，这说明什么，鬼屋广场就没人玩，更别说爱玩的这些地图还有一堆bug，就比如刚点开的那个8号出口，全是bug；
惊魂逃生：首先玩家反映怪物阵营超标到现在都还没改，多久上线的模式到现在都是测试版
游戏那bug也是多的很，比如什么虚假的板子，员工卡在翻墙处，怪物都在板下了，砸了有些时候也不会判定，反正就是玩家也反应过了到现在没处理，你看有人玩吗？
怪物俱乐部：你千万不要用正常的人的思维去打这个高级场，因为玩高级场的一般都没有逻辑，当你以为来玩高级场的都是高手的时候，实则就是一些逻辑死板的人来高级场体验的，用什么思维完全预判不到他们的行为
而且就算是休闲场，场外的情况也非常多，一想到三个人给一个人做局我就想笑；
找出伪人：作为跟太空杀联动来的游戏，但我想说他跟太空杀本游戏完全是两个玩法，毕竟太空杀的员工都着急做任务，落单的情况非常常见，都给内鬼机会
而找出伪人一群人就在那个大厅跳舞，任务一点都不做，内鬼完全没机会，就算搞破坏也是成群成队的去处理，内鬼被找出来完全就是因为不在大厅，部分做任务的人被刀了一下就能找出来
再加上场外，以及部分玻璃心女生，无论是新手场还是进阶场，十把都会有三把遇到两个吵起来的；
以及里面的身份没联动到精髓，这个你们自己体验吧；
总结下来就是，究极缝合怪，但就是缝不到精髓，问题百出，怪不得都说超自然，抄的很自然",2026-07-10T15:37:53+08:00,taptap_review,moment:824668418954232325,3,TapTap,https://www.taptap.cn/review/49555747
不推荐原因是广告方面导致用其他不关于这个游戏的应用自动下载该游戏,2026-07-10T15:51:59+08:00,taptap_review,moment:824671969298350307,1,TapTap,https://www.taptap.cn/review/49555971
容易破产，希望可以免费发点币,2026-07-10T15:56:51+08:00,taptap_review,moment:824673193527609762,4,TapTap,https://www.taptap.cn/review/49556041
红门找不到，一群开挂的。爆率特别低，而且特别容易被盗号，建议别玩,2026-07-10T16:28:15+08:00,taptap_review,moment:824681093947983946,1,TapTap,https://www.taptap.cn/review/49556467
两关都是金光,2026-07-10T16:37:32+08:00,taptap_review,moment:824683431450381558,5,TapTap,https://www.taptap.cn/review/49556599
因为他画质很好。而且皮肤还很好看。所以我才玩了这个游戏。,2026-07-10T17:07:12+08:00,taptap_review,moment:824690896065791005,5,TapTap,https://www.taptap.cn/review/49556984
非常好玩，但是有点恐怖,2026-07-10T17:08:58+08:00,taptap_review,moment:824691342046136633,5,TapTap,https://www.taptap.cn/review/49557003
暴率超高,2026-07-10T17:13:06+08:00,taptap_review,moment:824692384188075593,5,TapTap,https://www.taptap.cn/review/49557057
"✍🏻建议：
建议把伪人去掉，那个伪人太阴了[表情_豹哭]",2026-07-10T17:20:41+08:00,taptap_review,moment:824694290088200040,5,TapTap,https://www.taptap.cn/review/49557177
还挺好玩的。怪物也挺吓人的，就是有点难杀。还有。皮肤太贵了。。。,2026-07-10T17:39:05+08:00,taptap_review,moment:824698920432045921,4,TapTap,https://www.taptap.cn/review/49557430
好玩，在衣柜里开出了鬼血,2026-07-10T17:57:36+08:00,taptap_review,moment:824703581637577292,5,TapTap,https://www.taptap.cn/review/49557689
超自然有体验服吗？,2026-07-10T17:59:27+08:00,taptap_review,moment:824704045682789160,5,TapTap,https://www.taptap.cn/review/49557721
更新速度快，皮肤好看,2026-07-10T18:06:07+08:00,taptap_review,moment:824705723853178693,5,TapTap,https://www.taptap.cn/review/49557802
拉完了，也是超级无敌圈,2026-07-10T18:14:53+08:00,taptap_review,moment:824707932791768673,1,TapTap,https://www.taptap.cn/review/49557908
开挂和忘本行为太多，导致很多人退游，希望可以改改,2026-07-10T18:34:52+08:00,taptap_review,moment:824712959128241179,1,TapTap,https://www.taptap.cn/review/49558164
圈钱,2026-07-10T18:54:40+08:00,taptap_review,moment:824717941122533720,1,TapTap,https://www.taptap.cn/review/49558419
玩了两次后，结果呢，后面就完不成了，必须要下载后才能玩,2026-07-10T18:56:43+08:00,taptap_review,moment:824718458594787415,1,TapTap,https://www.taptap.cn/review/49558447
圈好游你赢了，四队红玩没了还有高玩，爬山模拟器更不用说了，你自己玩的时候不想笑吗，还有那个新地图你就玩吧，一玩一个不吱声,2026-07-10T19:00:23+08:00,taptap_review,moment:824719380708329697,1,TapTap,https://www.taptap.cn/review/49558488
关键的是我玩不了太久今天我玩没多久，然后你就说让我强行下线，就说我玩30分钟那样，他就说我该下线了，然后就不给我玩了。,2026-07-10T19:03:39+08:00,taptap_review,moment:824720202238263804,5,TapTap,https://www.taptap.cn/review/49558528
非常的好玩，知道吗？我要玩一辈子,2026-07-10T19:06:46+08:00,taptap_review,moment:824720987810433201,5,TapTap,https://www.taptap.cn/review/49558567
你真特么是狗屎游戏啊 从上个赛季任何机型都开始卡顿掉帧 流量卡 无线卡 什么都卡 地图做的垃圾 皮肤死贵 你特么摸着良心说还有多少人玩你 等你哪天倒闭吧,2026-07-10T19:13:57+08:00,taptap_review,moment:824722795580621460,1,TapTap,https://www.taptap.cn/review/49558679
拼好游，建模丑死了，还有人玩啊，圈那么多钱我不行了呀,2026-07-10T19:35:19+08:00,taptap_review,moment:824728173521407508,1,TapTap,https://www.taptap.cn/review/49559050
我起初是认为我会一直玩下去 下载音游前一切安好 下载后时不时的闪退重进 反复的令人心生厌烦 也甭要说我设备差或是内存不足 我也把音游删了但结果始终一样,2026-07-10T19:59:39+08:00,taptap_review,moment:824734296987142970,3,TapTap,https://www.taptap.cn/review/49559427
卡的我他妈的要把手机扔了，依旧红网，超自然你可以的,2026-07-10T20:06:09+08:00,taptap_review,moment:824735932954445892,1,TapTap,https://www.taptap.cn/review/49559511
抽池子简直了，600多摸不到一个皮,2026-07-10T20:37:58+08:00,taptap_review,moment:824743940354739906,4,TapTap,https://www.taptap.cn/review/49559972
嗯……挺好的，就是。号被盗了。嗯……还是很伤心的,2026-07-10T20:38:58+08:00,taptap_review,moment:824744191086035881,5,TapTap,https://www.taptap.cn/review/49559984
还行就是盗号不整治，一直不管,2026-07-10T20:43:43+08:00,taptap_review,moment:824745384499740969,5,TapTap,https://www.taptap.cn/review/49560049
我从s3玩到现在，先不说那皮肤出的多快，一个魔盒68还会返金砖，差不多两个月，一个兔宝60一个月，除了多一个格子，好友位和仓库容量变多，再加上能送一个东西回去没发现其他好处。还有最严重的外挂问题，当时官方严重打击外挂时，那段时间确实变少了，但还是有。但最近这段时间外挂是真的多，我昨天晚上就遇到两三个想着是晚上有点正常，我今天打了一下午就三把没挂，天上飞的是加特林，地上跑的是杀戮光环。再加上最近新角色无心，人都没看到就被一枪秒了，管控外挂这方面真的很让人失望。我朋友青偏成飞天把加特林打死了，加特林没封，他封了。这段时间我也举报了很多开挂玩家，没有几个成功的，就算是成功了也只是封三个小时、一天、一个星期。我觉得如果不是因为外挂横行，人们被逼无奈不会去选择开，从而导致你游获得了最媚挂的称号，希望官方能加强管控，不是只管一部分，而是慢慢的把所有的都清除。失望是真的，但是也给我带来过快乐。,2026-07-10T20:48:12+08:00,taptap_review,moment:824746514281664173,3,TapTap,https://www.taptap.cn/review/49560120
玩着玩着卡了，就很难受，新赛季也不知道咋回事大金出的比例百分之一的概率,2026-07-10T21:03:35+08:00,taptap_review,moment:824750386626691503,3,TapTap,https://www.taptap.cn/review/49560369
卡死了呀，我网明明是五格我死活进不去😠,2026-07-10T21:18:04+08:00,taptap_review,moment:824754031132935896,1,TapTap,https://www.taptap.cn/review/49560588
就这个整体游戏挺好的，但是怎么说，就是○米，整体的话还是可以的，地图有点乱。而且好多怪物都有不同的那种击杀方式，所以导致一进极兔就要带很多的东西，要不然就比如鬼新娘，用普通的工具杀不死，还得用桃木剑。所以就要带很多的东西进图。而且很多地图的爆率都不是很高。就是可能你逛完整一个图，就没有找到几个棺,2026-07-10T21:30:01+08:00,taptap_review,moment:824757038813809203,4,TapTap,https://www.taptap.cn/review/49560746
第一个大金还是队友给我的。,2026-07-10T21:42:10+08:00,taptap_review,moment:824760096012635209,5,TapTap,https://www.taptap.cn/review/49560933
太有意思了，外挂满天飞，账号老安全了，肯定不会被盗号！你们也来玩玩这个吧[表情_微笑] 最过分的是，账号被盗了，我的天呀，钱被偷了，不知道怎么扣我的款[表情_汗][表情_嫌弃] 好恶心的外挂[表情_惊恐][表情_惊恐],2026-07-10T21:55:15+08:00,taptap_review,moment:824763387819854572,2,TapTap,https://www.taptap.cn/review/49561123
很好玩很好玩，很好玩，但是四队有挂哥[表情_汗]其他的都很好玩,2026-07-10T22:04:04+08:00,taptap_review,moment:824765608292781542,4,TapTap,https://www.taptap.cn/review/49561258
卡死了,2026-07-10T22:06:36+08:00,taptap_review,moment:824766246019925855,2,TapTap,https://www.taptap.cn/review/49561301
挺棒的游戏体验，画质极好，氛围也非常好，剧情设计也非常紧凑。,2026-07-10T22:22:26+08:00,taptap_review,moment:824770229392375991,5,TapTap,https://www.taptap.cn/review/49561520
超自然行动组是一个非常有趣的搜打撤的游戏,2026-07-10T22:26:40+08:00,taptap_review,moment:824771295743837730,5,TapTap,https://www.taptap.cn/review/49561596
最不喜欢聚众斗殴的游戏，手气最好的游戏,2026-07-10T23:01:20+08:00,taptap_review,moment:824780019074073053,1,TapTap,https://www.taptap.cn/review/49562078
人物操作流畅，背景音乐代入感很强,2026-07-10T23:18:57+08:00,taptap_review,moment:824784450112981066,5,TapTap,https://www.taptap.cn/review/49562300
新地图不知道怎么想的，地图又大路还很绕，加上两个boss怪根本就没有反制方法打也打不死，处决动画又搞得那么长时间根本不够，就继续捂着耳朵向前跑吧，玩家反馈是一点不听，照这样下去游戏早晚得凉，皮肤也是不到三天两头就出一个，你累充活动过去了有两个月吗又出一个，建模和特效做的那么敷衍那么水还敢卖498真是想钱想疯了,2026-07-10T23:38:45+08:00,taptap_review,moment:824789434015681992,3,TapTap,https://www.taptap.cn/review/49562588
云南虫谷不是说优先锁艾伦吗？为什么每次都锁我，我还玩的兰，我朋友玩的艾伦，也是他先进的里面，为什么还是锁的我，开了好几把都锁的我？？？为什么？？,2026-07-11T00:04:36+08:00,taptap_review,moment:824795939666398328,4,TapTap,https://www.taptap.cn/review/49562931
恐怖氛围搞的好，交战搜完就撤，可玩性很高！,2026-07-11T00:13:19+08:00,taptap_review,moment:824798132779878098,5,TapTap,https://www.taptap.cn/review/49563033
不是看个广告，给我自动下载了，你这种屌丝游戏，我要是玩了，我跟你姓好吧,2026-07-11T00:29:08+08:00,taptap_review,moment:824802115653207019,1,TapTap,https://www.taptap.cn/review/49563245
纯纯沙子游戏，从头到脚全是抄的，广告还打的满天飞，老子今天早上看几个视频摇了两下给我下载四五次了😭🤣👍🏻,2026-07-11T00:32:19+08:00,taptap_review,moment:824802916509419762,1,TapTap,https://www.taptap.cn/review/49563284
18703760工号找回账号 密码忘了 由于没绑定手机号，找不回老账号了，希望官方能出密一个tap直接登录账号,2026-07-11T01:20:15+08:00,taptap_review,moment:824814976312017019,2,TapTap,https://www.taptap.cn/review/49563714
又是去4队睡觉的一天,2026-07-11T01:22:17+08:00,taptap_review,moment:824815489183122503,5,TapTap,https://www.taptap.cn/review/49563733
可以的跟对象玩了一年了，就是四队里什么神人都有,2026-07-11T01:22:38+08:00,taptap_review,moment:824815579545209686,5,TapTap,https://www.taptap.cn/review/49563737
太好玩了，值得推荐，玩了两个多月,2026-07-11T01:31:54+08:00,taptap_review,moment:824817907992104297,5,TapTap,https://www.taptap.cn/review/49563817
爆率很高,2026-07-11T01:32:19+08:00,taptap_review,moment:824818015970266698,5,TapTap,https://www.taptap.cn/review/49563819
这个还要撤离时间，赶紧拉完了,2026-07-11T01:32:20+08:00,taptap_review,moment:824818020273619641,1,TapTap,https://www.taptap.cn/review/49563820
可玩性很高,2026-07-11T01:34:50+08:00,taptap_review,moment:824818649251449263,5,TapTap,https://www.taptap.cn/review/49563839
虽然说我卡过彩色标签，但仅此而已，但我连跪为啥子还会进黑屋，号也没人开过挂，朋友也是纯绿,2026-07-11T02:04:48+08:00,taptap_review,moment:824826190610041242,4,TapTap,https://www.taptap.cn/review/49564030
"从去年三四月份下载这个游戏 当时只玩了一段时间 那时地图还只有古城古蜀 觉得很没有意思 一直找不到棺 然后当时的乌鸦还会吓人 到后面就把号出掉了然后去玩其他的了 在去年国庆节的时候刷到了4队 觉得很有意思 又跑回来玩 然后就一直玩到现在
        首先就是游戏本身带有抄袭问题 很多皮肤道具都有争议 像薇薇安的魔盒皮肤黑月挽歌 逍遥的泽引山海还有等等就不举例 无可厚非 抄袭就是抄袭 就算你游小腿毛再怎么护也没办法洗掉 
         就说说主流玩法摸金 我实在不理解你的爆率到底怎么回事 就说最近的小熊猫奶茶 我跟朋友连续打了4天 一杯奶茶都没出 但是有的人第一把就出了我请问呢 还有你的虫谷爆率 我第一天玩的时候就只赚到刚好撤离金 你虫谷七万二的门票打不过三万的昆仑？还有每次玩那个照镜子石头剪刀布 那个蛇妖就跑过来 还强制看动画我真的服了
          再说你游四队 风气简直差的离谱 开挂 求佛开队友 讨口子无话可说 说到开挂 我真的是第一次见到开挂的踩在官方头下的 说好的零容忍皮肤什么时候出？还有也是第一次见着绿丸打死挂发在网上结果评论一堆说是高参你早没了 还说这人开的小熊猫吧 我的妈呀你们继续媚挂我享福去了😂                                   
           还有最近出的薇薇安的回馈皮 那个脸模简直丑的离谱 超自然500块钱的皮肤就长这样？😂我说出去真的要笑死 一个金皮要520 一个幻梦星耀要1000多还不算全收集 上次看见一个充了1800都还没有全收集完故宫谁能绷住
            总结 挂是不管的 钱是要圈的 皮肤是丑的😂要不是我家耀祖和心肝在这里 老子早跑路了",2026-07-11T02:57:00+08:00,taptap_review,moment:824839325152707013,3,TapTap,https://www.taptap.cn/review/49564307
我去呀绷不住了，秦帝鬼新娘联合狩猎，哦不不不我无疑是愤怒的,2026-07-11T03:10:06+08:00,taptap_review,moment:824842622584490976,5,TapTap,https://www.taptap.cn/review/49564364
挂多,2026-07-11T03:13:37+08:00,taptap_review,moment:824843508572491107,2,TapTap,https://www.taptap.cn/review/49564377
"还好吧皮肤我感觉越出越丑了
还有现在那个外挂是真的泛滥，现在真的还有人敢去玩龙宫多队吗？
还有摸金那个爆率，有时候你一下爆率高，一下爆率又低。
还有关于封号和禁赛这个我一个顶飞朋友就打了不到几个人头，还一直在跟挂打，还没怎么赢，还被封了三天。
而且皮肤出的太快了，而且越出越丑，道具皮肤越做越华丽，越来越卡，我这段时间切画面甚至出现多次花屏。
嗯bug也比较多，中等吧看个人，可玩性不高也不低",2026-07-11T04:06:41+08:00,taptap_review,moment:824856863278367407,3,TapTap,https://www.taptap.cn/review/49564544
爆率真的很高,2026-07-11T08:04:13+08:00,taptap_review,moment:824916637768485580,5,TapTap,https://www.taptap.cn/review/49565114
如果不是最低就是一星，我是真的一星都不想给，我也是老玩家了，S2开始的，从当初没有挂很好的氛围，到现在漫天都是挂，玩的年龄全部偏于小学生未成年，现在号被盗了，我也正式宣布退游了，失望了不会再回来了，毕竟自己养的心血号都没了，提交过两次，结果都没给我过，客服一味的说我的账号信息和提交的不符，我请问呢，我是根据当时情况以及真正的信息来上传的，我拿实名提交都过不了，超自然的安全系统还是没有别的游戏高，毕竟也才是去年正式上线的，难怪超自然被盗号率这么高，有些人说被盗号的该，那是没轮到你的时候，轮到你的时候怎么会去说这些呢？你体验过无缘无故被盗号的感觉吗？一天天净长那张嘴了，不和无脑的人说,2026-07-11T08:25:06+08:00,taptap_review,moment:824921894032510763,1,TapTap,https://www.taptap.cn/review/49565214
纯乐子游戏缝合怪来的,2026-07-11T08:58:33+08:00,taptap_review,moment:824930312709476158,1,TapTap,https://www.taptap.cn/review/49565430
"你游ID太宰治.号主来了 看我评价不服来找我 叠甲：s1玩家资深四队玩家
角色强度方面 那个米娅阿念临云随便掏出来一个拿个伞都无敌轮椅 没点手段你根本繁殖不过来 要求削弱根本不看 催排期我不理！ 圈钱我继续⭕！
武器强度方面 那个伞 狠狠手法伞手法起来好吗？ 加强之后恶心的要命跟个挂一样 后摇根本抓不到 大多玩家体验过后去官方那边声讨差评削弱 那是看都不看一眼 还有刺刀 世上最牢武器之一 说加强也没加强接着⭕吧你就 我看你这个态度继续下去你也活不过5年[表情_捂脸哭]
外挂方面 那他娘挂都在ks开起直播来了 封堆僵尸号糊弄你母呢 糊弄行动组吧你是[表情_捂脸哭]
你作为一个主玩法为摸金的游戏您的爆率这是怎么了呀 那个虫谷7万多的门票爆率还没有隔壁昆仑3万多门票高啊 玩家关于爆率强度方面的声讨您这是在无视我们的需求吗 我看你这最听劝官方的位置也坐不下去了
评论区还有个楼主被误封客服那个态度你也不管是吗 你这不游戏吗 玩家玩你不是为了把这个游戏当大爷伺候的宝贝
皮肤及卖腐问题 你他吗做皮肤给我做好了呀！逍遥那个联动常驻我很早就想说了 那他妈是男的呀 他是男的呀你给我做成这个逼样 你是不是想死 皮肤还有抄袭问题 游戏内很多都是抄来的 502幻梦疑似抄袭隔壁第五脸模叠都能叠上了 其他的我都不想说 还有你这游戏卖腐来的还是摸金来的 从秦帝开始就不对劲 第二阶段直接爆衣贴脸捂嘴您这是？嫦娥那个硬控动画又臭又长 蛇妖一个标记直接捏下巴你让抬头看他 长得跟他妈高泰明一样我都不知道在看什么 
我以上所说的所有都是玩家大多声讨的问题 说的都是实话 没玩的也不要去赤石了[表情_捂脸哭]",2026-07-11T09:11:05+08:00,taptap_review,moment:824933467690108186,1,TapTap,https://www.taptap.cn/review/49565486
"什么狗屁超自然？四队的手法在好秀啊，好秀啊  我记得我是出生在一个桃木剑为尊的时代啊  我记得当时不是都拿着桃木剑去打四队吗？ 我记得当时环境没有这么差  我记得当时官方很听劝  我记得当时四队没有这么多挂   官方我给你指一条通天路 ！
1.在人物和剧情方面不要偷工减料 认真做 认真用心做了 会有人喜欢角色 
2.好好管一下挂 不要就嘴上说一下 现在哪怕是号不黑的去打四都可以碰到挂
3.去把该买的版权都买了 然后停止抄袭 
4.玩家说的 该改的地方要改 不要那么圈钱 
最后还是希望超自然这个游戏可以越走越远",2026-07-11T09:30:07+08:00,taptap_review,moment:824938255446183923,3,TapTap,https://www.taptap.cn/review/49565614
还可以就是能不能加点福利,2026-07-11T09:53:38+08:00,taptap_review,moment:824944174229880841,3,TapTap,https://www.taptap.cn/review/49565828
很好玩，容易出金,2026-07-11T10:28:57+08:00,taptap_review,moment:824953062513708357,4,TapTap,https://www.taptap.cn/review/49566146
666，回归奖励给狗呢。笑死我了，没绷住。,2026-07-11T10:51:44+08:00,taptap_review,moment:824958795317773264,1,TapTap,https://www.taptap.cn/review/49566391
高兴死我了第一口入门金冠就出来了,2026-07-11T10:56:03+08:00,taptap_review,moment:824959883789994719,5,TapTap,https://www.taptap.cn/review/49566433
真的很有趣，玩法多样,2026-07-11T10:56:28+08:00,taptap_review,moment:824959988014252930,5,TapTap,https://www.taptap.cn/review/49566436
特别的好玩，不卡顿,2026-07-11T10:57:21+08:00,taptap_review,moment:824960208752084354,4,TapTap,https://www.taptap.cn/review/49566449
建议换一下背景音,2026-07-11T10:57:52+08:00,taptap_review,moment:824960339064916702,5,TapTap,https://www.taptap.cn/review/49566455
我的天呀，太棒了，一局我总共开三个棺，两个棺都是金棺还在柜子里面开出一个绿豆糕！！！,2026-07-11T11:01:38+08:00,taptap_review,moment:824961288789557574,5,TapTap,https://www.taptap.cn/review/49566503
神经.打着打着跳评价谁想理你,2026-07-11T11:27:22+08:00,taptap_review,moment:824967762060250193,1,TapTap,https://www.taptap.cn/review/49566780
红门增加保护机制,2026-07-11T11:41:07+08:00,taptap_review,moment:824971225565495752,4,TapTap,https://www.taptap.cn/review/49566917
很有意思可以一起租队玩,2026-07-11T11:48:56+08:00,taptap_review,moment:824973191511279162,5,TapTap,https://www.taptap.cn/review/49567007
爆率挺高，就是bug有点多,2026-07-11T11:53:11+08:00,taptap_review,moment:824974260031196920,5,TapTap,https://www.taptap.cn/review/49567057
玩兰妈第一次获得这么多大金,2026-07-11T11:53:29+08:00,taptap_review,moment:824974335755160437,5,TapTap,https://www.taptap.cn/review/49567062
好玩，可以组队也非常好玩就是为什么云玩要维修,2026-07-11T12:09:16+08:00,taptap_review,moment:824978306167211939,4,TapTap,https://www.taptap.cn/review/49567219
非常好玩搜打撤的玩法,2026-07-11T12:19:32+08:00,taptap_review,moment:824980893847257890,5,TapTap,https://www.taptap.cn/review/49567323
有时候很讨厌刚开学就全拿了龙珠的，不知道龙珠拿了危险加具吗？到后面凑一下倒是没问题。,2026-07-11T12:24:13+08:00,taptap_review,moment:824982071494577132,4,TapTap,https://www.taptap.cn/review/49567379
爆率可以,2026-07-11T12:27:07+08:00,taptap_review,moment:824982801643211998,5,TapTap,https://www.taptap.cn/review/49567417
就是挂太多,2026-07-11T12:31:51+08:00,taptap_review,moment:824983992808769511,5,TapTap,https://www.taptap.cn/review/49567483
卡了,2026-07-11T12:37:55+08:00,taptap_review,moment:824985516679105967,3,TapTap,https://www.taptap.cn/review/49567549
感觉很好玩，摸金开出的大金也有喜悦感,2026-07-11T12:42:36+08:00,taptap_review,moment:824986695869927138,4,TapTap,https://www.taptap.cn/review/49567587
能帮我骂一下图片中这个人吗 这个艾伦抢我装备 把我腰包拿走了 不知道扔到哪里去了 还骂我是废物 骂完就跑了,2026-07-11T12:44:03+08:00,taptap_review,moment:824987061437075173,2,TapTap,https://www.taptap.cn/review/49567605
呃皮膚太貴了啊，但是。呃那個四隊挺好玩的，依舊鞭策。。。,2026-07-11T12:48:36+08:00,taptap_review,moment:824988206662419150,3,TapTap,https://www.taptap.cn/review/49567678
破超自然！我一拿到大金就一堆怪来打我。我还丢了一个圣杯。不好玩！[表情_生气],2026-07-11T12:49:57+08:00,taptap_review,moment:824988548254925695,2,TapTap,https://www.taptap.cn/review/49567700
头一个游戏，有挂不封😂 ，官方眼睛长哪了？,2026-07-11T12:55:19+08:00,taptap_review,moment:824989898099396320,1,TapTap,https://www.taptap.cn/review/49567764
给你指一条明路少抄袭，多管管开挂的，角色剧情用心做，皮肤质量好一点，多听劝，我是真不希望你黄了呀,2026-07-11T13:00:31+08:00,taptap_review,moment:824991207460441588,3,TapTap,https://www.taptap.cn/review/49567835
雷霆小猪游戏   继续圈米吧,2026-07-11T13:08:33+08:00,taptap_review,moment:824993227542105736,1,TapTap,https://www.taptap.cn/review/49567930
简直爆了，第十一局出了个大金,2026-07-11T13:17:02+08:00,taptap_review,moment:824995361297796113,4,TapTap,https://www.taptap.cn/review/49568042
四队地图你做给我做好的呀，你有那时间做皮肤，先把古蜀四队的地图卡脚问题，长枪卡枪问题解决了好不好，圈钱我认了你地图倒是做好一点啊喂,2026-07-11T13:39:23+08:00,taptap_review,moment:825000988363459493,2,TapTap,https://www.taptap.cn/review/49568314
"满怀期待下载了这款主打悬疑惊悚的超自然题材游戏，体验过后只剩满心失望，完全是辜负了大家的期待，不推荐任何玩家入手！
 
首先游戏核心玩法极度单一无聊，打着超自然解谜的噱头，全程只有重复的找物品、点线索，没有任何烧脑设计和创新机制。所谓的灵异探索毫无氛围感，既没有惊悚的剧情铺垫，也没有沉浸式的场景互动，全程机械式点点屏幕，玩十分钟就彻底审美疲劳，毫无游戏乐趣可言。
 
其次游戏优化差到极致，各类bug层出不穷。频繁出现画面卡顿、场景穿模、线索卡消失的问题，好几次即将通关的关卡因为bug被迫重来，非常影响心态。而且游戏建模极其粗糙，人物、场景画质模糊，贴图敷衍，完全不像一款正式上线的游戏，画质堪比半成品测试版。
 
最让人反感的是游戏过度氪金。作为单机解谜游戏，随处设置付费陷阱，关键剧情、重要道具、解锁新章节全部需要充值，免费内容少得可怜。原本的超自然悬疑题材很有吸引力，但官方只顾着收割玩家，根本没有用心打磨游戏内容。
 
除此之外，游戏剧情漏洞百出，逻辑混乱，结局仓促潦草，伏笔全部烂尾，丝毫没有超自然题材该有的神秘感和层次感。整体体验敷衍又劣质，纯粹是蹭热度的圈钱作品。真心不建议大家浪费时间和金钱，避雷这款劣质游戏！",2026-07-11T13:59:09+08:00,taptap_review,moment:825005960283030676,1,TapTap,https://www.taptap.cn/review/49568568
四队环境10中10,2026-07-11T14:08:56+08:00,taptap_review,moment:825008421710335529,3,TapTap,https://www.taptap.cn/review/49568679
不是手机问题，游戏内部一直闪退。,2026-07-11T14:10:41+08:00,taptap_review,moment:825008864704335383,1,TapTap,https://www.taptap.cn/review/49568711
不是为什么这个资源一直加载不了,2026-07-11T14:15:28+08:00,taptap_review,moment:825010069501379086,1,TapTap,https://www.taptap.cn/review/49568791
非常好玩，爆率挺高的，就是有一点点难，多玩就好了。😁😁😁,2026-07-11T14:18:51+08:00,taptap_review,moment:825010917224744014,5,TapTap,https://www.taptap.cn/review/49568844
爆率非常非常非常高！！！！,2026-07-11T14:32:32+08:00,taptap_review,moment:825014363088752566,5,TapTap,https://www.taptap.cn/review/49569021
拼好游吗？有点意思。不过玩起来确实挺让人上瘾的  个人感觉bug有点多吧  但是这个皮肤全是要充钱的  没有几个免费的零氪玩家根本玩不下去  某些地图还要入场费，而且死贵  致敬武器最平衡的游戏  临云手法伞好秀啊，好秀啊  零手法开大，好秀啊，好秀啊  逍遥手法闪避好秀啊，好秀啊   致敬角色技能最平衡的游戏  无心手法偷屁股，好秀啊，好秀啊    致敬爆率最高的游戏  普棺手法出绿戒指好秀啊，好秀啊  金棺手法出金尊好秀啊，好秀啊   致敬玩起来最流畅的游戏  怎么一打开四队就开始网卡呢，好难猜啊,2026-07-11T14:36:54+08:00,taptap_review,moment:825015461916708713,3,TapTap,https://www.taptap.cn/review/49569085
把把几乎都出大金,2026-07-11T14:37:29+08:00,taptap_review,moment:825015606368538211,5,TapTap,https://www.taptap.cn/review/49569092
挂哥上辈子救官方老冯命了，对咯，皮肤就这么卖，游戏环境是不管的，官方自己敢玩pvp吗🥰,2026-07-11T14:48:32+08:00,taptap_review,moment:825018387485690740,1,TapTap,https://www.taptap.cn/review/49569247
还是不错的只能说。除了皮肤出点新也没啥了吧，但是可玩性玩久了就没意思，多出点模式吧,2026-07-11T14:48:34+08:00,taptap_review,moment:825018398726424437,4,TapTap,https://www.taptap.cn/review/49569248
从去年7月份，开始玩的吧，到现在，模式增加手感，皮肤也都多了，但是以前的人不在了会有一点遗憾的吧,2026-07-11T15:01:38+08:00,taptap_review,moment:825021687392111386,3,TapTap,https://www.taptap.cn/review/49569430
最近爆率高了，给我吃爽了😋,2026-07-11T15:05:08+08:00,taptap_review,moment:825022567306758072,4,TapTap,https://www.taptap.cn/review/49569462
好玩的里面有有送奶茶(●°u°●)​ 」,2026-07-11T15:06:28+08:00,taptap_review,moment:825022900569378537,5,TapTap,https://www.taptap.cn/review/49569477
哦哦大金好多单排,2026-07-11T15:09:28+08:00,taptap_review,moment:825023658870180756,5,TapTap,https://www.taptap.cn/review/49569518
昆仑怪有点多,2026-07-11T15:23:48+08:00,taptap_review,moment:825027263861884253,4,TapTap,https://www.taptap.cn/review/49569731
游戏不错，bug超多,2026-07-11T15:27:07+08:00,taptap_review,moment:825028097035206740,5,TapTap,https://www.taptap.cn/review/49569768
更新半天，结果又不能了好玩是好玩咋更新啊为什么我更新半天后又失败了,2026-07-11T15:29:23+08:00,taptap_review,moment:825028668089697007,3,TapTap,https://www.taptap.cn/review/49569791
出新地图老地图爆率就变成一坨，打完怪掉俩摸金符金棺开个金樽会不会太值钱了？怪物是不是太少了？,2026-07-11T15:54:12+08:00,taptap_review,moment:825034915903966856,1,TapTap,https://www.taptap.cn/review/49570139
爆率真的很高,2026-07-11T16:02:38+08:00,taptap_review,moment:825037035625513652,5,TapTap,https://www.taptap.cn/review/49570271
挂少一点,2026-07-11T16:14:05+08:00,taptap_review,moment:825039919494727121,3,TapTap,https://www.taptap.cn/review/49570439
"今天的官方不知道为什么好像在给我们发福利一样，特别爽，特别好，每局都有大金，真的和朋友一起玩了两局，出了两个魔芋爽，真的推荐大家来玩，牛逼，666，不解释

✍🏻建议：建议超自然就是把这个画面感再加强一点，再恐怖一点，谢谢，然后再希望多多出金",2026-07-11T16:15:13+08:00,taptap_review,moment:825040201855274903,5,TapTap,https://www.taptap.cn/review/49570454
"客服回复很敷衍，都上证据了立马给我结单了，我反应的是bug，听劝官方很假的，你自己去实践就知道了。（气死我了，直接贴脸，我看官方是不是选择性失明，来了我有一整套证据，不止一次了）
游戏抓怪脚本一大堆，别人改游戏程序那么猖狂，影响游戏体验。
我说白了，这个游戏一开始也是抄袭元素一大堆的。
游戏对局录像根本没有用，如果别人骂你你回放根本看不见记录，而且你删掉游戏录像就没有了，录像还不能直接保存在手机里。你受委屈只能录屏，你可以自己实践一下。",2026-07-11T16:36:15+08:00,taptap_review,moment:825045498535610380,1,TapTap,https://www.taptap.cn/review/49570750
爆率高，非常赞,2026-07-11T16:37:44+08:00,taptap_review,moment:825045868854905199,5,TapTap,https://www.taptap.cn/review/49570776
卡死我了，。。。,2026-07-11T16:41:11+08:00,taptap_review,moment:825046738480924683,3,TapTap,https://www.taptap.cn/review/49570830
爆率挺高的,2026-07-11T17:20:45+08:00,taptap_review,moment:825056694613577587,5,TapTap,https://www.taptap.cn/review/49571359
我原本是不想给超自然氪金的，但可是有好多朋友陪我玩,2026-07-11T17:24:08+08:00,taptap_review,moment:825057547697260759,5,TapTap,https://www.taptap.cn/review/49571406
超自然爆率超高，在古蜀入口和黄金面具和一些老大大金,2026-07-11T17:25:03+08:00,taptap_review,moment:825057777679337902,5,TapTap,https://www.taptap.cn/review/49571417
"超自然的皮肤都做的非常细心，而且还不贵。
里面画质也很好，在里面可以摸镜，抓怪，对抗，爬山玩多了也不嫌腻",2026-07-11T17:38:21+08:00,taptap_review,moment:825061124717151847,5,TapTap,https://www.taptap.cn/review/49571607
非要弄个邀请新玩家才能拿应急针新皮肤的活动，要么就天天邀请好友助力，服了，太不方便了。。。。。,2026-07-11T17:46:10+08:00,taptap_review,moment:825063091057199163,1,TapTap,https://www.taptap.cn/review/49571713
"[表情_捂脸哭][表情_捂脸哭][表情_捂脸哭]叠甲：S2入坑的(已退1年
你小破游完蛋了
圈钱我圈圈圈 皮肤我上上上 水军我请请请 明星我代代代 
玩家建议是一点都不听
乐子游戏
你骂=我对
我骂≠你对",2026-07-11T17:57:49+08:00,taptap_review,moment:825066022800195629,1,TapTap,https://www.taptap.cn/review/49571908
不是我真服了，这个超自然玩4队一堆外挂，净针对我们绿玩是吧？举报了之后一个月后才给我结果，而且那人也没有封号啊，这就是超自然你给他的惩罚吗？每次更新完之后就巨卡，我网络满格，给我卡成啥了呀？为什么我玩光遇就不卡？新地图的弓弩也是恶心的要死，也不削弱一下，玩家的建议是不听的，新地图也是暗的要死，一点都不好玩，和那个鬼吹灯联动的时候就飘了吧，把加载画面都改了，改完之后又特别像的小游戏，我真不行了，还有一些莫名其妙巨恶心的队友，我在那里骂人，超自然也不管，玩这个超自然，我简直要气出心脏病！,2026-07-11T18:03:45+08:00,taptap_review,moment:825067515230029473,3,TapTap,https://www.taptap.cn/review/49571992
削弱连弩，加云南虫谷时长,2026-07-11T18:07:27+08:00,taptap_review,moment:825068448320065484,5,TapTap,https://www.taptap.cn/review/49572043
爆率高，还有检测机制，云南虫谷的爆率非常好,2026-07-11T18:14:45+08:00,taptap_review,moment:825070284611522353,5,TapTap,https://www.taptap.cn/review/49572119
爆率高的离谱，你要是不会玩，你就到路口都可以练出来，,2026-07-11T18:20:37+08:00,taptap_review,moment:825071761061053963,5,TapTap,https://www.taptap.cn/review/49572187
要是一直这么富就好了,2026-07-11T18:26:17+08:00,taptap_review,moment:825073188982489349,2,TapTap,https://www.taptap.cn/review/49572279
完全一坨从二五年暑假就一堆挂还零容忍零容忍的皮肤还没上架呢[表情_捂脸哭]皮肤道具皮检视动作要么AI要么抄袭版权也没有联动个鬼吹灯，还真以为自己是正版游戏[表情_喷]发了几个帮助山区的真以为自己洗白了，一群小鬼，还说原谅超自然了自己看了想不想笑😂玩得久玩家皮肤继续一直保底。新玩家继续一发出皮肤，乐子超自然继续零容忍现在玩个四队还有挂呢。圈钱给你脑子圈没了吧，出个福免费皮还要连续登录半个月才永久，别人是很想让你那个免费皮吗？免费皮也做的一坨 简称垃圾游戏 喷我就是你对现在还护超自然的纯纯小鬼 要钱的皮肤也有丑的要死的,2026-07-11T18:49:50+08:00,taptap_review,moment:825079113969568173,1,TapTap,https://www.taptap.cn/review/49572547
太好了，出了好多大金,2026-07-11T18:49:53+08:00,taptap_review,moment:825079128725128544,5,TapTap,https://www.taptap.cn/review/49572548
jk,2026-07-11T18:56:06+08:00,taptap_review,moment:825080693104052745,5,TapTap,https://www.taptap.cn/review/49572626
爆率非常高，我非常喜欢超自然,2026-07-11T19:00:09+08:00,taptap_review,moment:825081710453457607,5,TapTap,https://www.taptap.cn/review/49572689
超自然我恨你，我前前后后给你充了几大千（我承认很少但我的钱不是大风刮来的），结果你他妈就是个缝合怪游戏你对得起我们吗？排期是不平衡的，过年搞什么圈钱榜是吗？你圈的钱还不够你还版权吗？还是说你感觉圈不够呢？,2026-07-11T19:01:52+08:00,taptap_review,moment:825082140956822892,1,TapTap,https://www.taptap.cn/review/49572711
游戏还行，在tap tap玩超自然要比在手机下流畅一些，但是tap tap没有VIP不能玩很久还要排队，送的VIP卡也只能用一天，在链接里面下载的话，进超自然打一把，四队可以闪退好几次，没玩过的不建议玩。,2026-07-11T19:07:08+08:00,taptap_review,moment:825083467644536488,3,TapTap,https://www.taptap.cn/review/49572773
可以玩玩，自由度很高。,2026-07-11T19:13:43+08:00,taptap_review,moment:825085124658856532,5,TapTap,https://www.taptap.cn/review/49572843
"超自然行动组,

🎮可玩性:对我来讲好一点

🌃画面音乐：可以增加一点音乐

🔖运营服务：客服态度某一点可以联系得到",2026-07-11T19:29:55+08:00,taptap_review,moment:825089200381494338,5,TapTap,https://www.taptap.cn/review/49573037
挂有点多,2026-07-11T19:45:02+08:00,taptap_review,moment:825093006381026673,3,TapTap,https://www.taptap.cn/review/49573247
游戏钱是圈的，图空气墙是不改的，怪是超模的，挂也是不管的,2026-07-11T19:52:04+08:00,taptap_review,moment:825094773843955427,1,TapTap,https://www.taptap.cn/review/49573337
额，可以改一下古城的爆率吗？但是其他都挺好的。,2026-07-11T20:01:32+08:00,taptap_review,moment:825097157303340272,4,TapTap,https://www.taptap.cn/review/49573469
题材新颖，氛围独特：游戏将中式微恐（古墓、民俗怪物）与“搜打撤”玩法巧妙结合，弱化了传统恐怖的强惊吓，保留了紧张刺激的探墓体验，对轻度玩家和女性玩家非常友好。,2026-07-11T20:10:16+08:00,taptap_review,moment:825099355672284445,5,TapTap,https://www.taptap.cn/review/49573584
游戏挺好玩的就是很圈钱，还有就是能不能优化一下游戏卡的要死，圈那么多钱连个好的游戏环境都没有，卡了6个月了,2026-07-11T20:42:35+08:00,taptap_review,moment:825107489346292270,2,TapTap,https://www.taptap.cn/review/49574001
上年五月份下载的 玩了一年 皮肤是一月三个的 新角色是乱做的 风气是烂的 很失望,2026-07-11T20:47:50+08:00,taptap_review,moment:825108808404568817,2,TapTap,https://www.taptap.cn/review/49574063
爆率太低了 其他还好,2026-07-11T20:54:30+08:00,taptap_review,moment:825110485807401649,4,TapTap,https://www.taptap.cn/review/49574139
好阴的怪,2026-07-11T20:58:38+08:00,taptap_review,moment:825111527823510685,5,TapTap,https://www.taptap.cn/review/49574191
挂太多,2026-07-11T21:11:42+08:00,taptap_review,moment:825114815042160447,4,TapTap,https://www.taptap.cn/review/49574366
好玩，和女朋友一起玩最好玩了,2026-07-11T21:34:44+08:00,taptap_review,moment:825120611427683209,5,TapTap,https://www.taptap.cn/review/49574689
在地图里接了个语音通话，直接游戏音效没声了，之后我检查了所有声音开关，都开着而且调到最大，音乐都开了也没声，之后我退出重进（清后台的），不好使，退了4次，都不好使，之后我退队，清后台重进，还是不好使，语音挂了，重进，不好使，咋的都不好使就是没声，点了一键修复，还是不好使，我怀疑是不是我系统的问题，我进了别的好几个游戏，全都有声，声音正常[表情_微笑]我真要气炸了，刚卸了重下了，看看这次好不好使[表情_微笑][表情_微笑] bug非常多优化非常烂[表情_微笑],2026-07-11T21:38:06+08:00,taptap_review,moment:825121459981519823,1,TapTap,https://www.taptap.cn/review/49574733
增加福利,2026-07-11T21:44:05+08:00,taptap_review,moment:825122967628287031,4,TapTap,https://www.taptap.cn/review/49574793
玩久了也就那样，皮肤出的快而且贵，自已账号又黑，也是拉完了。仅个人观点，不是很喜欢，入坑五个月就退游了，钱没少充，皮肤也没多给😂真就一般，人物建模垃完了，皮肤又花又亮😂，一堆塑料叠加。模式有些枯燥，无聊，少了恐怖感。皮肤越来越多，一年出一堆，把自己当大游了。已笑绷。好无聊，无聊死了。😂😓😨😰，（不喜欢看我评论可以划走，依旧乐子官方😍）🙊🙊🙊,2026-07-11T22:01:52+08:00,taptap_review,moment:825127440304048815,1,TapTap,https://www.taptap.cn/review/49575049
大金几率很高。,2026-07-11T22:15:47+08:00,taptap_review,moment:825130941541254781,5,TapTap,https://www.taptap.cn/review/49575238
我去零的回收物也太难找了吧,2026-07-11T22:24:28+08:00,taptap_review,moment:825133128698825981,3,TapTap,https://www.taptap.cn/review/49575351
玩久了会腻,2026-07-11T22:35:53+08:00,taptap_review,moment:825136002178744816,1,TapTap,https://www.taptap.cn/review/49575474
"我真的建议玩超自然的玩家，这个赛季不要去玩龙宫，因为我打了两把都很崩溃了，我上个赛季打了1000多场没出龙就算了，我自己为什么崩溃？你们看完这个视频你们就懂了。
1.嫦娥细节堵门。
2.小熊猫攻击频率明显变快。
3.蝙蝠更牛掰了哈，细节我按传送的时候给我装备打下来了。",2026-07-11T22:55:23+08:00,taptap_review,moment:825140909359238443,3,TapTap,https://www.taptap.cn/review/49575763
超好玩，开服玩到现在,2026-07-11T23:06:56+08:00,taptap_review,moment:825143815420512414,5,TapTap,https://www.taptap.cn/review/49575912
可以玩，有紧迫感[表情_大笑],2026-07-11T23:30:05+08:00,taptap_review,moment:825149642726444051,4,TapTap,https://www.taptap.cn/review/49576194
难玩难玩，皮肤贵的要死，圈钱。。我也是2025年5月份入坑。是个老玩家了。。,2026-07-11T23:32:35+08:00,taptap_review,moment:825150271444224343,2,TapTap,https://www.taptap.cn/review/49576239
啥垃圾游戏，更新了陀螺仪跟屎一样放平了还一直自己动跟跳屏拿脚优化的吗我一直以为是我手机不好结果我之前用旧手机开陀螺仪都好好的现在换了新手机还不如旧手机了,2026-07-11T23:35:44+08:00,taptap_review,moment:825151063597254418,1,TapTap,https://www.taptap.cn/review/49576277
游戏非常好，策划拉完了,2026-07-11T23:43:14+08:00,taptap_review,moment:825152952225237884,5,TapTap,https://www.taptap.cn/review/49576356
我从S1开始玩的，现在外挂太多了，我开局连人都没见到就被打死了，举报了没用，人都气笑了，每次一点进游戏有弹一大堆抽奖，米是一定要圈的，环境是不治理的,2026-07-11T23:57:33+08:00,taptap_review,moment:825156552901002832,2,TapTap,https://www.taptap.cn/review/49576531
没绷住啊，晚上兴致来了，打了两把虫谷，一把给我穷死了，一把40万，然后转去古蜀多队，一共打了5把，五把里边能有四把挂的，还有一把是满配召唤师，我也是没招了，说是管挂，其实挂哥被封也就三五个小时就解了，这还是周六，不敢想周日子弹雨会下的多猛😂😂😂😂😂这个挂管的真招笑了。,2026-07-11T23:59:16+08:00,taptap_review,moment:825156983580528447,1,TapTap,https://www.taptap.cn/review/49576544
