feedback_text,occurred_at,source,external_ref,rating,platform,source_url
拉完了呀，简直就是一坨，爆率一坨,2026-07-12T00:03:05+08:00,taptap_review,moment:825157946479477904,1,TapTap,https://www.taptap.cn/review/49576605
"不知道这是什么～
可以卖掉吗？",2026-07-12T00:27:31+08:00,taptap_review,moment:825164094242817419,5,TapTap,https://www.taptap.cn/review/49576853
爆率飘忽不定,2026-07-12T00:32:18+08:00,taptap_review,moment:825165296670082746,3,TapTap,https://www.taptap.cn/review/49576914
"整体的话感觉还行，但是可玩度不是很高，很容易无聊，如果没有朋友一起玩的话，还有就是官方圈钱有点严重
四队的话挂比较多，喜欢摸金的话就还行，希望绿玩多一点，也希望官方好好修一下iOS闪退问题，喜欢抓怪的话蛮推荐的，因为很多怪都蛮可爱的
年纪小的孩子最好不要玩，不要被里面的风气所影响，还有很多成年人，请管好自己
最后是充钱，还是那一句，理性消费，我玩了这么久也氪了不少，我身边朋友也充了很多，不要相信什么下一发肯定出，其实更容易保底
最后希望大家天天开心",2026-07-12T00:35:48+08:00,taptap_review,moment:825166178044350041,5,TapTap,https://www.taptap.cn/review/49576957
其实我并不想打这么高的，但我觉得这个游戏给我带来一些改变我的事。我是个性格比较内向的，从来不会主动交朋友，但自从我打了几把四队后被一个人缠上了，他很热情，就算我打的菜他也从不讲什么，还总是主动找我玩，有次我看见他在组队里就想和他一起玩，但我又不好意思开口，然后我等了好久，他也没拉我，然后我想着反正都只是网上认识的朋友，豁出去了，我发了消息给他说我想和他一起玩，然后他就拉我进组队一块玩了，那时候的四队很和谐，碰见个挂都惊讶的发网上，后来我认识了几个他的朋友，他们打的都很厉害，我那时在心里发誓我有一天变历害也要带飞他们，但后来外挂开始多了起来，有个打的很厉害的有点破防，因为他是我们当中最历害的，之前一直都是他带我们，于是他也开了，以暴制暴，外挂时期持续了好几个月，那时挂多的都不敢打四队，那时刚出门就下子弹雨，几乎几秒就死了，但除了四队摸金也有很多挂，然后就有了很多人退游，我那时也担心朋友退游，但我多虑了，因为挂，我朋友他苦练飞天，在里面我是最菜的了，为了不拖后腿，我从一开始的主玩阿念到了一直玩莉莉挂他身上，虽然现在没挂了，但总感觉没以前那味了，有点想回到以前了,2026-07-12T00:46:08+08:00,taptap_review,moment:825168781243318386,5,TapTap,https://www.taptap.cn/review/49577053
说好的零容忍是零在容忍吗？我从魔盒S2玩到现在，前几个月玩的时候确实挺好玩的，官方也听劝，现在成啥了？皮肤出的越来越勤，打击外挂就发个视频游戏里就封几个小时或者一两天，真贴心，挂哥打累了还知道让它休息。四队一堆杀戮光环和自瞄，碰到直接速溶，外挂玩家还能反过来骂绿玩，这就是零容忍？游戏现在这么火，不维持一个好口碑让它继续火下去吗？。,2026-07-12T00:46:18+08:00,taptap_review,moment:825168822628519607,3,TapTap,https://www.taptap.cn/review/49577057
哎我真的不行啊，能不能加强血量或者削弱怪物伤害啊说实话，就员工这个血量怪物摸两下就死了，身上带一堆摸金符和道具也很重诶，手法什么的，手机不太行的话玩的容易花屏。。能不能优化一下手感？不是说你不能出皮肤，但是出皮肤速度比更新速度还快，一个皮肤我两三个月没上线，一看他还在。还有那个皮肤池子，说坏吧，一抽他只要一块，说好吧，第二抽6块，三抽12块，第四抽30块，每个池子保底还不共享，想要出新的就会重新叠，大部分人纯非洲人模拟器来的，池子里还有动作挂件，还有员工牌子这种概率很大的。那不买皮肤行了吧，那个爬山模拟器确实拉垮都爆炸了什么手感啊？爬半天一个地方也上不了。那个非对称对抗，抄，你给我抄好了啊！先不说你抄吧，你至少能做一个正常的玩起来能顺畅一点的，皮肤是一堆一堆出的，问题，是都不改的，玩了这么久，再上线也很红温。能不能搞点创新？主打就是摸金，那摸金到是优化好呀。[表情_汗],2026-07-12T00:47:47+08:00,taptap_review,moment:825169194126411769,2,TapTap,https://www.taptap.cn/review/49577066
土豆服务器好秀啊，好秀啊，好秀啊，垃圾服务好棒啊，好棒啊，好棒啊，土豆服务器，贪那么多钱一点不管， 神经刷怪机制好帅啊，直接刷在脚下，一下带走，真是太棒了，新怪物真是太棒了，一点都不恶心，我一点也不心寒，我一点也不心疼我充的钱，一点也不心疼我的账号， 还联动鬼吹灯，也不怕致命公司直接上门起诉🙄🙄🙄🙄🙄🙄,2026-07-12T00:49:10+08:00,taptap_review,moment:825169541553196338,2,TapTap,https://www.taptap.cn/review/49577079
气死我了，我的天下第一剑经过鉴定之后变成了法棍怎么能这么阴呀？还有我的鬼洗鉴定之后变成了土拨鼠玉玺，气死我了，气死我了，气死我了，气死我了，气死我了，气死我了，气死我了，气死我了，气死我了，气死我了。为什么能这么阴呀？气死我了，气死我了，气死我了。,2026-07-12T00:55:17+08:00,taptap_review,moment:825171083081549025,1,TapTap,https://www.taptap.cn/review/49577127
穷死了,2026-07-12T01:32:55+08:00,taptap_review,moment:825180552582662295,1,TapTap,https://www.taptap.cn/review/49577458
"🎮可玩性：
一个新地图里面加一堆老怪物就无法理解 本来新怪就恶心的要死感觉像是在一个地图里面强塞了一堆怪 你的意思是我玩个地图不仅要带长枪打荆棘 还要拿扇子或桃木剑打鬼新娘 还得拿枪或鞭子打木偶 

🔖运营服务：
皮肤是必出的，排期是不管的 你超自然叔叔依旧哪个角色火 哪个角色更能赚钱就给哪个角色出皮肤 超自然你的听劝人设早就塌了 外挂也不管 红玩把把乱杀你不封 绿玩杀了几个你就给封了😂还有那个无心，杀人就回复技能 本来就四队就难打 还得防这些隐身的无心😂一个恐怖中式摸金手游搞成这样

✍🏻建议：
能不能听听玩家建议少捣鼓你那破皮肤，地图是不改进的 角色强度是不调整的",2026-07-12T02:03:58+08:00,taptap_review,moment:825188369460887628,1,TapTap,https://www.taptap.cn/review/49577662
"玻璃心/护官/心理素质低 我劝你赶紧划走
当前更新了一堆花里胡哨的武器，挂比正常玩家都多，思想和风气都在败坏，甚至出现大片的灰色地带，哪里提的上一点可玩性?
还有某些玩家在网络上肆无忌惮，脏话连篇，像动物一般无法自控没有言语边界感，没有社会观念危机意识，其实就是三观不全，和正常人语言不和，现实没本事就来污染网络还能吸引心理bt的关注，悟力极差（不论男女老少），都准备一生在游戏里啃老，执迷不悟依旧沉浸在自己的世界里，营造一种阿猫阿狗的小型社会氛围。
24年9月还是10月底来着我趁着初中放假参与测试，当时游戏玩法十分简朴，只是摸金模式和pvp（四队），地图也不过是入口和古蜀两种，玩家也不多，直至25年1/2月也才几十w人试玩。毕竟是几个大学生起手的小本生意，我并没有抱有多少期望，我断定它连人气覆盖全国都不可能。
因为很早就摸清游戏的套路，超自然无非就是急于求成，魔盒皮肤奖池库库上线，皮肤建模都不想多看几眼直接上传，想迅速回本获取一定利润。我25年其实是出于对这种游戏很上瘾的状态，每天都想着摸金，今年因为对摸金的新鲜感淡去了（持续摸金大概1年），四队也很吸引我今年2月我当然不会傻到直接氪金，因为自己的老玩家账号一分没充，全靠技术玩，人想退坑总会觉得游戏食之无味弃之可惜，我选择了另一种快速让自己感到腻得慌的方式，买全皮号，点几次技术陪玩，除了目前上线了的与其他游戏相似度极高的玩法，超自然也不过保留着一两种不同于国内其他传统的玩法。
如此多的武器和玩法层出不穷，肯定是新的一批玩家来了，老玩家都怀念曾经离开了。
有些人老潮了，很跟得上时代啊，还流行对彼此说“你好唐”“居然还有免费”“冯飞了”“细节91/78”“好润”各种我听不懂的前卫语言呢[表情_开心]真是高深，精明啊
人性化模式：
地图和摸金范围目前在不断更新扩大，游戏团队发展人力资源，皮肤也在不断制作中，由于官方为了玩家体验更佳，bug没改，开挂的不封，pvp流传着红绿分流的传统，能赚钱就都好说😃，我几个月苦练技术最后被挂和很阴的玩家击败，直到进入真正的平静期，对别的游戏都提不上兴趣，戒掉了我的游戏瘾，制作组十分的勤恳和用心呢，与此同时给不少玩家们带来了一些深刻的感悟，玩家们十分感动，如此多的玩家支持肯定是不缺我这一个，官方肯定也很放心。
万氪全皮号和其余小号都低价回收了，留着买18pro/做美容护肤，现在还整了几w的正畸治疗，正朝着变得更好的方向前进，Geez.是有多想不开才会充钱给这等吃相难看的货色，什么垃圾游戏 Shut the f💩ck up，不配出现在我的图库",2026-07-12T02:33:27+08:00,taptap_review,moment:825195787624384229,1,TapTap,https://www.taptap.cn/review/49577820
"Ok啊，那些小糖蛋就别说打不过了[表情_捂脸哭]没实力就去练[表情_捂脸哭]我超自然也有一年了[表情_捂脸哭]本人也是很照顾小萌新的[表情_捂脸哭]破产了可以来找我[表情_大笑]我有时间可以带你打[表情_捂脸哭][表情_捂脸哭][表情_捂脸哭]
（工号：18852620）
（加好友说明来意）",2026-07-12T04:01:57+08:00,taptap_review,moment:825218058166470030,5,TapTap,https://www.taptap.cn/review/49578176
回调头像冷却啊 神经病,2026-07-12T04:11:03+08:00,taptap_review,moment:825220350349410780,1,TapTap,https://www.taptap.cn/review/49578204
给你打个六颗星，为什么那么多小孩和忘本？迷惑人更多，自己做错事，还反过来骂别人，？你的实名认证系统就不能和腾讯一样吗？就知道整个框架在那里，只要17位数就可以实名认证登陆超自然😂做的跟屎一样，天天出皮肤，怎么我们很有钱是吗？你知道一堆小孩为了皮肤偷家里钱偷偷抽游戏吗？,2026-07-12T04:40:31+08:00,taptap_review,moment:825227763114836122,1,TapTap,https://www.taptap.cn/review/49578287
"超级好玩  能不能给我们出多点免费的皮肤，不然就那些零氪的不公平

🎮可玩性：",2026-07-12T04:53:12+08:00,taptap_review,moment:825230954602695358,5,TapTap,https://www.taptap.cn/review/49578308
什么时候出皮肤共享,2026-07-12T05:15:10+08:00,taptap_review,moment:825236485216145242,5,TapTap,https://www.taptap.cn/review/49578358
匹配机制太逆天了,2026-07-12T05:53:04+08:00,taptap_review,moment:825246021712873375,4,TapTap,https://www.taptap.cn/review/49578435
"垃圾游戏，全部都是挂，钱还坑的多，我一个从爱丽丝金皮开始玩的老玩家，氪了6000以上。
第一，皮肤价格越出越高，从50和128还返金砖的皮肤，演变为了1000多的皮肤，价格越来越高，东西越来越贵。
第二，四队外挂满天飞，靠近就死，站在那里就死等等等等，你有时间弄皮肤圈钱，没时间多管管外挂？你到底要干嘛？不打算长期做了吗？啊？不干了吗？在这种时候，你连外挂都管不了，你还出只有四队才能拿到的金，是鼓励大家开挂吗？你最少最基本的要管管好吧？
第三，伪人局报队友那么久，说了那么久，反馈那么久，甚至还有的人的名字叫“爱好辱女”我问问你，超自然，你真的不管了吗？你真的不是男性向游戏吗？你这种人都不封吗？每把都报队友，那就只能玩摸金，四队还有挂，你觉得不单一吗？别的模式真的赚钱好玩吗？你一直在冷落！你真的看不到吗？！
第四，鬼屋一群炸房的，不管什么房都直接进来骂人，我还见过有人说房主之类的是嫖娼的，你不管了吗？连举报键都没有了，你眼里只有钱了吗？污言秽语到处都是。
第五，公屏还有的账号一直在弄黄片，你这个又不是情趣网站，为什么不封号？为什么！你头像看不出来吗？简直就是一个恶俗的游戏。
第七，摸金挂，我们玩那么久结果还不如别人开挂的多，你觉得公平吗？我们举报不了，举报了你也不封号。你有钱出皮肤，没钱管这些吗？连游戏环境都不要了吗？

✍🏻建议：赶紧管管你的外挂，黄片，污言秽语，还有账号名字",2026-07-12T08:10:54+08:00,taptap_review,moment:825280708799890643,1,TapTap,https://www.taptap.cn/review/49578797
不太推荐打，如果是一个人会觉得比较孤单，有朋友会好一些，官方圈钱严重，四队挂比较多并且游戏数值不平衡，皮套遍地跑，所以不太推荐,2026-07-12T08:45:19+08:00,taptap_review,moment:825289370595493116,2,TapTap,https://www.taptap.cn/review/49578953
舞女的雪莲咋成了震动仪？双坑玩家已狂怒！,2026-07-12T08:52:38+08:00,taptap_review,moment:825291210187866706,1,TapTap,https://www.taptap.cn/review/49578994
额，池子很黑，四队全是挂，摸金是走不出来的，萌新欢迎你来好吧[表情_捂脸哭],2026-07-12T09:04:10+08:00,taptap_review,moment:825294113980025103,3,TapTap,https://www.taptap.cn/review/49579070
借号给别人玩玩久了不想还了，当时还求我给她，我真懒得喷，我快高三所以就想退了，游戏也充过一些钱，说帮我赚钱我本身退之前就有2千多万玩过之后还有10几万，她闺蜜给她充魔盒不充自己号上充我号上，让后和我有过节的人就联合起来诽谤我，我本身也可以自己登回来，本身游戏小学生就多，素质低的一大堆，最后号给我毁了，我觉得高三就没必要和小学生计较。所以退游很正常,2026-07-12T09:35:21+08:00,taptap_review,moment:825301961921266235,1,TapTap,https://www.taptap.cn/review/49579304
陶瓷罐里居然有30万的东西,2026-07-12T10:14:46+08:00,taptap_review,moment:825311881538309272,5,TapTap,https://www.taptap.cn/review/49579647
bug上做了个游戏 但是有朋友一起玩会很好 新鲜感过的不快,2026-07-12T10:41:47+08:00,taptap_review,moment:825318679372631901,3,TapTap,https://www.taptap.cn/review/49579921
挂太多,2026-07-12T10:46:26+08:00,taptap_review,moment:825319848476148711,1,TapTap,https://www.taptap.cn/review/49579974
可以，虽然有点坑钱，但是还是非常好玩（里面的BGM可能有点吓人）,2026-07-12T10:48:47+08:00,taptap_review,moment:825320443375256905,4,TapTap,https://www.taptap.cn/review/49579996
大保底代码写的不错下次别出活动了！,2026-07-12T10:58:04+08:00,taptap_review,moment:825322777371213943,2,TapTap,https://www.taptap.cn/review/49580095
烦死了怪又多 又不好玩,2026-07-12T11:33:00+08:00,taptap_review,moment:825331567537687904,1,TapTap,https://www.taptap.cn/review/49580468
魅挂[表情_捂脸哭]，不想被盗号别玩，什么烂游戏[表情_汗]，天天一睁眼就要防着我的号别被盗了[表情_喷][表情_翻白眼],2026-07-12T11:48:40+08:00,taptap_review,moment:825335510590295113,1,TapTap,https://www.taptap.cn/review/49580638
很好玩刚出新地图没多久都出了就是四队挂太多了其他都好,2026-07-12T11:55:19+08:00,taptap_review,moment:825337186743224043,5,TapTap,https://www.taptap.cn/review/49580719
太得劲了，第一把就直接宝藏房,2026-07-12T12:12:47+08:00,taptap_review,moment:825341583107820297,5,TapTap,https://www.taptap.cn/review/49580942
太爽了，就回游一下，之前就充了100元，然后现在回游一抽3块钱，直接把阿念金皮抽出来,2026-07-12T12:36:28+08:00,taptap_review,moment:825347543146696293,5,TapTap,https://www.taptap.cn/review/49581214
卡退,2026-07-12T12:42:02+08:00,taptap_review,moment:825348940370018775,2,TapTap,https://www.taptap.cn/review/49581275
非常好，出大金了，把把出大金,2026-07-12T13:30:21+08:00,taptap_review,moment:825361102123565565,5,TapTap,https://www.taptap.cn/review/49581856
新图云南虫谷很吓人 很好玩刺激 刚刚摸了大金,2026-07-12T13:34:08+08:00,taptap_review,moment:825362055283346618,5,TapTap,https://www.taptap.cn/review/49581907
超级好玩，从一开始的摸金小白到现在的摸金大佬，一开始看到怪物就吓得呲哇乱叫，到现在的气定神闲，还有pvp模式，在里面战斗的快感无与伦比,2026-07-12T13:34:13+08:00,taptap_review,moment:825362075214676462,5,TapTap,https://www.taptap.cn/review/49581911
抽奖特别白，爆率也挺高的很值得去玩,2026-07-12T13:51:49+08:00,taptap_review,moment:825366502193499839,5,TapTap,https://www.taptap.cn/review/49582154
"可以可以，就是挂太多了
削弱一下伞呗
让莉莉可以卡腰包音响😃",2026-07-12T14:06:32+08:00,taptap_review,moment:825370206594401345,4,TapTap,https://www.taptap.cn/review/49582310
"皮肤：送的皮肤最近两款还行，之前特别是爱丽丝那两款真的不皮肤优化吗？充钱的那皮肤有些做的还行，有些就不咋地了。特别是薇薇安的皮肤，黑眼圈为什么这么重？还是说那是眼影？别告诉我那是她的锚点。都充钱的皮肤了就不能做的好看一点吗？为什么玩家会卡头，还不是你有些建模做的不行，皮肤定价合理吗？紫皮还行至少是直售，金皮还有累冲皮，抽奖皮，抽奖皮保底500是认真的吗？你知不知道你家游戏玩的最多的人群是小、中学生，中学生有些还有消费能力，但是小学生呢？大多数都没消费能力，很多人偷充浮木的钱一充就是几百。目前好像还不管未成年人退款，就请输入文本吧
可玩性：这个就还行了，不好过多评价，普通的摸金在别的游戏也可以玩，比较有创意的就是四队了，这个就请输入文本了，你这四队可玩性是比较高，每把都有不同的收获，但是你这个开挂的？？？而且还一封，就是封1小时，那封的很多了，还知道人家开挂辛苦给人家休息，不能开挂封一天，然后是封一周，然后就封1月，然后就封一年，然后后面是10年吗，还有你这个公平环境，别忘了你游玩的最多的就是小、中学生，就这个环境居然有卖片的、盗号的、骗人的、昧挂的，开挂不是一件很耻辱的事情吗？卖片不是一件上不了台面的东西吗？骗人不是违禁的吗？不改一改吗，你游游戏玩家年龄偏小这种真的不会带坏小孩吗？
还有你这个神奇的匹配机制好秀呀，好秀呀[表情_点赞][表情_点赞][表情_点赞][表情_点赞][表情_点赞][表情_点赞][表情_点赞][表情_点赞][表情_点赞][表情_点赞][表情_点赞][表情_点赞][表情_点赞][表情_点赞][表情_点赞][表情_点赞][表情_点赞][表情_点赞][表情_点赞][表情_点赞][表情_点赞][表情_点赞]没开过挂，没坐过挂车，怎么5把里面1把挂(普通四队
你这个龙宫4队就更不用说了你敢随便开2把没有挂试试？？？又不整改拿着玩家的钱干嘛呢
之前虽然给山区捐款但是搞得好像别的游戏没有捐一样
虽然我充的钱很少，但是至少我玩过这个游戏哈
可以评价",2026-07-12T14:15:58+08:00,taptap_review,moment:825372583091243552,2,TapTap,https://www.taptap.cn/review/49582447
我要退款。花那么多钱，抽的都是什么破玩意。退款。客服是死的吗？我要退款。退钱,2026-07-12T14:17:37+08:00,taptap_review,moment:825372998297979507,1,TapTap,https://www.taptap.cn/review/49582473
"超自然这款游戏可玩性可谓是非常的高，有各种地图等你来探索。里面还有各种员工，各种员工，还有他们的技能，每个都很有个性，有要打架的探索的，不管是什么类型的都有，还有四队有摸金等等等等。
😋😋",2026-07-12T14:18:13+08:00,taptap_review,moment:825373147514539549,4,TapTap,https://www.taptap.cn/review/49582481
爆率很好,2026-07-12T14:26:43+08:00,taptap_review,moment:825375287062562208,5,TapTap,https://www.taptap.cn/review/49582583
有点偏钱，服务器太垃圾了，帧率不会太高，爆率有时高有时低，外挂多，但是和朋友玩起来还是挺有意思的,2026-07-12T14:30:37+08:00,taptap_review,moment:825376266134750170,3,TapTap,https://www.taptap.cn/review/49582633
非常好玩，玩了一年了，是超自然的忠实粉丝,2026-07-12T14:34:53+08:00,taptap_review,moment:825377341101312260,5,TapTap,https://www.taptap.cn/review/49582685
除了挂太对号太黑，我觉得还行,2026-07-12T14:46:21+08:00,taptap_review,moment:825380227084454367,4,TapTap,https://www.taptap.cn/review/49582830
太好了，又有钱去打双队了,2026-07-12T14:48:08+08:00,taptap_review,moment:825380677426872532,5,TapTap,https://www.taptap.cn/review/49582857
额，要是不在意被骂可以玩玩，但四队晚上十点以后千万别打，除非你想和挂比参数，超自然几乎不管外挂，举报了除非这人被很多人举报才会封几天，后面照样开挂,2026-07-12T14:56:29+08:00,taptap_review,moment:825382779473628993,3,TapTap,https://www.taptap.cn/review/49582972
非常美味就是小抄不完整,2026-07-12T14:57:24+08:00,taptap_review,moment:825383006813293921,5,TapTap,https://www.taptap.cn/review/49582987
作为一个从超自然S1赛季玩到S4赛季的人，我必须要说一件事情，第一超自然好玩是好玩，他抄点东西我也没什么太大意见，不过打四队遇到一群挂哥，举报还不封﹍闹麻了，找出伪人也会遇到一堆小脑队友，不过新地图云南虫谷爆率还挺好的，我每把都保底100万，就是我不知道是不是我号黑的原因，我大剑都有十几把了，鬼也都快破百了，传国玉玺也早就鉴定出来了，但为什么一次红都没出。圣杯，飞天神龙像，九龙九凤那些都没出。被资本做局了,2026-07-12T14:58:19+08:00,taptap_review,moment:825383240029178355,4,TapTap,https://www.taptap.cn/review/49583001
我去这爆率可以啊除了天书其它都是地上捡的,2026-07-12T15:08:10+08:00,taptap_review,moment:825385715670975799,4,TapTap,https://www.taptap.cn/review/49583133
各种恶心都能接受，云谷的蛇妖实在受不了，不是每个玩家都是未成年的小女孩，云谷搞个这恶心蛇妖给谁看呢？本来硬控就烦，还搞这种东西？恶心谁呢？,2026-07-12T15:44:29+08:00,taptap_review,moment:825394859081730272,1,TapTap,https://www.taptap.cn/review/49583608
我号被盗了,2026-07-12T15:47:26+08:00,taptap_review,moment:825395599296694381,4,TapTap,https://www.taptap.cn/review/49583644
虫谷那个宝藏堆一点大金都没有。而且练出金的话会被所有怪物围攻。。,2026-07-12T15:50:14+08:00,taptap_review,moment:825396303264484674,1,TapTap,https://www.taptap.cn/review/49583679
"🎮可玩性：
可玩性很高，管理方面比第五人格好，并且官方也是很勤快，玩家有什么问题反馈就立马回应，而且玩的时候运气很好，一般都能出好东西",2026-07-12T16:00:39+08:00,taptap_review,moment:825398927044906878,4,TapTap,https://www.taptap.cn/review/49583819
大金可以可以，游戏好玩，皮肤好看，玩法新颖，可以可以,2026-07-12T16:00:57+08:00,taptap_review,moment:825399001397330214,5,TapTap,https://www.taptap.cn/review/49583824
"有时候极限模式，真的极限怪多金少，打了11个怪，没看到一个小金和大金，开棺照样是紫色！你让我有什么心态？真正摸到金可能是开挂的，这游戏逼着人开挂！玩一整天开外挂的比正常玩家都多！巨人网络和诈骗公司一样还外挂零容忍[表情_冷漠]，你真的自己玩过吗？新地图单排基本上没什么好体验，玩单排真成小丑（别问为什么我不组队，因为我好友都退游戏了！）
虚假幻想不可能实现：这游戏单排玩家能有体验、外挂几乎不见、不是垃圾服务器，刷怪机制更合理，大金摸到一仓库。",2026-07-12T16:11:38+08:00,taptap_review,moment:825401688285252165,1,TapTap,https://www.taptap.cn/review/49583964
太⭕💰了（s3薇薇安魔盒入坑）,2026-07-12T16:17:40+08:00,taptap_review,moment:825403206371639557,3,TapTap,https://www.taptap.cn/review/49584036
🎮可玩性：非常的very good好吧  一直爆大金，非常的好玩[表情_开心],2026-07-12T16:22:04+08:00,taptap_review,moment:825404317044311835,5,TapTap,https://www.taptap.cn/review/49584088
我去 我真的好痛苦一个 准备下载超自然的时候又要那个什么身份证 下身份证就算了 我输入还是错的 我那身份证本来就是对的 我试了好几遍 只能在tap tap里面玩了 还有里面不能超过30分钟 不是 我成傻音了 然后强制退 然后又不能玩了,2026-07-12T16:27:19+08:00,taptap_review,moment:825405634898824367,1,TapTap,https://www.taptap.cn/review/49584160
真的拉完了，我是阿念那个赛季入坑的，玩了几个月后面放假回来一看跟™神战一样，一把11个喷包合着就我是pc其他全是挂。顶着压力玩了两千场四队，直到杀戮光环的出现直接给我打红温了，之前好歹进室内刷一刀斩或者打穿门枪还能和挂打一下，有无限长枪我就拿凌云双人双鞭，现在我拿格调打😂。后来退游了听说top和一些挂跑路了又回游了，心血来潮的起了把飞天，刚飞几下后羿就来收我来了，长枪还挡不住。我就想说了超自然这挂真的有认真在抓吗，你皮肤出得多我可以不买，你抄袭我是玩家我也不想理，你抓挂给我抓好啊，名声都差成啥了玩家反馈也处理不好，就想着圈你那臭钱就得了,2026-07-12T16:32:32+08:00,taptap_review,moment:825406949569859173,1,TapTap,https://www.taptap.cn/review/49584222
进不去,2026-07-12T16:36:48+08:00,taptap_review,moment:825408021621377622,1,TapTap,https://www.taptap.cn/review/49584282
好玩儿好玩儿好玩儿好玩儿，就是皮肤太贵了,2026-07-12T16:49:00+08:00,taptap_review,moment:825411094515287262,4,TapTap,https://www.taptap.cn/review/49584446
我要登录以前的号为什么收不到验证码,2026-07-12T16:51:34+08:00,taptap_review,moment:825411740991754213,3,TapTap,https://www.taptap.cn/review/49584484
我觉得好挺好玩的，但是不氪金有点肝，画面音乐很加分，一整个下来提心吊胆，心脏有点受不了，但特别解压，适合和朋友一起尖叫着玩，我和朋友一起玩碰见兵佣直接乱叫，那玩意特吓人，还伴随着一阵咚咚咚的脚步声，但抓怪属实吸引到我了，给四颗星是因为还有进步空间，多整点活动领奖励会好点[表情_微笑],2026-07-12T16:53:06+08:00,taptap_review,moment:825412123243840000,4,TapTap,https://www.taptap.cn/review/49584509
挂敢紧管管吧！,2026-07-12T17:03:26+08:00,taptap_review,moment:825414726962906212,5,TapTap,https://www.taptap.cn/review/49584630
有没有人知道别人没有关访客记录。但是我看别人主页却不显示我个人访客，别人的都在是什么情况,2026-07-12T17:12:04+08:00,taptap_review,moment:825416896277908061,5,TapTap,https://www.taptap.cn/review/49584724
金棺给的全是大保底普棺全是灰，双人棺全是水，这些你要是改了我就改评分,2026-07-12T17:30:04+08:00,taptap_review,moment:825421426633736943,1,TapTap,https://www.taptap.cn/review/49584979
嗯，实话说吧，玩了半年的超自然，我感觉很好玩。很有刺激感超自然，我永远支持你😍,2026-07-12T17:43:23+08:00,taptap_review,moment:825424777689696664,5,TapTap,https://www.taptap.cn/review/49585158
还挺好玩的，就是挂何时能整治？？？？莉妍宝宝520[表情_微笑],2026-07-12T17:45:53+08:00,taptap_review,moment:825425409616120297,5,TapTap,https://www.taptap.cn/review/49585191
垃圾游戏，隔三差五bug一大堆，我打架就给我卡一下，气死我了呀,2026-07-12T17:56:43+08:00,taptap_review,moment:825428134357631341,2,TapTap,https://www.taptap.cn/review/49585309
挂√太多了,2026-07-12T17:57:14+08:00,taptap_review,moment:825428266138470029,2,TapTap,https://www.taptap.cn/review/49585315
"爆率还行
出了两个月光宝盒",2026-07-12T18:12:46+08:00,taptap_review,moment:825432174873282610,5,TapTap,https://www.taptap.cn/review/49585493
差评差评差评差评差评差评差评差评差评差评差评，从上个赛季玩到这个赛季四五千把，一个神龙也没有，这个赛季更新之后就更穷了，龙宫炼狱开七八个关，普棺全是灰的，金棺全是保底，感觉自从上次充钱之后就越来越穷了，开不出500万大金，我不会充钱了,2026-07-12T18:24:53+08:00,taptap_review,moment:825435221234026447,1,TapTap,https://www.taptap.cn/review/49585645
云南虫谷怪都没看见直接把我弄死了，依托,2026-07-12T18:44:36+08:00,taptap_review,moment:825440186568543966,1,TapTap,https://www.taptap.cn/review/49585895
"非常好玩就是
小孩别碰四队
😭😭",2026-07-12T18:52:04+08:00,taptap_review,moment:825442062118682757,5,TapTap,https://www.taptap.cn/review/49586010
还行，就是吃相太难看了,2026-07-12T19:02:16+08:00,taptap_review,moment:825444631763226247,4,TapTap,https://www.taptap.cn/review/49586136
鹅鹅鹅，好玩但挂多,2026-07-12T19:20:19+08:00,taptap_review,moment:825449171736594685,4,TapTap,https://www.taptap.cn/review/49586359
很好玩，很棒，爆率很高，就是有时候那些怪物很恶心,2026-07-12T19:37:16+08:00,taptap_review,moment:825453437406677379,5,TapTap,https://www.taptap.cn/review/49586558
卡死了卡死了。。。。。。,2026-07-12T19:38:32+08:00,taptap_review,moment:825453758853943237,2,TapTap,https://www.taptap.cn/review/49586567
这个确实好玩，只是对一些没有小抄，不会看小抄的人不太好。每天都在大厅罚站。四队的挂也太多了，每一把都有一个以上的挂，挂比普通人多。,2026-07-12T19:39:54+08:00,taptap_review,moment:825454102442935930,3,TapTap,https://www.taptap.cn/review/49586587
爆率很高,2026-07-12T19:48:15+08:00,taptap_review,moment:825456204552601969,5,TapTap,https://www.taptap.cn/review/49586670
好玩  但一直在被割韭菜,2026-07-12T20:06:29+08:00,taptap_review,moment:825460790445214359,5,TapTap,https://www.taptap.cn/review/49586894
我去了这个小抄太棒了直接出鬼玺,2026-07-12T20:09:14+08:00,taptap_review,moment:825461483172267276,5,TapTap,https://www.taptap.cn/review/49586930
就是萌物特别多口牙,2026-07-12T20:21:21+08:00,taptap_review,moment:825464533005895747,5,TapTap,https://www.taptap.cn/review/49587089
想登老号结果手机号收不了验证码这是咋回事😂,2026-07-12T20:40:11+08:00,taptap_review,moment:825469273718656064,1,TapTap,https://www.taptap.cn/review/49587318
爆率好高,2026-07-12T20:53:40+08:00,taptap_review,moment:825472665580997524,5,TapTap,https://www.taptap.cn/review/49587471
可以就是鬼怪每次来的次数有点多，身为新手有点困难的出金概率也不平等,2026-07-12T20:54:46+08:00,taptap_review,moment:825472942006599872,4,TapTap,https://www.taptap.cn/review/49587490
希望可以把我的号搞白一点啊，四队全是挂,2026-07-12T20:59:44+08:00,taptap_review,moment:825474190877394005,4,TapTap,https://www.taptap.cn/review/49587536
爆率很高,2026-07-12T21:02:31+08:00,taptap_review,moment:825474894916485971,5,TapTap,https://www.taptap.cn/review/49587565
"求金额够后，在车上时间到后可以直接撤离，妈的，100多万，刚提交上去就没时间了，死了，何意味何意味
还行。
逼氪，但建模美味，且运气好3元出。
有挂，但大部分都是绿被逼转挂，人挺好
可玩，别充，一充零氪变零点准时氪
有瘾，不玩难受，难了更难受
四队还行吧（？）",2026-07-12T21:22:58+08:00,taptap_review,moment:825480039821741747,4,TapTap,https://www.taptap.cn/review/49587808
非常好玩 已经出大剑了 啦啦啦啦啦啦啦啦啦啦啦,2026-07-12T21:45:47+08:00,taptap_review,moment:825485782406922870,5,TapTap,https://www.taptap.cn/review/49588084
太好摸大金了,2026-07-12T22:28:44+08:00,taptap_review,moment:825496589723241584,5,TapTap,https://www.taptap.cn/review/49588638
圈钱就圈了我一直单排4队没坐过挂车也没开过   把把遇见贵我不知道你是咋了乐色游戏赶紧下架吧退个款要查祖宗十九代😂😂😂😂😂挂依旧不管  挂哥俱乐部比比皆是没救了😂😂😂😂😂,2026-07-12T23:01:28+08:00,taptap_review,moment:825504829160818902,1,TapTap,https://www.taptap.cn/review/49589109
官方，云南虫谷的巨棺开后地图全黑。请官方调整一下，谢谢。,2026-07-12T23:44:55+08:00,taptap_review,moment:825515762423693719,5,TapTap,https://www.taptap.cn/review/49589632
好玩爱玩多玩我要去天宫我要搞大金,2026-07-13T00:12:55+08:00,taptap_review,moment:825522808355293697,5,TapTap,https://www.taptap.cn/review/49589962
"这次云南虫谷难度不算高
东西很值钱，能很轻松的撤离",2026-07-13T00:28:48+08:00,taptap_review,moment:825526804130302031,5,TapTap,https://www.taptap.cn/review/49590134
很感谢没有给我最后一抽出来,2026-07-13T00:58:38+08:00,taptap_review,moment:825534314807560239,5,TapTap,https://www.taptap.cn/review/49590379
"没有了爹和妈，没有了一个家
其实我真的不太懂，作为一个远古老玩家，是怎么忍心？我玩这么久，一个圣杯都没开过，每次新出那些新的贵回收物，我真的心死了，根本开不到
皮肤也是诡异的要死，充了两k，所有奖池基本都抽三抽以上，就是一个金皮不中",2026-07-13T01:05:46+08:00,taptap_review,moment:825536109726402502,1,TapTap,https://www.taptap.cn/review/49590449
挂钩满天飞,2026-07-13T02:13:06+08:00,taptap_review,moment:825553053129117268,1,TapTap,https://www.taptap.cn/review/49590948
"1.我是去年六月份入坑的，玩到现在我主页感受就是白号和黑号之间的差距会不会太大了？我现在氪条2000+，但是就只有一个金皮➕很少紫皮➕一堆工牌背景动作背包挂饰和魔盒经验，一直以来想要的皮肤或是道具都是保底。看好友三四个一两抽就出了自己特别想要的金皮真超级难受。
2.就是bug真的挺多，第一次看到超自然应该是在三月那会，都想入坑了看评价说好多bug就跑路了，后面被朋友喊来玩的，结果到现在感觉bug修了这个坏那个的。
3.这个游戏的挂也是我见过最少的哈😍😍😍😍四队的子弹雨超级好看，建议当做旅游景点，那里有时还会有人用扇子给你扇风，非常舒服，还有玩家会用鞭子给你扇风，也是舒服到一吹就睡，总是活动特别多，非常非常推荐这些都纳进景点项目里呀
4.超自然可以说是我玩过所有游戏里面风气最不好的一个了，小鬼到处都是，玩啥图开路匹几乎都能遇到素质低下的智障小鬼，背刺勾数不胜数。
狼人杀模式简直重灾区，随便玩玩就能遇到随地大小骂的，因为一些鸡毛蒜皮的事就互相问候起祖宗十八代了，也是一个个感觉自己骂人脏字连篇可有优越感了哈😅
就连刷个视频看下plq也是一群招黑崽或串串啥的搁那互相开战，真是让我见识到了生物的多样性
5.超自然的优点就是可以交到朋友吧，外加有时候玩着很有成就感，不过无论如何没朋友一起的话玩着都是蛮无聊的
6.以下是个人恩怨碎碎念
今年四五月份那会我的号被代打了，两个九级和两个六级加几个等级低些的亲密关系都没了，大金装备全被卖了，啥都没了，超自然咋不早点出恢复亲密值的功能😅😭😭😭😭😭😭😭😭
气死我了，那个破代打凭啥拿钱毁号最后还没有任何损失，我找她理论就是死不承认，我号就给过两个人，一个代打另一个我同学，我同学那几天总玩不到手机，而且我和她关系超级好，嫌疑直接排除，，，，毁号当天，好多可疑的地方都同时出现在代打身上，这个破代打我恨你",2026-07-13T02:36:09+08:00,taptap_review,moment:825558854115790225,3,TapTap,https://www.taptap.cn/review/49591080
真没想到一个游戏的获取角色方式不是打游戏攒金币买，是要氪金，这个游戏那种圈钱跑路味儿特别重，包括搞限定皮肤,2026-07-13T04:12:56+08:00,taptap_review,moment:825583210661415416,2,TapTap,https://www.taptap.cn/review/49591433
换刀退后回血直接卡退了，都用流量玩了还能卡退，什么土豆服务器。那个爆率也非常感人呀，一打开金棺就是金樽，去新地图开金棺还给个烟灰缸。,2026-07-13T04:56:34+08:00,taptap_review,moment:825594192817291344,1,TapTap,https://www.taptap.cn/review/49591542
嗯对，出大金了,2026-07-13T07:19:38+08:00,taptap_review,moment:825630195179324911,5,TapTap,https://www.taptap.cn/review/49591808
五星好评了这个好玩可玩性不是真无法金棺全部是金色尿壶,2026-07-13T07:46:49+08:00,taptap_review,moment:825637037406161912,5,TapTap,https://www.taptap.cn/review/49591896
画质有问题啊,2026-07-13T10:25:02+08:00,taptap_review,moment:825676851903989254,3,TapTap,https://www.taptap.cn/review/49592885
cx游戏随便吧，zlx也是我最讨厌的明星，真是太好了，双雷狂喜，我还真玩过特别久，在我知道他抄袭之前，幸好没给他充钱全身而退，哪天跑路了，钱都不知道往哪去,2026-07-13T10:59:22+08:00,taptap_review,moment:825685493235582180,1,TapTap,https://www.taptap.cn/review/49593180
我也算是半个老玩家了，s3赛季入的坑，当时是刷到隔壁某主播先玩的这个游戏，听说不错就下载了试试，结果一开始玩的也是晕头转向还想吐，后面跟着朋友一起玩了一下发现还是有点玩不进去，但是朋友买了白泽我也跟着买了，感觉很帅，心想花了钱不能白花，就去网上搜了一些教程之类的，本来想删了发现舍友也开始玩了，就下了回来。跟朋友玩了一段时间发现这个游戏真的很好玩，虽然建模很丑还很圈米，不过可玩性还是很大的尤其是跟朋友组队开麦，四队我不太会玩主摸金，就是这个爆率能不能提升一下呢。。。龙宫开了十个棺椁你敢信出不去。？最近这个新地图的蛇妖也是阴的要死啊，一直缠着不放手。还是可以的，只玩不护，能不能别抄了😁,2026-07-13T10:59:24+08:00,taptap_review,moment:825685500093270357,4,TapTap,https://www.taptap.cn/review/49593182
超自然，我们来复仇了,2026-07-13T11:11:33+08:00,taptap_review,moment:825688557237567571,1,TapTap,https://www.taptap.cn/review/49593297
爆率高,2026-07-13T11:24:22+08:00,taptap_review,moment:825691783525567671,5,TapTap,https://www.taptap.cn/review/49593431
这游戏爆率真高，特别好玩,2026-07-13T11:34:32+08:00,taptap_review,moment:825694342172639770,5,TapTap,https://www.taptap.cn/review/49593535
怎么一直卡到键位面板,2026-07-13T11:53:29+08:00,taptap_review,moment:825699110207097648,1,TapTap,https://www.taptap.cn/review/49593715
好玩是好玩，但容易红温，而且怪又多有时候还会吓到,2026-07-13T12:06:20+08:00,taptap_review,moment:825702343851904094,3,TapTap,https://www.taptap.cn/review/49593834
"无聊的话可以来玩儿超自然

🎮可玩性：一起摸金抓怪",2026-07-13T13:14:53+08:00,taptap_review,moment:825719596353849665,5,TapTap,https://www.taptap.cn/review/49594588
一个人好害怕找个游戏搭子一起玩，找CP，处对象，找游戏搭子！求靠山！求带带，已经很努力了还不如前任第一的资产多，好自卑。有没有人带带我[表情_泪目][表情_泪目][表情_泪目],2026-07-13T13:15:50+08:00,taptap_review,moment:825719834443514409,5,TapTap,https://www.taptap.cn/review/49594604
有时候就自己一个人可以摸到 大金😘,2026-07-13T13:29:25+08:00,taptap_review,moment:825723255275914209,5,TapTap,https://www.taptap.cn/review/49594731
UI简直像是从DW搬来的，人物动作也是转身一样生硬，玩法过于单一。还有画风，你不说我还以为和DW同一个工作室做的。个人感受拉完了,2026-07-13T13:33:07+08:00,taptap_review,moment:825724185253774488,1,TapTap,https://www.taptap.cn/review/49594772
自我感觉很不错，就是这个弓弩能不能减弱啊,2026-07-13T13:35:51+08:00,taptap_review,moment:825724873262237440,5,TapTap,https://www.taptap.cn/review/49594798
说实话，抗压性不好的不能玩这个，他会出很多好看的皮肤让你充钱，400多才几个皮肤,2026-07-13T13:43:28+08:00,taptap_review,moment:825726788322722608,4,TapTap,https://www.taptap.cn/review/49594870
宣传片太拉了，给个差评,2026-07-13T14:13:15+08:00,taptap_review,moment:825734284751932981,1,TapTap,https://www.taptap.cn/review/49595149
爆率低！！！！！！,2026-07-13T14:42:16+08:00,taptap_review,moment:825741586699650492,4,TapTap,https://www.taptap.cn/review/49595485
嗯对，白的话可以，黑的话不可以，抽奖概率高点行不行？,2026-07-13T14:50:23+08:00,taptap_review,moment:825743631850669165,5,TapTap,https://www.taptap.cn/review/49595571
摸金倒是挺好玩的，可以休闲时打发，但找出伪人素质低的太多了，我单排玩的，总有人说我场外，神经病吧,2026-07-13T14:57:52+08:00,taptap_review,moment:825745512769523509,5,TapTap,https://www.taptap.cn/review/49595661
四队挂有多少？试过才知道,2026-07-13T15:00:26+08:00,taptap_review,moment:825746160156149354,1,TapTap,https://www.taptap.cn/review/49595683
第一个棺子出的    天 下 第 一 剑     。,2026-07-13T16:03:20+08:00,taptap_review,moment:825761988092102621,4,TapTap,https://www.taptap.cn/review/49596439
很好玩虽然一个人孤单但偶尔玩玩心情也会舒畅,2026-07-13T16:10:21+08:00,taptap_review,moment:825763755089463256,5,TapTap,https://www.taptap.cn/review/49596540
长的好玩呀，就是我的号什么时候能变欧一点？,2026-07-13T16:18:37+08:00,taptap_review,moment:825765832901529505,5,TapTap,https://www.taptap.cn/review/49596645
太卡了，玩不了想把电脑卸了,2026-07-13T16:32:17+08:00,taptap_review,moment:825769273661066982,1,TapTap,https://www.taptap.cn/review/49596813
嗯就是我的伞为什么开伞键没了，我找也找不到，虽然伞是个比较冷门的武器，但是我最近弄到一个皮肤玩了两把才知道这个伞还有开伞键，但是我根本没有,2026-07-13T16:34:46+08:00,taptap_review,moment:825769899166008802,5,TapTap,https://www.taptap.cn/review/49596839
好可以，可以拿来消遣，难度越高爆率越高,2026-07-13T16:45:58+08:00,taptap_review,moment:825772717457280587,4,TapTap,https://www.taptap.cn/review/49596968
不是，没招了，是我的号被针对了还是咋的，已经好几把被联合狩猎了啊，出都出不了啥，是这个赛季图的问题还是我的问题啊我没招了，百万以上金基本没遇到，今天唯一遇到的还是朋友的侄女找到的，哥们怎么总搞不到啊，怪物也是有的时候血少的可怜有的时候多的要死还有那个破蛇妖，就不改改吗？满图追着跑还无敌，武器基本打不死，还有那个戏偶，恶不恶心，老挡在必经之路上就算了，范围大的要鼠被看到了就等死吧，还不会更新位置，一直堵堵堵，无助的要死，这个堵完那个偷我屁股，妈呀大哥你自己看看，不削能玩？现在玩得多的只有古城了，死人爆率也是，穷的一比，全变下来有个毛线啊薇薇安是被修改爆率了吗还是纯属我的手机号就有问题，每个大型游戏注册的账号都能被针对要死，比绝大多数人都艰难的要死，没招了超自然你看得见吗你，穷的日子比出金的日子都不知道多出了多少倍了，爸呀大哥没招了，给两颗星都算我是玩的久的情怀了，还没到达百万玩家上线那会儿就已经在玩这游戏了，下了课就抽空玩，一直到现在最高的也就是大剑了，圣杯啥的全是看白鼬变的，摸都摸不着,2026-07-13T17:08:51+08:00,taptap_review,moment:825778476052121323,2,TapTap,https://www.taptap.cn/review/49597227
挺好玩的，爆率也高,2026-07-13T17:15:25+08:00,taptap_review,moment:825780128813418972,5,TapTap,https://www.taptap.cn/review/49597298
希望超子能越来越好吧。挂哥少一点，摸金模式提一提那爆率。,2026-07-13T17:20:53+08:00,taptap_review,moment:825781506784890284,5,TapTap,https://www.taptap.cn/review/49597368
一个玩的人还不算少的游戏，为了那点下载量都用上小广告了！还自动下载！,2026-07-13T17:55:10+08:00,taptap_review,moment:825790132446561500,1,TapTap,https://www.taptap.cn/review/49597783
好玩，就是挂有点多，超自然改一下那个头像冷却,2026-07-13T18:00:41+08:00,taptap_review,moment:825791521193200247,5,TapTap,https://www.taptap.cn/review/49597856
"🌃画面音乐：
一坨大偏，我pc端全开最高还是很模糊玩着难受得要死但是观战别人画面是正常的
🎮可玩性：
懂得懂得
🔖运营服务：
最十的来了，不会管挂可以别弄多队，依旧偷偷暗改，依旧昨天更新明天才上公告
✍🏻建议：
赶紧关服退钱",2026-07-13T18:04:13+08:00,taptap_review,moment:825792411597801726,1,TapTap,https://www.taptap.cn/review/49597896
"🌃画面音乐：
音乐中式恐怖音乐

🎮可玩性：
中
曾经我非常喜欢玩，非常上头，第一个接触的收打撤游戏，但玩得太多就不想玩了",2026-07-13T18:07:22+08:00,taptap_review,moment:825793203868274655,4,TapTap,https://www.taptap.cn/review/49597935
希望皮肤不要出的那太频繁，可以多一点免费皮吗？,2026-07-13T18:22:59+08:00,taptap_review,moment:825797134900004486,5,TapTap,https://www.taptap.cn/review/49598080
史上最不圈之游戏,2026-07-13T18:23:21+08:00,taptap_review,moment:825797224016382609,1,TapTap,https://www.taptap.cn/review/49598084
环境太差了，有点土豆服务器,2026-07-13T18:34:54+08:00,taptap_review,moment:825800130161545044,3,TapTap,https://www.taptap.cn/review/49598200
那好，玩爆率又高，非常的推荐啊,2026-07-13T19:16:28+08:00,taptap_review,moment:825810590462117449,5,TapTap,https://www.taptap.cn/review/49598694
垃圾盗版游戏，啥都抄袭抖音上的梗和特效，王者英雄，迷你世界，和平精英，还有现实中的一些品牌，只要能抄的都抄，咋不把你爸爸妈妈的脸抄进去？抄袭游戏就是抄袭，恶心。我下载就是为了差评的。搞不懂赵露思为啥会代言这个抄袭游戏拼好游来的。,2026-07-13T19:59:39+08:00,taptap_review,moment:825821459292094914,1,TapTap,https://www.taptap.cn/review/49599191
挂哥行动组,2026-07-13T20:05:06+08:00,taptap_review,moment:825822830586234639,1,TapTap,https://www.taptap.cn/review/49599262
窝超威，新号第一发就出了,2026-07-13T20:07:33+08:00,taptap_review,moment:825823448793088965,5,TapTap,https://www.taptap.cn/review/49599284
我觉得挺好玩的，第一张图我是中间那个小药，当时求佛，旁边两个是对面的。第二张图那个是我靠山，第三张图那是我诡秘,2026-07-13T20:21:10+08:00,taptap_review,moment:825826873194842490,5,TapTap,https://www.taptap.cn/review/49599434
感觉除了出金率低，游戏内偶尔网络不稳，好像也还行，玩了很久了，测试就在玩，最近没玩三次有事，感觉还不错,2026-07-13T20:37:41+08:00,taptap_review,moment:825831031692069521,4,TapTap,https://www.taptap.cn/review/49599625
这个游戏太圈钱了，他给的免费皮几乎不大好看，而且呢，你不往里面充钱，这个游戏根本玩不下去，而且经常出一些花里胡哨的地图，一点不如原来，他的薇薇安幻梦还抄袭了渔女,2026-07-13T20:53:03+08:00,taptap_review,moment:825834896739010930,1,TapTap,https://www.taptap.cn/review/49599807
玩4队，但凡号黑一点就全是挂,2026-07-13T20:54:44+08:00,taptap_review,moment:825835320015587282,4,TapTap,https://www.taptap.cn/review/49599822
依旧零容忍，依旧棍木的反作弊，依旧超高产能，依旧营造听劝人设，依旧超爱露行动组，检测到您最近没充钱，这边给您安排一下封号处理哈,2026-07-13T21:01:47+08:00,taptap_review,moment:825837097662284113,1,TapTap,https://www.taptap.cn/review/49599915
乐子抄袭游戏,2026-07-13T21:10:17+08:00,taptap_review,moment:825839235582919926,1,TapTap,https://www.taptap.cn/review/49600020
有很多地方都不完善，没注意细节，还有bug，爆率太低，体验感太差了,2026-07-13T21:25:57+08:00,taptap_review,moment:825843179600216472,2,TapTap,https://www.taptap.cn/review/49600196
只是玩了一局蜀道，出来后就黑屏，间接黑屏！想卡头  结果一换服装就黑屏 大退也没用到底想干嘛！😅,2026-07-13T21:57:27+08:00,taptap_review,moment:825851104502746583,2,TapTap,https://www.taptap.cn/review/49600594
超自然加油,2026-07-13T22:41:56+08:00,taptap_review,moment:825862299276281200,5,TapTap,https://www.taptap.cn/review/49601182
截图中的那个总裁，蠢死,2026-07-13T23:02:20+08:00,taptap_review,moment:825867435310581777,2,TapTap,https://www.taptap.cn/review/49601432
爆率太低,2026-07-13T23:47:47+08:00,taptap_review,moment:825878871487283909,5,TapTap,https://www.taptap.cn/review/49601939
垃圾游戏就知道圈钱，还他妈喜欢误封，煞笔游戏,2026-07-13T23:53:26+08:00,taptap_review,moment:825880291326299142,1,TapTap,https://www.taptap.cn/review/49602005
网络，地图越开越多，网络越来越差，坐在路由器旁边都能红网的，也是没有谁了。玩一把下来5把游戏，三把都是给我网络卡到退，还有一个直接把我踢出局了。你这个服务器或者说简直就是垃圾，刚回游没多久，玩游戏给我玩到崩溃，想吞我装备直说何必让我网卡呢，给你两星是情分。一堆皮肤下来网络卡的要爆炸，地图越来越多，网络服务器都不能搞好的，那有什么用[表情_生气][表情_生气][表情_生气],2026-07-14T00:21:43+08:00,taptap_review,moment:825887411341885775,2,TapTap,https://www.taptap.cn/review/49602330
运气时好时坏,2026-07-14T00:26:02+08:00,taptap_review,moment:825888495422672200,5,TapTap,https://www.taptap.cn/review/49602366
小爱我好想你啊   我从S1就开始入坑魔盒至今没断过  从前爱叫人老大的小爱 好像被换掉了   陪我一起的人好像都走了  包括你  我现在玩这个游戏的意义可能就是为了延续当时我跟你说   “我要玩一辈子超自然”  我还会在评论区给你提建议  你好像再也没回过我消息了    不得不说公司真的把这个游戏运营的很好  现在也蒸蒸日上了  从游玩玩家到一百万的时候我就知道会有这一天 来的有点太早 最后的最后我还是决定退游了  明年我就要中考了  可能我中考完会回来吧  在这期间我还是决定把每个赛季的魔盒拿下   就当是弥补当时的我了[表情_翻白眼],2026-07-14T00:59:51+08:00,taptap_review,moment:825897005606767960,4,TapTap,https://www.taptap.cn/review/49602662
游戏也就那样玩家就不咋滴了[表情_捂脸哭][表情_捂脸哭][表情_捂脸哭],2026-07-14T01:05:27+08:00,taptap_review,moment:825898416964896481,1,TapTap,https://www.taptap.cn/review/49602707
网卡就不动。。。,2026-07-14T01:45:22+08:00,taptap_review,moment:825908463669347008,3,TapTap,https://www.taptap.cn/review/49602981
卡的要死，莫名其妙就屏幕动不了了，我今年刚换的电竞手机最新款，打王者上头了只是有点烫，没什么毛病。就你这个游戏调子多，玩个飞天莫名其妙就卡，开个流量也卡。从去年上线五月份玩到现在我从来没断过一天，我从今天开始，我直接卸载。挂太多了。我从没开过，红绿分流，你倒是分啊。不知道为什么，我只要一杀的人头多下一把就大概率有挂。玩个飞天启起个80万的装备，全掉光，我现在没人陪我打。很无聊！！！没人陪你打，你也不会想匹配队友。玩了8千场，神龙没见过，光明神像没见过，新图500万和300万也没见过。就这样吧。奶茶也没见过，然后我闺蜜他都出了两个了，我好朋友也出了两个。他们俩现在都不跟我玩了，一个谈对象，一个走向了，现实生活中。你根本不会想匹配队友，因为队友出大金了，你会嫉妒。我给他们都发消息，他们每一个人拉我。分别是我的靠山，我的兔子和我闺蜜，还有我朋友。其实很多天了，我都很无聊。超自然行动组圈钱就算了，我所有物品都是大保底，不给我出大金。你真是该死。啊啊啊啊啊啊啊,2026-07-14T01:54:38+08:00,taptap_review,moment:825910794779623890,1,TapTap,https://www.taptap.cn/review/49603031
这个官方容易忘本嗯對,2026-07-14T02:06:14+08:00,taptap_review,moment:825913713197321948,3,TapTap,https://www.taptap.cn/review/49603103
一点都不好玩，超标弓弩还不削弱，没玩的建议别玩玩了的建议删了,2026-07-14T02:08:52+08:00,taptap_review,moment:825914375062686335,1,TapTap,https://www.taptap.cn/review/49603114
爆率真的很高。,2026-07-14T02:10:27+08:00,taptap_review,moment:825914772967919394,5,TapTap,https://www.taptap.cn/review/49603119
当我重新开始记录不是我放下了从前，是我终于遇到了可以代替你的,2026-07-14T02:22:01+08:00,taptap_review,moment:825917685580697285,4,TapTap,https://www.taptap.cn/review/49603188
乐乐什么时候管挂,2026-07-14T03:30:34+08:00,taptap_review,moment:825934936375561100,5,TapTap,https://www.taptap.cn/review/49603442
开了两个关，全是大金,2026-07-14T07:13:00+08:00,taptap_review,moment:825990912692719072,5,TapTap,https://www.taptap.cn/review/49603902
我真的好期待，什么什么倒闭，建议提前下架哈。并且返还玩家的钱200倍。人物模板全是贴图，小鬼串台最多，没挂最多哈，致敬我在这游戏里面被人骂过最少的游戏。[表情_斜眼笑]睁眼一闭就是一群头套挂🤩，我都不知道有些玩家有啥好护的哈。等一下别有些人拿你出过大金的货来对比，现在吃屎都没出神龙。官方听劝的懒得做。现在挂也不管了，游戏大惊爆率太低了哈，小鬼最多，护官仔天天拿出大金的图，游戏难度最高，天天联合狩猎，叫你削弱那个蛇精都不管，自己不玩就赶紧下降吧。说白了毕业。,2026-07-14T08:46:24+08:00,taptap_review,moment:826014418675436796,1,TapTap,https://www.taptap.cn/review/49604320
无语了越充钱，越死的快，然后出金的概率就变低，反正我每次一充钱就安排一大堆怪，把我搞死，然后直接破产，我玩个屁，气死了，不要玩还卡的要死,2026-07-14T08:48:43+08:00,taptap_review,moment:826015000987436605,1,TapTap,https://www.taptap.cn/review/49604339
好玩是好玩，但如果你不认识地图的话，很容易走丢。,2026-07-14T08:57:52+08:00,taptap_review,moment:826017305686180886,5,TapTap,https://www.taptap.cn/review/49604380
感觉一般吧，就怎么说呢，皮肤死贵！,2026-07-14T09:23:07+08:00,taptap_review,moment:826023657775039636,3,TapTap,https://www.taptap.cn/review/49604548
号很白。,2026-07-14T09:23:17+08:00,taptap_review,moment:826023699042799295,5,TapTap,https://www.taptap.cn/review/49604550
我进都进不去，玩个蛋,2026-07-14T09:35:38+08:00,taptap_review,moment:826026809723194384,1,TapTap,https://www.taptap.cn/review/49604641
最近爆率挺高。,2026-07-14T10:03:45+08:00,taptap_review,moment:826033882611581879,5,TapTap,https://www.taptap.cn/review/49604827
能不能把服务器修一修啊，卡死了😅,2026-07-14T10:29:11+08:00,taptap_review,moment:826040285279554539,1,TapTap,https://www.taptap.cn/review/49605049
刚开始的时候觉得就是一个，Q版的摸金游戏，玩了之后发现还是比较好玩的，也挺恐怖，音效啊什么的都挺不错,2026-07-14T10:51:41+08:00,taptap_review,moment:826045946444907847,4,TapTap,https://www.taptap.cn/review/49605265
4090都卡,2026-07-14T11:03:05+08:00,taptap_review,moment:826048814413513469,1,TapTap,https://www.taptap.cn/review/49605383
"开始以为是恐怖游戏被一些网友玩开之后，就总觉得不恐怖了，有点
抽象",2026-07-14T11:20:33+08:00,taptap_review,moment:826053211696662210,5,TapTap,https://www.taptap.cn/review/49605588
云南虫谷的大金真的很多,2026-07-14T11:57:07+08:00,taptap_review,moment:826062414469399301,5,TapTap,https://www.taptap.cn/review/49605979
原来的手机号没用了，换了新手机号，也没有人盗账号，就是登不上，另一个手机可以登，之后想改密码用了原密码成功了，后面另一个手机也登不上了，密码没人改，账号也正确，就是登不上，不知道这到底是咋了，也没有找到解决办法，账号目前是登不上去，就连小号也登不上，可是我密码明明是正确的啊???,2026-07-14T11:59:59+08:00,taptap_review,moment:826063136116181170,1,TapTap,https://www.taptap.cn/review/49606005
卡的要死四队的挂满天飞一点不带管的,2026-07-14T12:33:40+08:00,taptap_review,moment:826071612225750043,1,TapTap,https://www.taptap.cn/review/49606353
"这个非常好玩，没有卡顿，也没有费时间

🌃画面音乐：

🎮可玩性：

✍🏻建议：",2026-07-14T12:38:19+08:00,taptap_review,moment:826072783082490481,5,TapTap,https://www.taptap.cn/review/49606400
游戏还行，但是网络问题很严重，随时有特性别严重的延迟，真的是土豆服务器！,2026-07-14T12:54:54+08:00,taptap_review,moment:826076956121368303,1,TapTap,https://www.taptap.cn/review/49606584
龙宫神了，虫谷拉了,2026-07-14T13:29:40+08:00,taptap_review,moment:826085706639084560,3,TapTap,https://www.taptap.cn/review/49606964
没啥，刚玩云南虫谷，出了个人参果，有点高兴，发一下,2026-07-14T13:47:16+08:00,taptap_review,moment:826090134922332253,5,TapTap,https://www.taptap.cn/review/49607158
"服务器做的跟构思一样走一步掉一帧，玩久了还卡屏还得删了重下重置资源，比第五人格服务器还差
超自然圈钱游戏干什么都要充钱皮肤不好看，要么就只有一个小部分做的好看让玩家卡头卡身体，玩玩之后能找到一个全皮都好看的皮肤我吃皮肤出的没特色，要的钱还多，几千的皮肤压箱底，不推荐萌新玩，要差不多几个月才能熟悉怎么玩的",2026-07-14T13:57:23+08:00,taptap_review,moment:826092678604128983,1,TapTap,https://www.taptap.cn/review/49607259
最大的问题掉帧卡顿哈，用流量玩的也不是设备问题，我跟我对象不同设备不同地区连麦打游戏，打四队我俩同时掉帧何意味啊，合理怀疑那局人同一时间都卡了一下，第一次见掉帧这么nb的游戏[表情_震惊]出皮肤最频繁的游戏，绘梦厅喜提十九个池子同时在售，圈这么多游戏建模粗糙的要死，所以皮肤一上架第一时间玩家的想法就是卡头(因为不是头难看，就是身子难看)，圈了这么多能不能往你的土豆服务器里砸点钱，都用来买推广了吗vx朋友圈成天看你的广告,2026-07-14T13:59:13+08:00,taptap_review,moment:826093142720645499,1,TapTap,https://www.taptap.cn/review/49607286
"个人认为还行，25年7月入坑
但四队还是有挂，但感觉比之前少了
有的皮肤挺贵的，vva的幻梦整体有点塑料感
但现在的建模比之前好多了
还是希望超自然越来越好",2026-07-14T13:59:46+08:00,taptap_review,moment:826093279937300089,4,TapTap,https://www.taptap.cn/review/49607290
我要零的录音笔。。。。,2026-07-14T14:07:34+08:00,taptap_review,moment:826095245002280869,4,TapTap,https://www.taptap.cn/review/49607386
刚开局我就扫到四条经线，还能拆出浑天仪，太棒了。,2026-07-14T14:31:50+08:00,taptap_review,moment:826101348171779131,5,TapTap,https://www.taptap.cn/review/49607682
居然出大金了，必须狠狠的给超自然好评╰(*´︶`*)╯,2026-07-14T14:38:22+08:00,taptap_review,moment:826102994918442942,5,TapTap,https://www.taptap.cn/review/49607755
为什么我不可以换头像 ？,2026-07-14T14:55:03+08:00,taptap_review,moment:826107193714540730,1,TapTap,https://www.taptap.cn/review/49607989
"拿下拿下
好玩爱玩",2026-07-14T14:58:47+08:00,taptap_review,moment:826108133075060345,5,TapTap,https://www.taptap.cn/review/49608044
还是挺好玩儿的，就是能不能把那个金冠出金尊的概率往下调一条，还有别的地图那些金冠的保底物品，实在是凡人啊，有的时候全图的棺材全开完了都凑不够出去的钱,2026-07-14T15:01:30+08:00,taptap_review,moment:826108815039532541,5,TapTap,https://www.taptap.cn/review/49608089
摸金没什么意思，四队又全都是挂，就钓鱼还好玩一点[表情_叹气],2026-07-14T15:06:27+08:00,taptap_review,moment:826110059841848622,3,TapTap,https://www.taptap.cn/review/49608157
依旧爆率一坨[表情_捂脸哭]，一等你出了大金就立马给你刷一堆怪打死你，先来一个蝙蝠咬你的头，然后你的装备都会掉到地上，如果周围有其他怪那你必死无疑，我已经因为这种问题死过5把一上了。然后那个举报机制也是，举报的时候一点用都没有，不管对方是骂人还是开挂举报都没有用，甚至有的开挂高参还会有防举报，根本举报不了他，游戏环境已经烂到级点，随处可见的开口粹小孩和挂哥。其次有些模式对立阵容实力和上手难度差距过大，如果你拿到弱势方那只能等死。而且一个皮肤最高达到1314元我真不知道怎么想的，还有很多人皮肤歧视，在这游戏里你要试试没有皮肤或者没充钱就会被针对排挤，这是习以为常的，而且8880元买个出场特效，超子然你真是圈到头了，不推荐游玩,2026-07-14T15:27:19+08:00,taptap_review,moment:826115311907376165,1,TapTap,https://www.taptap.cn/review/49608404
刚开始很好玩，后面就不知道怎么了，频繁的天天出皮肤，这不是圈钱，这是啥，我已经退了8个多月了，这个超自然圈钱这一块儿吧，我也不想说了,2026-07-14T15:45:54+08:00,taptap_review,moment:826119990976448890,1,TapTap,https://www.taptap.cn/review/49608644
卡死谢谢,2026-07-14T15:55:16+08:00,taptap_review,moment:826122345654520153,3,TapTap,https://www.taptap.cn/review/49608767
玩了几万把了，就出过几把大剑圣杯都没出过，我这个号是不是太黑了？抽皮肤也是的，都大保底没一次给我出个,2026-07-14T16:18:41+08:00,taptap_review,moment:826128241709287929,2,TapTap,https://www.taptap.cn/review/49609060
爆率很好,2026-07-14T16:49:21+08:00,taptap_review,moment:826135958683387619,5,TapTap,https://www.taptap.cn/review/49609421
艾伦的技能有点不好哦,2026-07-14T16:53:27+08:00,taptap_review,moment:826136988615708193,5,TapTap,https://www.taptap.cn/review/49609474
行  满足你这个愿望,2026-07-14T17:18:37+08:00,taptap_review,moment:826143322589367006,5,TapTap,https://www.taptap.cn/review/49609789
有挑战性,2026-07-14T17:28:47+08:00,taptap_review,moment:826145881186110368,5,TapTap,https://www.taptap.cn/review/49609910
挺好的 ，就是角色的脸模，感觉再优化一点就好看了,2026-07-14T17:43:14+08:00,taptap_review,moment:826149516569741785,3,TapTap,https://www.taptap.cn/review/49610093
那挂老多了，超自然给我送新皮肤我就给你打五星好评,2026-07-14T17:53:25+08:00,taptap_review,moment:826152080447112191,1,TapTap,https://www.taptap.cn/review/49610226
"把我号还我！不然你就是个乐子游戏…
（我没开挂没骂人…累充四千多，封了十年…乐乐）",2026-07-14T18:03:06+08:00,taptap_review,moment:826154518201762469,1,TapTap,https://www.taptap.cn/review/49610351
全凭实力,2026-07-14T18:16:07+08:00,taptap_review,moment:826157792061555705,4,TapTap,https://www.taptap.cn/review/49610483
在蜀道入口普通开到了大剑,2026-07-14T18:18:52+08:00,taptap_review,moment:826158485996569012,5,TapTap,https://www.taptap.cn/review/49610512
不给我神龙像就算了还联合狩猎我,2026-07-14T18:21:49+08:00,taptap_review,moment:826159226987482333,1,TapTap,https://www.taptap.cn/review/49610550
简单好上手，如果能在操作和画质上优化一下是个很完美的,2026-07-14T18:36:04+08:00,taptap_review,moment:826162814946119240,5,TapTap,https://www.taptap.cn/review/49610720
取消头像冷却,2026-07-14T18:38:09+08:00,taptap_review,moment:826163338755966793,5,TapTap,https://www.taptap.cn/review/49610745
秦岭龙宫的爆率超高，可玩性也很高，根本玩不腻,2026-07-14T19:09:05+08:00,taptap_review,moment:826171122104929941,5,TapTap,https://www.taptap.cn/review/49611107
挺好玩的，就有点吓人,2026-07-14T19:12:55+08:00,taptap_review,moment:826172086052454973,5,TapTap,https://www.taptap.cn/review/49611153
总体来说还不错，不管是对新手、回归玩家都挺友好的，总体难度不难，基本上走两步就能拿两个大金。就是希望可以修修那个服务器，时不时就要卡一下，真的挺难受的,2026-07-14T19:52:54+08:00,taptap_review,moment:826182148712041140,4,TapTap,https://www.taptap.cn/review/49611653
"圈钱圈死了，大概完了五个多月，冲了快1000，一个金皮都没有，第一个抽的皮肤的点点蛇就保底了，后面抽什么都很黑，摸金也很黑，Bug一大堆，我在一月左右退游的，退游之后皮肤一个接着一个的出，如果我不早点退我的钱钱可能就保不住了

可玩性
不怎么样，Bug很多，四队一堆挂也不管，好像是在啥时候出了个可以在死了之后观战的时候举报的功能，我举报的挺多的就一个过了
总结就是不建议入坑，建模很丑我不喜欢，抄袭了挺多游戏的，还老是莫名其妙在我充完钱之后爆率变高，记得我第一次冲兔宝刚冲完开一局就出剑了，不过鉴定完之后是法棍",2026-07-14T20:42:58+08:00,taptap_review,moment:826194748556444344,1,TapTap,https://www.taptap.cn/review/49612314
出的新怪变态猥琐，玩家还只能挨打不能还手，不知道是想倡导什么样的价值观，搞这种擦边球，恶心死了，为了吸引眼球不择手段，吃相难看得很,2026-07-14T20:45:51+08:00,taptap_review,moment:826195472803694854,2,TapTap,https://www.taptap.cn/review/49612362
好玩是好玩就是挂太多了,2026-07-14T21:15:43+08:00,taptap_review,moment:826202989759825444,5,TapTap,https://www.taptap.cn/review/49612789
"曾经玩过，感觉国内摸金游戏中算是做得好的，但是游戏社区的风气真的很差，而且也有很多营销比较猎奇的点，让人看着很不舒服。
 还有bug那么老多您是真的不修一修吗😅
其他都还好，实在太闲的时候可以一玩",2026-07-14T21:34:30+08:00,taptap_review,moment:826207717646404214,1,TapTap,https://www.taptap.cn/review/49613036
我去，我空手摸出了75万我去优化了那个蓝嘛，然后呢，我空手玩嘛，然后呢玩的就是那个澜，然后呢，我用了一个3000的练出了一个25万的，我靠，还在龙珠房捡到一个50万的，我去，太过神圣,2026-07-14T21:35:09+08:00,taptap_review,moment:826207880708360475,4,TapTap,https://www.taptap.cn/review/49613047
爆率太低了,2026-07-14T21:39:23+08:00,taptap_review,moment:826208946690722781,3,TapTap,https://www.taptap.cn/review/49613111
我回游 我背包里 所有东西都没了 何意味啊 后悔充钱了,2026-07-14T21:48:26+08:00,taptap_review,moment:826211225942624383,1,TapTap,https://www.taptap.cn/review/49613249
还好玩 我前年七月入坑的 也算老玩家了 很不错,2026-07-14T21:58:41+08:00,taptap_review,moment:826213805322143999,5,TapTap,https://www.taptap.cn/review/49613395
对镜猜拳吃掉我6个摸金符,2026-07-14T22:05:22+08:00,taptap_review,moment:826215487162550282,1,TapTap,https://www.taptap.cn/review/49613499
账号安全有随时被盗的风险,2026-07-14T22:18:13+08:00,taptap_review,moment:826218720111103725,1,TapTap,https://www.taptap.cn/review/49613676
入坑老玩家，这游戏还行，但没绝区零好玩。,2026-07-14T22:31:33+08:00,taptap_review,moment:826222074539280062,4,TapTap,https://www.taptap.cn/review/49613871
超自然我真求你了外挂能不能少点我打3局每局都有外挂还有那个投诉功能我都投诉了那玩意儿根本不管用,2026-07-14T22:43:39+08:00,taptap_review,moment:826225117674602868,1,TapTap,https://www.taptap.cn/review/49614035
好，就是不给我出大红,2026-07-14T23:12:38+08:00,taptap_review,moment:826232412575892499,5,TapTap,https://www.taptap.cn/review/49614424
这个游戏做的非常好，有摸金的快乐，有社交的快乐,2026-07-14T23:13:48+08:00,taptap_review,moment:826232706927952942,5,TapTap,https://www.taptap.cn/review/49614435
非常好玩，感觉摸的大金都好好玩。,2026-07-15T00:04:02+08:00,taptap_review,moment:826245349520705268,5,TapTap,https://www.taptap.cn/review/49615021
我的圣杯呢？,2026-07-15T00:18:27+08:00,taptap_review,moment:826248975408434568,1,TapTap,https://www.taptap.cn/review/49615166
四队挂无数多，举报完全没用皮肤倒是出不少,2026-07-15T00:22:36+08:00,taptap_review,moment:826250019391669150,1,TapTap,https://www.taptap.cn/review/49615220
"求求了，先不说那些挂了
我求求你修一下bug吧
队伍消息有时候看不见，真的很烦，都多久了，还没修",2026-07-15T00:37:17+08:00,taptap_review,moment:826253716284769004,3,TapTap,https://www.taptap.cn/review/49615359
无脑零开大点两下长枪你就死了，人家三刀都不死，你气不气😂😂😂就会在龙珠房偷袭了,2026-07-15T00:51:16+08:00,taptap_review,moment:826257235620400668,1,TapTap,https://www.taptap.cn/review/49615466
有没有能熬夜的跟我一起玩4队口牙，这游戏没有人一起玩真的感觉没意思,2026-07-15T01:16:14+08:00,taptap_review,moment:826263518645849464,5,TapTap,https://www.taptap.cn/review/49615657
嗯，特别好玩，大金的话玩两局里面有一局会有一个小金，但是如果玩好多局就能大吃,2026-07-15T01:35:57+08:00,taptap_review,moment:826268479836392097,5,TapTap,https://www.taptap.cn/review/49615811
青蛙咬住人的时候，能不能给四五秒的保护时间？被青蛙咬之后，其他怪物照样给你来几脚，直接给你踹死了，气死我了，特别是那个青蛙来两三个,2026-07-15T02:14:30+08:00,taptap_review,moment:826278181739695978,1,TapTap,https://www.taptap.cn/review/49616039
第一次出大金,2026-07-15T02:16:22+08:00,taptap_review,moment:826278650646104044,5,TapTap,https://www.taptap.cn/review/49616046
这还是我认识的古城吗？,2026-07-15T02:33:49+08:00,taptap_review,moment:826283044527672175,5,TapTap,https://www.taptap.cn/review/49616113
叠甲+避雷 （游戏诱导消费严重例如好运榜活动【现相关内容官方已删除但是确实有）2外挂泛滥风气差从未有过任何多队开挂封10年（别的游戏开挂都封10年到你这做不到呗） 3游戏官方无作为（甚至qq官方群管理都是玩家你敢信？）4外挂盗号申诉回来（更多的是审核不通过不予受理）第二次被盗就无法申诉,2026-07-15T03:20:56+08:00,taptap_review,moment:826294899283331816,1,TapTap,https://www.taptap.cn/review/49616329
命运你假糍粑 命运你阿帕次 命运你赔18个币 命运你satisfaction,2026-07-15T05:00:58+08:00,taptap_review,moment:826320074930390151,5,TapTap,https://www.taptap.cn/review/49616660
很好玩，玩了一年多了,2026-07-15T05:21:33+08:00,taptap_review,moment:826325254841305728,5,TapTap,https://www.taptap.cn/review/49616706
全是挂,2026-07-15T05:41:31+08:00,taptap_review,moment:826330281186165790,1,TapTap,https://www.taptap.cn/review/49616735
你有管过挂吗没管过挂对不一晚上一堆挂你有没有管你不管，还开啥游戏你封他们就封一天的给他们休息呢，咋不给他们封号啊评论区，你是一条不看你就算看到了也不改吧大不了你这游戏别开了你这游戏还是改成挂挂游戏吧实在不行，你这游戏也别开我跟你杠到底了,2026-07-15T06:32:20+08:00,taptap_review,moment:826343068943779740,5,TapTap,https://www.taptap.cn/review/49616844
-为什么我看不到人物和怪物的建模（只能看到特效）,2026-07-15T07:49:48+08:00,taptap_review,moment:826362562441381880,5,TapTap,https://www.taptap.cn/review/49617085
非常好玩，就是金棺爆率有点低。全是金樽,2026-07-15T08:36:53+08:00,taptap_review,moment:826374413254394043,5,TapTap,https://www.taptap.cn/review/49617337
挂多,2026-07-15T09:38:56+08:00,taptap_review,moment:826390026219684892,4,TapTap,https://www.taptap.cn/review/49617783
大金爆率很多。刷房间号 ，和好友一起玩耍，快乐爆款,2026-07-15T09:57:43+08:00,taptap_review,moment:826394755561687036,5,TapTap,https://www.taptap.cn/review/49617909
我天呐管管挂吧现在的挂满地都是嚣张成啥了战绩连看都看不了摸金有摸金挂多队有多队挂真神了,2026-07-15T10:07:23+08:00,taptap_review,moment:826397188455138523,1,TapTap,https://www.taptap.cn/review/49617995
依旧爆率感人,2026-07-15T12:03:38+08:00,taptap_review,moment:826426440445595425,2,TapTap,https://www.taptap.cn/review/49619304
这里的签到我很喜欢，可以有兑换码，兑换铲铲币，还有表情包。要是有永久的就好了，如果有签到时长的奖励就更好了，可以奖励一个永久皮肤。虽然我很希望这样。,2026-07-15T12:13:30+08:00,taptap_review,moment:826428926883529488,4,TapTap,https://www.taptap.cn/review/49619428
有点恐怖，死了好几把才测出来一把，希望加强爆率,2026-07-15T13:57:56+08:00,taptap_review,moment:826455204797875996,3,TapTap,https://www.taptap.cn/review/49620776
很⭕钱,2026-07-15T14:26:08+08:00,taptap_review,moment:826462303489623381,4,TapTap,https://www.taptap.cn/review/49621108
🎮可玩性：画面有点模糊，其他都可以,2026-07-15T14:41:50+08:00,taptap_review,moment:826466254997949070,3,TapTap,https://www.taptap.cn/review/49621307
还行吧，我经常玩破产，但我还是想玩，求大佬带,2026-07-15T15:25:45+08:00,taptap_review,moment:826477305416122884,4,TapTap,https://www.taptap.cn/review/49621851
游戏是好玩，就是越来越圈钱,2026-07-15T15:26:46+08:00,taptap_review,moment:826477560362696722,3,TapTap,https://www.taptap.cn/review/49621866
感觉很一般呀，摸金模式特别难。,2026-07-15T15:28:09+08:00,taptap_review,moment:826477909773388721,4,TapTap,https://www.taptap.cn/review/49621883
本人S3入坑那是多队环境很好几乎没有挂，现在多队环境差的要死，爆率低的要死，挂是满天飞，整天只想着出皮肤圈钱根本没想过管，还有一些人看我用的原皮就嘲讽还有皮肤歧视，想办法管管吧别想着圈钱了，还有就是吃相太难看了，举报系统完全没有用的，从来不封氪金的因为封了谁还给送钱，整天就知道圈圈圈，管一管能死啊,2026-07-15T15:40:32+08:00,taptap_review,moment:826481027156279303,1,TapTap,https://www.taptap.cn/review/49622050
我真求求了 就是爆率低一点 其他都还好 但是挂有点多,2026-07-15T15:50:02+08:00,taptap_review,moment:826483417490132687,5,TapTap,https://www.taptap.cn/review/49622181
我是真没招了超自然，四队全是挂，摸金全是垃圾，爆率可怜，游戏也可怜，咱那个挂真的就是管控不了吗，我在公屏滴个兔子你给我禁言了什么意思，你自己去看看人头榜你自己笑了没？我是真没招了，全是挂啊，我号挂都没开过，前号主练飞天给自己练破产了，你告诉我哪来的挂，因为我卡头还是红卡签，你干脆退款别开了行不行，就知道圈钱，我真是服了。游戏风气烂的离谱，我真是后悔之前玩这个游戏，天天就知道匹配挂，游戏体验感极差，之前更是挂狗泛滥，现在也是挂狗泛滥。,2026-07-15T16:06:38+08:00,taptap_review,moment:826487596589779097,1,TapTap,https://www.taptap.cn/review/49622387
taptap的号登不上了是怎么回事（密码忘了）,2026-07-15T17:23:20+08:00,taptap_review,moment:826506899250741591,2,TapTap,https://www.taptap.cn/review/49623493
挺不错的，就是希望官方能把大金的爆率放高点，多送一点武器皮，角色皮,2026-07-15T18:02:23+08:00,taptap_review,moment:826516726056223938,5,TapTap,https://www.taptap.cn/review/49624021
体验感挺好的，但这个新皮肤的爆率好低啊，一直在重复，好玩是好玩，但是能不能提高爆率啊？爆率是真的低呀，充了800块钱就爆了两个皮肤，就懒得喷了，最后还是兑换了这个皮肤唉,2026-07-15T18:10:14+08:00,taptap_review,moment:826518701426607168,3,TapTap,https://www.taptap.cn/review/49624116
角色需要的特殊物品爆率太低了,2026-07-15T19:32:35+08:00,taptap_review,moment:826539424576700600,1,TapTap,https://www.taptap.cn/review/49625146
爆率很高，搜打撤游戏里面，我觉得这个是很好的,2026-07-15T19:35:47+08:00,taptap_review,moment:826540228205348128,5,TapTap,https://www.taptap.cn/review/49625180
和朋友一起摸金打四队很有趣。不过这个要考技术，唉，技术不行的，比如我，只能靠朋友了。是好玩儿的哦,2026-07-15T19:39:40+08:00,taptap_review,moment:826541208619715466,4,TapTap,https://www.taptap.cn/review/49625231
"挺好的，大金能不能多出点，怪物的伤害能不能少点儿？
总之就是非常好玩哈。",2026-07-15T19:47:25+08:00,taptap_review,moment:826543158392261759,5,TapTap,https://www.taptap.cn/review/49625335
"嫦娥设计出来就是狗shi,被吸引不能攻击，不能蹲下跳跃，走也走不动，还可以和别的怪物联合狩猎，不纯有病嘛？",2026-07-15T19:55:45+08:00,taptap_review,moment:826545253094789071,1,TapTap,https://www.taptap.cn/review/49625426
给我神龙给我雮尘珠给我凤冠啥也不给我抽奖也从来没有一发中黑死了奶茶也不给我(╥_╥),2026-07-15T20:12:15+08:00,taptap_review,moment:826549407078941710,1,TapTap,https://www.taptap.cn/review/49625622
挺好玩的，但是官方太圈钱，游戏环境也不好,2026-07-15T20:25:21+08:00,taptap_review,moment:826552705156646167,2,TapTap,https://www.taptap.cn/review/49625764
兰的爆率超高！用古琴炼的东西大部分能出大金！[表情_开心][表情_开心][表情_开心],2026-07-15T20:41:13+08:00,taptap_review,moment:826556694929606216,5,TapTap,https://www.taptap.cn/review/49625967
可玩性超级好，画面音乐非常好运营服务非常好，建议无,2026-07-15T21:02:31+08:00,taptap_review,moment:826562058051911935,5,TapTap,https://www.taptap.cn/review/49626241
管管挂,2026-07-15T21:08:43+08:00,taptap_review,moment:826563617049545809,1,TapTap,https://www.taptap.cn/review/49626338
美味在四队被佛了之后得到一个生肖牛，然后在最后关头又练出了个面具,2026-07-15T21:22:54+08:00,taptap_review,moment:826567186976869432,4,TapTap,https://www.taptap.cn/review/49626534
构思打个4队全是挂就封几小时EX,2026-07-15T21:39:13+08:00,taptap_review,moment:826571293917709586,1,TapTap,https://www.taptap.cn/review/49626768
除了氪金多,2026-07-15T21:46:50+08:00,taptap_review,moment:826573209598953914,5,TapTap,https://www.taptap.cn/review/49626902
依旧用脚做游戏用心做充值这一块,2026-07-15T21:49:50+08:00,taptap_review,moment:826573965601276021,1,TapTap,https://www.taptap.cn/review/49626950
希望我的爆率提高,2026-07-15T22:09:23+08:00,taptap_review,moment:826578884924276877,5,TapTap,https://www.taptap.cn/review/49627200
我爆率有点高,2026-07-15T22:21:52+08:00,taptap_review,moment:826582025703001741,5,TapTap,https://www.taptap.cn/review/49627354
玩了也一年左右了，氪了也不下3000，爆率低得一坨，只会⭕💰哈，现在发这些福利估计也是因为有代号梦核要出来了所以开始着急了，总体评价就是一坨，现在已经卖号跑路咯（放的图片是我玩过的证明，现在卖号了，号主不是我）,2026-07-15T22:31:01+08:00,taptap_review,moment:826584326685592573,1,TapTap,https://www.taptap.cn/review/49627493
"✍🏻建议：
希望多给点免费皮肤",2026-07-15T22:31:23+08:00,taptap_review,moment:826584418717009607,4,TapTap,https://www.taptap.cn/review/49627504
你就继续乱抄吧😂😂😂拼好游，建模也好恶心😂,2026-07-15T22:44:33+08:00,taptap_review,moment:826587734293351426,1,TapTap,https://www.taptap.cn/review/49627680
玩法简单,2026-07-15T23:09:18+08:00,taptap_review,moment:826593962390194008,5,TapTap,https://www.taptap.cn/review/49627987
垃圾游戏，挂比不开的人还多全是挂，我一个没开过的把把都是挂怎么玩，要不我也去开？举报也没用，,2026-07-15T23:12:20+08:00,taptap_review,moment:826594724344235161,1,TapTap,https://www.taptap.cn/review/49628023
喜欢圈钱，游戏bug一堆不修，之前还说过最听劝的游戏，近用来出皮肤了是吧，兵勇像有病似的跟着玩家走，在镜子猜拳呢，来两个兵勇玩啥啊,2026-07-15T23:16:56+08:00,taptap_review,moment:826595884044128206,1,TapTap,https://www.taptap.cn/review/49628074
steam上面都有类似的游戏，抄都抄不明白，秒人的怪都能直接刷人脸上。,2026-07-15T23:51:19+08:00,taptap_review,moment:826604534628354176,1,TapTap,https://www.taptap.cn/review/49628498
超自然官方，为什么我们玩家每次举报外挂的时候都没有得到什么结果呢?反而外挂还变多了，超自然官方，希望能给我一个结果吗,2026-07-16T00:00:27+08:00,taptap_review,moment:826606833849336334,5,TapTap,https://www.taptap.cn/review/49628614
感觉对新手不是很友好[表情_喷],2026-07-16T00:03:55+08:00,taptap_review,moment:826607707027931607,1,TapTap,https://www.taptap.cn/review/49628671
全是挂，举报了也没有用,2026-07-16T00:37:30+08:00,taptap_review,moment:826616160760892717,1,TapTap,https://www.taptap.cn/review/49629013
挂人，辱骂女生，进游戏莫名其妙就说我朋友是卖的，看见我朋友皮肤比他多，就一直在那骂，超自然能不能管管？,2026-07-16T00:53:22+08:00,taptap_review,moment:826620153448893976,1,TapTap,https://www.taptap.cn/review/49629147
我玩有时间限制,2026-07-16T00:55:31+08:00,taptap_review,moment:826620694635743354,1,TapTap,https://www.taptap.cn/review/49629163
"难绷，开棺爆率低成啥了，连个保底都没有
龙宫红门里经常一堆笛子金樽，那辛辛苦苦找红门的意义是？开到大金有负重，跑几步没体力，喝黄牛也就多跑几步，啥时候把负重删了？
挂局里装备全掉完，一朝回到解放前，地图也是一言难尽，到处封闭路口，不规则地形
还出秒杀机制无敌怪，充钱也就多一个格子，腰包塞六个摸金符吗？那充钱的意义是在？
那个蛤蟆我都懒得说，费时间费一个摸金符掉满格血手还长，
云南虫谷地图里弓弩成精，进门走两步一个弓弩，地图送给弓弩算了，一个紫蘑菇吃残血三个摸金符，跟旋转大熊兵俑有异曲同工之妙
拿电脑端游的难度进手游，完全不考虑市场
放弃摸金去四队吧，走两步一个挂
去怪物农场种菜养老吧，商店的种子是不常驻的，要等刷新的，帮工怪物是有耐力值的，会累的，懒得社交是要强行联机的，看着别人来你菜地跑来跑去的
不能我一个人难受，都来！！！五星好评！",2026-07-16T01:04:00+08:00,taptap_review,moment:826622827812620883,5,TapTap,https://www.taptap.cn/review/49629223
兰可以的,2026-07-16T01:51:23+08:00,taptap_review,moment:826634751006737431,5,TapTap,https://www.taptap.cn/review/49629539
太好玩了，这游戏没有外挂，一点也不氪金，开棺的爆率超高,2026-07-16T01:51:57+08:00,taptap_review,moment:826634895953496114,1,TapTap,https://www.taptap.cn/review/49629544
土豆服务器，玩法新颖，但是建模真的不行，玩家建议也不听，只知道出一堆皮肤圈钱,2026-07-16T01:52:39+08:00,taptap_review,moment:826635071443177251,1,TapTap,https://www.taptap.cn/review/49629547
四队全是挂，玩都玩不了，说会封，结果呢，越来越多，盘点挂最多的游戏🙄🙄🙄,2026-07-16T01:56:04+08:00,taptap_review,moment:826635929362893119,1,TapTap,https://www.taptap.cn/review/49629574
土豆服务器，对局中莫名其妙就会断，四队挂横行，体验差，官方圈钱,2026-07-16T02:02:15+08:00,taptap_review,moment:826637486036878154,1,TapTap,https://www.taptap.cn/review/49629617
确实好玩，虽然说确实是在打压挂了，但是那么多也惩治不完，好怀念之前四队没有挂的日子,2026-07-16T03:06:53+08:00,taptap_review,moment:826653752638309271,3,TapTap,https://www.taptap.cn/review/49629880
个人感觉说实话风气差的要死。挂多拉完了。,2026-07-16T03:33:09+08:00,taptap_review,moment:826660361309523283,1,TapTap,https://www.taptap.cn/review/49629957
我从不火的时候就玩了，现在真的很圈，免费皮还被建模骑士，现在萌新很难玩下去，还有一些9岁10岁就找对象了，还有一些恶俗房间，还有很多挂，我靠山PC纯绿顶飞一个号被封过三次，挂不封老封绿丸，这游戏在不改变就会成为时代的眼泪，号价也压的很严重,2026-07-16T04:00:29+08:00,taptap_review,moment:826667239271829416,3,TapTap,https://www.taptap.cn/review/49630038
一般吧。摸金模式改改联合狩猎这一情况比较好。多队某些玩法还是太恶心了，比如一直扔闪光弹你看看恶不恶心。,2026-07-16T05:12:06+08:00,taptap_review,moment:826685266046487015,4,TapTap,https://www.taptap.cn/review/49630193
我的号被盗了 手机号邮箱都被换了 愣是找不回来 超自然你想干嘛,2026-07-16T06:13:50+08:00,taptap_review,moment:826700801530400718,1,TapTap,https://www.taptap.cn/review/49630303
老是抽皮肤保底，但是还是很不错的,2026-07-16T08:14:04+08:00,taptap_review,moment:826731059637914502,5,TapTap,https://www.taptap.cn/review/49630699
超自然什么东西？你自己玩过没有？打个龙宫没有挂连棺都找不见，小黄怎么一个都扫不到，你这是加强了个什么，你那个马赛克那么大片我都找不见,2026-07-16T08:19:21+08:00,taptap_review,moment:826732385558070575,1,TapTap,https://www.taptap.cn/review/49630730
建议大家都去玩，也可以帮我提升一下，扫码一下就可以,2026-07-16T09:22:04+08:00,taptap_review,moment:826748169994897151,5,TapTap,https://www.taptap.cn/review/49631154
好玩爆率高,2026-07-16T11:00:33+08:00,taptap_review,moment:826772953071880809,5,TapTap,https://www.taptap.cn/review/49632119
好玩就是废钱,2026-07-16T11:03:44+08:00,taptap_review,moment:826773753697406053,4,TapTap,https://www.taptap.cn/review/49632148
我怪太多了,2026-07-16T11:37:49+08:00,taptap_review,moment:826782333016213201,4,TapTap,https://www.taptap.cn/review/49632643
无缘无故干被盗了都被解绑被人挂买申诉都一直不成功我真啊充了六千八百多我真,2026-07-16T11:48:47+08:00,taptap_review,moment:826785092889219058,1,TapTap,https://www.taptap.cn/review/49632770
为啥我pc飞天清图之后自动降智,2026-07-16T11:49:46+08:00,taptap_review,moment:826785340063745370,1,TapTap,https://www.taptap.cn/review/49632780
这是我见过的一个唯一一个挂能踩到玩家头上的游戏S3玩的，现在已卖号退游。号价贬值，bug也不修，皮肤照样出，冷门角色照样不管，沙币游戏，谁玩谁冤大头,2026-07-16T11:50:05+08:00,taptap_review,moment:826785419113794335,1,TapTap,https://www.taptap.cn/review/49632785
可，别玩，我怕他不给我大金所以好评,2026-07-16T11:52:56+08:00,taptap_review,moment:826786135974874824,5,TapTap,https://www.taptap.cn/review/49632818
还好吧，就是皮肤可以再美化美化,2026-07-16T12:23:47+08:00,taptap_review,moment:826793899535109227,4,TapTap,https://www.taptap.cn/review/49633236
虫谷蛇妖都够阴了，一局碎我四个符,2026-07-16T12:28:05+08:00,taptap_review,moment:826794984714799156,4,TapTap,https://www.taptap.cn/review/49633288
太棒了，特别喜欢玩,2026-07-16T12:30:16+08:00,taptap_review,moment:826795531450713279,5,TapTap,https://www.taptap.cn/review/49633307
可玩性较高,2026-07-16T12:57:54+08:00,taptap_review,moment:826802484566556874,4,TapTap,https://www.taptap.cn/review/49633681
灵契获取方式实在太少了，零氪只能一周一周的等，老玩家嫌没用，新玩家嫌太少，希望能把灵契的获取方式搞多一点，别让他只能换员工了吧，增加灵契的一两个用处,2026-07-16T13:07:20+08:00,taptap_review,moment:826804859880604974,5,TapTap,https://www.taptap.cn/review/49633818
还是挺好玩的，就是怪物伤害有点高，。,2026-07-16T13:07:41+08:00,taptap_review,moment:826804947445092090,5,TapTap,https://www.taptap.cn/review/49633822
不是不是超自然官方你管一下呀，现在四队都是挂，你就不能管一下呀，不是说没有挂了吗？咋突然又给四队放这么多的挂进来有病吧？,2026-07-16T13:14:05+08:00,taptap_review,moment:826806559521638888,1,TapTap,https://www.taptap.cn/review/49633917
挂哥满天飞，聊天频道也一堆骗子，还有买片的，盗号的，摸金爆率时好时坏,2026-07-16T13:20:34+08:00,taptap_review,moment:826808189839216033,1,TapTap,https://www.taptap.cn/review/49634016
致敬挂最少的游戏,2026-07-16T13:48:29+08:00,taptap_review,moment:826815216829336476,1,TapTap,https://www.taptap.cn/review/49634379
超自然越来越圈钱了，我从25年八月份开始玩，到26年五月份就没在玩了，氪条1000＋次次保底，三个道具皮吃满保底，莉莉卡池第8抽还没中，已经不想再给超自然花钱了，本身很爱打四队，现在四队满天飞的挂，想练飞天但四队环境让幼飞或者想练飞的人很迷茫，想了想还是退游吧，超自然虐我千百遍，还有下一个坑等我踩[表情_叹气],2026-07-16T13:56:29+08:00,taptap_review,moment:826817228748882803,1,TapTap,https://www.taptap.cn/review/49634486
进不去,2026-07-16T14:11:37+08:00,taptap_review,moment:826821038707835966,1,TapTap,https://www.taptap.cn/review/49634717
卡死了 滚吧,2026-07-16T14:50:13+08:00,taptap_review,moment:826830752304859478,1,TapTap,https://www.taptap.cn/review/49635341
这个游戏是我见过外挂最少的游戏😂😂😂，一堆外挂就算了还有xyy？本人是在去年6月开始玩的那个时候游戏环境还挺不错的，4队有没有外挂，直到25年月底就不一样了，超自然就出现了外挂，4队也不另外。官方想抓外挂早就抓了，不是因为圈💰？从26年开始大量外挂涌入游戏，不是说打击外挂？零容忍吗？我看是说着玩的吧😂😂,2026-07-16T14:58:29+08:00,taptap_review,moment:826832831622680459,3,TapTap,https://www.taptap.cn/review/49635478
爆率太“高”了，连续几局全关开完微微安重铸完全是紫龙珠房地上也没有大金，直接退游了,2026-07-16T15:08:34+08:00,taptap_review,moment:826835369327594274,1,TapTap,https://www.taptap.cn/review/49635640
你有病吧，上来就被鬼新娘锁。你想怎么滴？你脑瓜子有病吧。还是在车里面啊。你妈，怎么会有人玩这种英雄妈都不行。趁早别玩儿,2026-07-16T15:31:54+08:00,taptap_review,moment:826841242544374806,1,TapTap,https://www.taptap.cn/review/49636052
爆率非常的高也是,2026-07-16T15:37:34+08:00,taptap_review,moment:826842666166652377,5,TapTap,https://www.taptap.cn/review/49636157
好玩，但有的时候会比较无聊,2026-07-16T15:39:32+08:00,taptap_review,moment:826843163862763897,4,TapTap,https://www.taptap.cn/review/49636173
我去，这个爆率真的好高呀，萌新还有新手保护期，很多怪物看到我都绕道而行了，而且好多怪物都很脆弱，而且还有很多的玩法，还可以交很多朋友，真的很高级啊,2026-07-16T16:43:15+08:00,taptap_review,moment:826859197680324587,5,TapTap,https://www.taptap.cn/review/49637281
超自然你拉了，新手教程一次行动解锁员工我玩了三次解锁不了，找客服一直在排队，死都排不上队，什么客服，垃圾客服吧？QQ也是不回复的，同玩的好友都过了？sb吧？[表情_点赞][表情_点赞][表情_点赞],2026-07-16T16:43:47+08:00,taptap_review,moment:826859331751249214,1,TapTap,https://www.taptap.cn/review/49637296
就是红丸较多,2026-07-16T17:00:35+08:00,taptap_review,moment:826863558716293417,4,TapTap,https://www.taptap.cn/review/49637585
"他妈跟个智障一样，不会做游戏别做，赶紧完蛋吧，被蛇妖攻击还能被蝙蝠抱头，开虫谷双人棺强制动画还能被鲶鱼咬，被蛤蟆吃还能被兵俑踹，牛逼，啥子游戏赶紧完蛋吧
S1老玩家哈，越做越烂，赶紧完蛋吧",2026-07-16T17:17:53+08:00,taptap_review,moment:826867912303182115,1,TapTap,https://www.taptap.cn/review/49637856
我是s4赛季朋友推荐入坑的 出皮肤快 有点圈钱是真的 但谢谢你让我遇到了我的天使女孩 她卖号了我也打算出号了 想入坑的宝宝建议不要充这么多 以防后面出号价钱太低后悔死了,2026-07-16T17:19:33+08:00,taptap_review,moment:826868334640235007,4,TapTap,https://www.taptap.cn/review/49637884
别打四队。,2026-07-16T17:22:58+08:00,taptap_review,moment:826869193805662753,5,TapTap,https://www.taptap.cn/review/49637950
很好玩，感觉爆率也蛮高的,2026-07-16T17:23:52+08:00,taptap_review,moment:826869420235164756,5,TapTap,https://www.taptap.cn/review/49637966
很不错，如果能再给我出一个天下第一剑，我直接永远玩这个游戏,2026-07-16T17:25:22+08:00,taptap_review,moment:826869798297144240,5,TapTap,https://www.taptap.cn/review/49638002
还是非常好玩的，就是新出的那个地图，云南虫谷，棺分布的好散开不完也凑不齐，傩面也好难找，尤其是那个蛇妖和戏偶这俩一见面，戏偶打蛇妖一下蛇妖就来打员工，员工也是平白无故躺枪了，而且小熊猫的杀伤力能往下调一调吗？一刀一个摸金符，腰包还没他废的快,2026-07-16T17:52:14+08:00,taptap_review,moment:826876557069913081,5,TapTap,https://www.taptap.cn/review/49638446
可以可以，自由度很高，呃CP。。那前几个大火的没一个喜欢磕的，和朋友玩的也很开心，还是很推荐入坑的,2026-07-16T18:14:04+08:00,taptap_review,moment:826882054334450897,4,TapTap,https://www.taptap.cn/review/49638779
连弩不削不改,2026-07-16T18:31:38+08:00,taptap_review,moment:826886472752694211,1,TapTap,https://www.taptap.cn/review/49639066
超自然，你有没有玩过自己的游戏？延迟499是人能玩出来的吗？唉，我旁边一堆怪，刷宝藏房了，我拿着龙珠呢，我在大厅，我甚至还能卡要干嘛？,2026-07-16T18:31:56+08:00,taptap_review,moment:826886548346637767,1,TapTap,https://www.taptap.cn/review/49639071
"大剑便法棍
鬼玺变土拨鼠",2026-07-16T19:09:30+08:00,taptap_review,moment:826896001334773131,1,TapTap,https://www.taptap.cn/review/49639601
不到好多就是%上市公司活的好好的好像跟小孩子家家自己下班好像黄旭熙还想继续不到好久电话,2026-07-16T19:24:48+08:00,taptap_review,moment:826899852263687415,5,TapTap,https://www.taptap.cn/review/49639818
听说新出了一个躲猫猫模式，为什么我没有，不给我躲猫猫模式，必须打个差评啊,2026-07-16T20:00:01+08:00,taptap_review,moment:826908714786095452,1,TapTap,https://www.taptap.cn/review/49640324
每天都更新，更成这样吗？用流量更了还一直卡这，见鬼去吧你这破游戏😠,2026-07-16T20:11:14+08:00,taptap_review,moment:826911539800836463,1,TapTap,https://www.taptap.cn/review/49640482
我登不上我的账号了 有没有办法啊 我没绑手机号 有没有其他办法啊😦,2026-07-16T20:39:59+08:00,taptap_review,moment:826918775419830834,1,TapTap,https://www.taptap.cn/review/49640873
嗯，就是皮肤爆率太差了呀，但是最近新出的联动还是比较不错的，就是嗯，少圈点吧，钱包受不住啊,2026-07-16T21:18:22+08:00,taptap_review,moment:826928435161991783,4,TapTap,https://www.taptap.cn/review/49641434
游戏整体风格恐怖有趣不过就是怪物太多了，嗯，我是S2赛季日入坑的，现在的超自然嗯，变了很多,2026-07-16T21:22:25+08:00,taptap_review,moment:826929454000375718,3,TapTap,https://www.taptap.cn/review/49641497
"虽然我不怎么玩超自然，但我也大概了解了一些，我个人感觉挺好玩的，挺有意思的。

就是有一点小问题，为什么每一局就只上一颗星？是我做的不够好吗？

我玩的少不太懂，然后就是画面有点太黑了，建议调亮一些，我不想用手电筒，谢谢。",2026-07-16T21:38:17+08:00,taptap_review,moment:826933445228757530,4,TapTap,https://www.taptap.cn/review/49641776
建议把传送的时候改为无敌要不然传送的时候老是被打断,2026-07-16T21:58:03+08:00,taptap_review,moment:826938421149699043,4,TapTap,https://www.taptap.cn/review/49642071
游戏网卡烦，玩一会卡退一会，网卡不修，玩四队遇到氪金的把被人飞天调成传奇低伤王，画质感很差，皮肤建模丑，总是跟新东西卡的不行，出金概率低，不负责，bug不修,2026-07-16T22:02:41+08:00,taptap_review,moment:826939587594029032,1,TapTap,https://www.taptap.cn/review/49642159
"🎮可玩性：
可以前往任何地图探险摸金
可以打牌。我要验牌 (ૢ˃ꌂ˂⁎)
可以种菜但要小心好友偷菜
还有各种玩法，等你探索",2026-07-16T22:15:21+08:00,taptap_review,moment:826942772220004755,5,TapTap,https://www.taptap.cn/review/49642336
我的妈呀，刚开几局，云南虫谷给我开了几个大金，太太太太太太太太太太太太太高兴了。唉，怎么说，打进了有天下第一剑和神杯，我的妈呀。真不行了，我还是带着我靠山，我靠山一点都不顶用，圣杯是我自己野生捡的，太太太太太高兴了，天下第一剑，我靠山给我的，哈哈哈，我的靠山怎么这么好啊？,2026-07-16T22:38:33+08:00,taptap_review,moment:826948610120745898,5,TapTap,https://www.taptap.cn/review/49642739
这蛇妖和戏偶能不能削一下啊，玩一把游戏早上10点一直变身，玩不了一点啊，还一直锁头，全是怪,2026-07-16T22:39:32+08:00,taptap_review,moment:826948859782498046,3,TapTap,https://www.taptap.cn/review/49642753
我不行了，玩个龙宫普管都灰了，金的都是镜子和金尊，最后一个保底鬼玺，吓哭了好不好,2026-07-16T22:53:58+08:00,taptap_review,moment:826952492670517814,2,TapTap,https://www.taptap.cn/review/49642984
广告这么多，我看见就烦。,2026-07-16T23:00:07+08:00,taptap_review,moment:826954040809096786,1,TapTap,https://www.taptap.cn/review/49643064
爆率高，很好玩,2026-07-16T23:13:45+08:00,taptap_review,moment:826957468759229766,5,TapTap,https://www.taptap.cn/review/49643267
加四队金棺爆率好吧,2026-07-16T23:16:22+08:00,taptap_review,moment:826958128254812869,5,TapTap,https://www.taptap.cn/review/49643298
中奖概率呗高，奖品也麻倍好,2026-07-17T00:53:11+08:00,taptap_review,moment:826982492547321763,5,TapTap,https://www.taptap.cn/review/49644466
我玩过，真的好好玩，而且员工还有免费的两个，建模也特别哇塞,2026-07-17T00:58:04+08:00,taptap_review,moment:826983722124313615,5,TapTap,https://www.taptap.cn/review/49644511
"all艾晚安
让我们致敬世界上安全系数最高最不容易被盗号的游戏",2026-07-17T00:58:15+08:00,taptap_review,moment:826983769612224839,1,TapTap,https://www.taptap.cn/review/49644514
"官方对于外挂鸟都不鸟一心出皮肤圈钱这一块谁
看了不说一句神人，出的一些皮肤还死丑，本来抄袭别的ip，别人的设计，连游戏模式也是抄袭，在这么盈利的情况下还是不肯好好搞原创，下墓只要不带一背包道具包褒姒的，骗你的带了也会因为图穷/怪莫明其妙多/摸金不够/出不去，摸金时间到了也出不去，摸金摸够了也有可能被怪围殴，还有的烂图几个棺全是雷霆扳指的爆率，谁看了不笑，666",2026-07-17T01:19:34+08:00,taptap_review,moment:826989135016233065,1,TapTap,https://www.taptap.cn/review/49644730
"那个雷霆弓弩我也是醉了呀每次遇见都能奖励秒睡大礼包。还有那个史莱姆和假人，太超标了，赶紧削弱。
还有你那个服务器是用土豆做的吧，一直闪退，想干啥？气死我了，为什么我的号这么黑？",2026-07-17T01:46:30+08:00,taptap_review,moment:826995909182095999,1,TapTap,https://www.taptap.cn/review/49644941
超自然，你们现在的bug真是一点不管，游戏体验是一点没体验出来，你们刚才不是上线了那个车皮吗，然后我就登号玩了一会儿，然后去梦居，你猜怎么着，我的收藏柜大金空无一物，我就放了一个高中小熊猫放上去，但还是出问题，然后就退出梦局继续重新进，好的，收藏柜位置摆放互换，甚至我刚才放的高中小熊猫还和。我放的魔芋爽重叠了，你们就继续，我想着先把它们全收起来，数据错乱，数据错误，就是不给我收，圣杯倒是可以收，你猜怎么着，我又退出梦居，然后，他那里显示我的圣杯可以升级，我号黑到现在，只出了一个圣杯，然后他这边是真的显示告诉我可以升级，可不可笑，好的，我点进去了，我再去查看背包，我的圣杯没了，你们到底是什么品种的傻逼，不会修bug吗，造这个游戏屎一坨,2026-07-17T04:05:27+08:00,taptap_review,moment:827030879887950170,1,TapTap,https://www.taptap.cn/review/49645617
唉，就出些零零碎碎的东西，皮肤是出不来的,2026-07-17T06:10:43+08:00,taptap_review,moment:827062404113237983,3,TapTap,https://www.taptap.cn/review/49645913
福宝装扮莫名其妙被吞了，还有大金和皮肤爆率有点低。,2026-07-17T06:58:09+08:00,taptap_review,moment:827074340209036116,4,TapTap,https://www.taptap.cn/review/49646027
为什么我是萌新啊😱明明不是的我是流恋雨啊为什么一样的账号。却点进去却不和我那个号不同，当时手机重启了，那个一直登就是个萌新号为什么>o<这样咋办啊啊啊啊啊啊啊！😱😱😱🤔😤😭😭😭😭😭😭😭,2026-07-17T07:51:14+08:00,taptap_review,moment:827087701286062370,2,TapTap,https://www.taptap.cn/review/49646233
四队开贵的能不能治治 别老圈钱了 我求你了,2026-07-17T08:09:45+08:00,taptap_review,moment:827092359790461585,1,TapTap,https://www.taptap.cn/review/49646336
这个游戏我也不知道他是怎么做的呀，盗号原来这么轻松吗？3000块钱游戏的账号一加就被盗了，到现在我都没找回来，这游戏越做越差，还不如不玩，还浪费钱，浪费精力,2026-07-17T08:22:34+08:00,taptap_review,moment:827095583515740357,1,TapTap,https://www.taptap.cn/review/49646418
挂好多,2026-07-17T09:12:15+08:00,taptap_review,moment:827108085829993183,3,TapTap,https://www.taptap.cn/review/49646791
好玩是好玩，但是有点圈钱,2026-07-17T09:27:43+08:00,taptap_review,moment:827111978299295580,4,TapTap,https://www.taptap.cn/review/49646930
啥必游戏，钱是要圈的，爆率是没有的，纯恶心人来的,2026-07-17T09:39:02+08:00,taptap_review,moment:827114826361734335,1,TapTap,https://www.taptap.cn/review/49647030
S2开始玩后面s3魔盒都没断过做的跟一坨屎一样每次抽个奖池次次保底你就继续圈吧  皮肤歧视还多的要死拿小号打进人家的招募队次次被踢次次被骂 不充钱玩跟没玩一样跟充钱待遇根本不是一个样 有时候无聊开个队友玩次次都是脚本次次都是神人我也是不行了呀∧∧你那个雷霆抽奖皮肤我更是不想说了一个个的都丑的要死 海报上面做的很好看建模做的丑 每次满心期待等着更新皮肤上线每次都让我失望想干啥！还有每次在那个农场钓鱼啊我都不想说了每次掉的时间久了就会被房主踢出去 我的妈呀 我单独一个人钓没有第二个人怎么被踢出去的？还有不行就修修你那土豆服务器吧 每次打游戏都卡的要死 调那个网络根本不是网络的问题,2026-07-17T09:51:07+08:00,taptap_review,moment:827117867945165577,1,TapTap,https://www.taptap.cn/review/49647147
主体来说这游戏确实挺好玩的挺上头 但是这个游戏外挂太多了 服务器特别卡 皮肤出的多,2026-07-17T10:08:53+08:00,taptap_review,moment:827122338716715021,5,TapTap,https://www.taptap.cn/review/49647348
卡死了,2026-07-17T10:26:48+08:00,taptap_review,moment:827126849585810264,3,TapTap,https://www.taptap.cn/review/49647562
我都不想说了，现在圈钱圈的更有层次感了，不像之前一样就是直接往你口袋里拿钱，现在圈的我都不想多说了，还有了一年一点长进都没有，只会出皮肤圈钱游戏里面的太多开挂的了，每次也只封几天，况且摸金地图还喜欢把半成品给我端上来，我需要的是一个完整的而不是半成品来去玩，我没有那么多的耐心等你修补好了我再玩的舒服，况且每次出新玩法的时候就刚出的时候预热，预热出过以后就不管不顾了，还继续弄你的主线。你觉得你那个主线很好玩吗？一直会有人玩吗？我们也想玩娱乐的呀，圈钱不说了，三天两头的出皮肤，你觉得合理吗[表情_吐][表情_吐][表情_吐],2026-07-17T10:48:13+08:00,taptap_review,moment:827132239916565329,1,TapTap,https://www.taptap.cn/review/49647838
"我是25年4月入坑s1老玩家 氪条3000+
我觉得我有资格评价超自然是越来越圈了一个奖池皮肤不是保底500就是1000 要不是因为里面有我喜欢的角色早退游了 多队里面全是挂 打了一个赛季2000场才出两个圣杯 神龙至今没出",2026-07-17T10:53:33+08:00,taptap_review,moment:827133582106429887,2,TapTap,https://www.taptap.cn/review/49647891
游戏给我做好的呀，四队龙宫全都是外挂，特别是杀戮之环，演都不带演,2026-07-17T11:05:39+08:00,taptap_review,moment:827136625224977833,1,TapTap,https://www.taptap.cn/review/49648056
爆率太高了回归第一把直接出了大剑,2026-07-17T11:09:26+08:00,taptap_review,moment:827137576577010490,5,TapTap,https://www.taptap.cn/review/49648103
我充了两千的号被盗了 盗号的人太多了 不建议玩,2026-07-17T11:47:48+08:00,taptap_review,moment:827147234528201827,1,TapTap,https://www.taptap.cn/review/49648611
说实话，我是真的没有想到我可以玩一个游戏，玩了一年多，就我很感谢让我入坑的朋友，让我在这个游戏见识到很多人说一个我和我前任的故事吧。当初也是闲的无聊就去打碎球服，没想到正好遇到他，他就上了旁边车，我他妈玩了一整局，后来我加上了他的好友。他拉我一起打游戏，我们两个经常聊天，后来一点点的暧昧直到我捅破了窗户纸，我和他正式成为了情侣，或许超自然的诅咒真的应验了。我和他到了七八级关系就慢慢变淡了，我不明白为什么总要有一个人主动找他他才行。跟他说过好多次，让他主动找我，但从来没有过，每次上线都是看见他在和别人玩，我承认我。有点嫉妒了，我真的很嫉妒，为什么？再说这么多也没有用，最后我们还是分开了。我祝他能遇到自己的幸福吧！,2026-07-17T11:49:26+08:00,taptap_review,moment:827147645779709717,5,TapTap,https://www.taptap.cn/review/49648628
游戏挺好玩的，就是bug有点多，不听建议哈，爆率太差了，一局大金太少了而且好几局都是只能吃垃圾撤离，什么？连弩木偶都太超标了，建议削弱削弱削弱大金爆率太低了，建议给我的号增加爆率,2026-07-17T12:17:58+08:00,taptap_review,moment:827154825463466013,5,TapTap,https://www.taptap.cn/review/49648960
能不能削一下无心，打四队，隐身就算了但是切掉一个不仅能恢复一定的血还能刷新技能，还有被动额外伤害真的很超标，电枪很恶心特别是单排但这我也能接受，唯独无心，还有阿念的符纸，吃满伤我玩飞满血没莉莉掉了一大半的血范围还大还是持续伤害。,2026-07-17T12:49:53+08:00,taptap_review,moment:827162857756953169,1,TapTap,https://www.taptap.cn/review/49649369
哇塞哇塞，我发现我这个号玩啥模式爆率都不高，但是玩古蜀普通模式和兰爆率高啊,2026-07-17T12:55:14+08:00,taptap_review,moment:827164204770266713,5,TapTap,https://www.taptap.cn/review/49649455
好玩，但怪多,2026-07-17T13:10:12+08:00,taptap_review,moment:827167970013744108,5,TapTap,https://www.taptap.cn/review/49649655
还行，好吓人,2026-07-17T13:11:01+08:00,taptap_review,moment:827168175933098301,4,TapTap,https://www.taptap.cn/review/49649671
"这兰好啊！几个破烂就能炼出鬼玺[表情_大笑]
玩兰真的好运连连[表情_期待]",2026-07-17T13:19:52+08:00,taptap_review,moment:827170402722644908,5,TapTap,https://www.taptap.cn/review/49649792
四对挂多，抄袭别的游戏，摸金爆率低,2026-07-17T13:24:17+08:00,taptap_review,moment:827171512720035312,3,TapTap,https://www.taptap.cn/review/49649843
"作者可以出一个赠送功能吗？
比如说灵契之类的😭😭😭",2026-07-17T13:25:25+08:00,taptap_review,moment:827171798230502109,1,TapTap,https://www.taptap.cn/review/49649857
服务器阴的没边,2026-07-17T13:35:58+08:00,taptap_review,moment:827174452830668938,2,TapTap,https://www.taptap.cn/review/49649976
一局我运气好时可以出3个来4个大金,2026-07-17T13:42:20+08:00,taptap_review,moment:827176054903799912,5,TapTap,https://www.taptap.cn/review/49650059
如果找到一个好的房间号的话，爆率挺高,2026-07-17T13:51:48+08:00,taptap_review,moment:827178440804272327,5,TapTap,https://www.taptap.cn/review/49650173
超自然账号安全做的什么呀 我卖号为了方便换绑 所以解了一个手机号 然后对面在验号的时候不用验验证码直接就绑了他的手机号 之后解绑了我的邮箱 导致我账号被盗,2026-07-17T14:24:22+08:00,taptap_review,moment:827186633546662651,1,TapTap,https://www.taptap.cn/review/49650602
时间有的不够，跑难一点的图 层数多怪还多，难打还拖延时间，时间真的不太够,2026-07-17T14:30:32+08:00,taptap_review,moment:827188184751279273,3,TapTap,https://www.taptap.cn/review/49650674
"🎮可玩性：


就那几个",2026-07-17T14:36:11+08:00,taptap_review,moment:827189606658083956,3,TapTap,https://www.taptap.cn/review/49650743
蜀道路口出了两个鬼玺,2026-07-17T14:41:52+08:00,taptap_review,moment:827191036626341154,5,TapTap,https://www.taptap.cn/review/49650817
两局三个大金我是白还是黑啊？（棺没有开完 时间不够）,2026-07-17T14:42:15+08:00,taptap_review,moment:827191135670633628,5,TapTap,https://www.taptap.cn/review/49650822
你有病吧，每次都是出大剑了就一堆怪涌上来，我已经好几局出大剑然后被怪搞死了，不是假人硬控了后其他怪就全来了。就是一堆怪联合狩猎。有病吧,2026-07-17T14:50:59+08:00,taptap_review,moment:827193333347520471,1,TapTap,https://www.taptap.cn/review/49650932
同学的话可以跟朋友一起玩。摸到大金的时候可高兴了。也可以去种菜，钓鱼。也可以建一下房子。总体来说非常好玩。[表情_开心],2026-07-17T14:56:23+08:00,taptap_review,moment:827194691383462775,5,TapTap,https://www.taptap.cn/review/49651000
越到后面越不好玩，还暗改,2026-07-17T15:11:31+08:00,taptap_review,moment:827198501552128155,2,TapTap,https://www.taptap.cn/review/49651283
明明已经退出来。但是为什么更新不了？怎么整都更新不了，不能玩,2026-07-17T15:37:48+08:00,taptap_review,moment:827205112672816348,1,TapTap,https://www.taptap.cn/review/49651666
作为S1赛季老玩家退游前全皮的我有资格评价一下，皮肤越做越烂先不说 玩家素质、游戏风气都是阴间至极，判定猎奇.官方抄袭更是家常便饭。四队挂是不管的，钱是圈的，打击外挂打击哪里了，皮肤出的死贵，封号机制死废，可玩性更是稀碎。就这样还能火起来更是多亏了某两款四字游戏的“无偿捐赠”czr加油倒闭谢谢。PC和手机能匹到一起的来了，贴脸上打不到人的来了，3个队全挂对狙的来了，怪物聚堆的来了😂😂😂我很难想象这是一款游戏而不是一坨我家狗吃了一堆垃圾后造出的“佛跳墙”😇,2026-07-17T15:53:06+08:00,taptap_review,moment:827208966659377741,1,TapTap,https://www.taptap.cn/review/49651915
大金出到手软,2026-07-17T16:02:38+08:00,taptap_review,moment:827211364995957904,5,TapTap,https://www.taptap.cn/review/49652072
充了800多啊，这游戏下架了，我的800多怎么办？所以他还不能下架。虽然800多不是很多，但是这是我第1次往游戏里充这么多钱。除非他能全额退款。,2026-07-17T16:03:40+08:00,taptap_review,moment:827211625734866983,5,TapTap,https://www.taptap.cn/review/49652086
玩法很好玩，摸到大金比较多，大金额度也很高，缺的那一点希望把钓鱼模式的爆率再加一点,2026-07-17T16:04:40+08:00,taptap_review,moment:827211876495527811,4,TapTap,https://www.taptap.cn/review/49652108
吃百家饭的游戏。,2026-07-17T16:28:51+08:00,taptap_review,moment:827217962942333762,5,TapTap,https://www.taptap.cn/review/49652470
感觉新手或者是老玩家回归，他的暴率会比较高诶,2026-07-17T16:31:35+08:00,taptap_review,moment:827218647549216540,5,TapTap,https://www.taptap.cn/review/49652509
主要抄袭,2026-07-17T17:29:14+08:00,taptap_review,moment:827233158926698257,3,TapTap,https://www.taptap.cn/review/49653406
兰的爆率还是太高了，太好玩了,2026-07-17T17:36:39+08:00,taptap_review,moment:827235023550677328,5,TapTap,https://www.taptap.cn/review/49653516
好玩的，就是说它里面神人可能会有点多，还有四队的挂也是挺多的，现在爆率的话，除了古城，其他图都还挺高的，我觉得，还有一点就是圈钱,2026-07-17T17:43:35+08:00,taptap_review,moment:827236768846710799,4,TapTap,https://www.taptap.cn/review/49653615
nc游戏，腊鸡地图，掉率又低bug又多，走路还能掉出地图外，呸,2026-07-17T18:03:54+08:00,taptap_review,moment:827241883594916587,1,TapTap,https://www.taptap.cn/review/49653873
这个切换账号也太难弄了吧，我以为用Tap就可以了，想登我对象的，结果不小心建了一个新号，还切换不回去了，注销也不行，解除设备也不行，咋整都弄不回去，唉,2026-07-17T18:04:07+08:00,taptap_review,moment:827241937768548675,4,TapTap,https://www.taptap.cn/review/49653876
"🎮可玩性：
5",2026-07-17T18:07:47+08:00,taptap_review,moment:827242857432616652,4,TapTap,https://www.taptap.cn/review/49653926
打开不了,2026-07-17T18:14:17+08:00,taptap_review,moment:827244496252045913,5,TapTap,https://www.taptap.cn/review/49654022
"依旧外挂满天飞啊哈，打个4队，天上4个雷神持续超度.摸个金1分钟不到门还没进，队友已经把箱子全部开完美美撤离了哈，还有夺舍大金的，跪了好多把，好不容易出把剑，队友看见也是直接发动神力了，我的大剑也是直接变成玉扳指了好吧.还有那个酒馆也是阴的没边了10局有6局有开透，没有排不被别人看见的风险哈.官方也是依旧继续用神秘小软件制作皮肤,缝合玩法诱导未成年充值,充值不可退款.对了，听说好像虚拟身份证也可以过实名当时是直接用tap实名的都没去尝试，OK啊，我也是必须要拿我弟之前抽的贝利亚身份证去试一下好吧",2026-07-17T18:19:30+08:00,taptap_review,moment:827245806246431537,1,TapTap,https://www.taptap.cn/review/49654097
不是说回归玩家的爆率很高吗？差点穷死我了,2026-07-17T18:19:40+08:00,taptap_review,moment:827245848650844920,3,TapTap,https://www.taptap.cn/review/49654101
很好玩，但是我云玩玩不了了,2026-07-17T18:22:16+08:00,taptap_review,moment:827246503671103575,5,TapTap,https://www.taptap.cn/review/49654138
爆率很高，建议推荐。,2026-07-17T18:22:23+08:00,taptap_review,moment:827246531655501363,5,TapTap,https://www.taptap.cn/review/49654140
拉完了s2入坑的现在退坑了除了四队好玩点没啥吸引人的,2026-07-17T18:22:55+08:00,taptap_review,moment:827246666707898140,1,TapTap,https://www.taptap.cn/review/49654148
"先说可玩性的话，里面的人比较逗，
难评处
有一些会有一些迷惑人，然后如果玩那个狼人杀差不多的模式的话，有些人还会质疑你的身份，莫名挑拨离间，攻击别人父母之类的，然后大厅片姐也比较多，求佛求佛，背刺，飞天卡得要命，摸金爆率不高，还有那个有土拨鼠之类的逃生夜 鞭尸 爆率低 里面迷惑人也比较多 每次网卡得要命，OPPO手机直接就不用玩儿了，直接闪退五六次，重启手机不管用，然后是内存比较多，怎么样也不管用，摸金卡得要命。500ms直接卡到499还飞天入地特别神圣好吧
玩一会儿手机就发烫，冬天玩完以后感觉自己的脸上红红的，也是特别神圣好吧，还有什么皮肤歧视的，不光是皮肤歧视，打四排打不到人会骂，那么路人队友的作用是什么，难道不是人人平等吗，魅挂，圈钱，背刺，真的很莫名其妙，有皮肤就会卡，什么白泽呀，赤焰呀，有了这个以后又要当什么靠山之类的，不给当就要骂，还卡男，有的恨不得卡物种，我的娘娘嘞，一说是个女娃娃，瞬间就抛开你就去找别人了，刚一说自己是男的，那个恋人标志就直接牵上来了好吧，我只指个别某些人，不要对号入座。
而且里面的砍价也挺多的，全都是一些黑奴价，根本赚不了多少钱，本来代肝1000万吧，就需要15或者是20块钱，都挺贵的，现在恨不得5块钱1,000万呀，嗯，5块钱两三千万，也是，打啥也不容易了，点陪的老板，有的时候也是神人，还要顺着他，也不是那种神，比如说你出什么大问题之类的，需要补钱的时候他不给补，然后或者是直接圈钱跑路，不给你发钱直接跑，那你低价打代肝是啥呀，纯网瘾大呗，也给留点活路呗，这个网络真的我更不想说了，说那个换个流量不行，换个网不行，卡的要命好吧，充钱也不行，不充钱也不行，卡这卡那的，卡卡游戏和旁边那边游戏坐一桌得了，之前还比较好，有个什么听话人设，现在直接放开了圈了。",2026-07-17T18:34:59+08:00,taptap_review,moment:827249704659061334,4,TapTap,https://www.taptap.cn/review/49654302
做的越来越烂了，我的话是S4赛季入坑的，嗯，从新地图开始说吧，那个稀有吧，还有那个蛇妖，他们两个简直就是一个刺激，一个绑，然后呢，差不多可以给你纠缠一整局都差不多，还有那个狐妖嗯，说起来差不多还是算是可以，但是实在就是你站在一个高处地方，他就可能一直闪闪闪闪闪，嗯，简直就是bug越来越多了，维修也越来越慢了，钱圈也越来越多了,2026-07-17T18:36:38+08:00,taptap_review,moment:827250119551223686,4,TapTap,https://www.taptap.cn/review/49654326
除了挂多还挺好的，音乐画面都很应景，可玩性挺高的,2026-07-17T18:42:25+08:00,taptap_review,moment:827251572864974914,5,TapTap,https://www.taptap.cn/review/49654396
"本末倒置的割韭菜游戏，彻底消耗玩家信任
 
怀着对中式恐怖探险题材的期待入坑《超自然行动组》，本以为能体验独特的古墓探险、四人组队逃生的趣味，可长期游玩下来，只剩下无尽的失望与糟心。这款游戏早已偏离探险核心，把全部精力放在氪金创收上，外挂、恶性bug、失衡数值、敷衍运营四大问题层层叠加，完全不值得任何玩家投入时间与金钱，下面细数这款游戏的种种弊病。
 
外挂泛滥是摧毁对局公平的头号元凶，也是所有玩家吐槽最多的痛点。游戏里透视、自瞄、高速移动、锁血各类作弊工具随处可见，无论是四人竞技模式，还是单人摸金探险，十局对局里至少八局会遇见开挂玩家。很多外挂使用者毫不遮掩，开着透视直接锁定全图玩家位置，高速冲图抢夺高级物资，普通玩家辛苦搜集的装备瞬间被掠夺，好好的逃生对局直接变成外挂玩家的单方面碾压。官方嘴上反复宣传对外挂“零容忍”，定期发布看似正规的处罚公告，可实际管控力度形同虚设。玩家通过游戏内置举报功能提交完整对局录屏、作弊截图后，几乎得不到有效反馈，多数外挂账号仅封禁短短六小时，解封后立刻继续开挂。更离谱的是，大量正常游玩的绿色玩家会被系统误封，反馈申诉渠道只有机械AI自动回复，人工客服从不介入处理，公平竞技彻底沦为空谈。甚至有外挂制作者公开直播售卖作弊工具，平台相关投诉、玩家吐槽评论会被官方删除控评，刻意掩盖游戏乱象，无视普通玩家的游玩权益。
 
氪金体系设计充满诱导性，定价离谱，割韭菜痕迹明显，官方更新重心完全向皮肤商城倾斜。游戏更新节奏极度失衡，修复玩法bug一拖再拖，上新付费皮肤却十分勤快，平均每两周推出一款限定外观，节日皮肤、双人捆绑皮肤接连上架，想方设法诱导玩家充值。皮肤定价完全脱离市场标准，普通紫色品质外观售价五十余元，金色限定皮肤保底抽取成本高达五百多元，早期绝版红色典藏皮肤全套保底价格突破一千五百元。绝大多数高价皮肤做工粗糙，仅仅是简单换色、微调建模，部分皮肤还存在严重穿模、特效缺失问题，半成品外观却卖出天价。为了刺激皮肤销量，官方刻意抬高配套角色、武器的强度，通过数值失衡倒逼玩家氪金，热门角色反复推出多款付费皮肤，冷门角色自上线以来仅有一款基础外观，角色排期严重失衡。游戏日常福利极其吝啬，每日签到仅能领取少量基础货币，节假日无实质性补偿，服务器崩溃、版本重大bug后也不会发放安抚福利，满氪上万的玩家没有任何专属特权，抽卡爆率还暗藏杀熟机制，氪金越多，稀有道具掉落概率反而更低，氪金玩家投入大量资金，却得不到对等的游戏体验。
 
游戏核心玩法存在严重数值失衡，玩法内容重复枯燥，角色、怪物、武器设计毫无逻辑。摸金模式本是游戏特色，可所有地图游玩流程高度同质化，无非是进入地图打怪、搜集物资、寻找撤离点，新地图只会一味堆砌高血量怪物，不增加解谜、机关等趣味内容，长期游玩极易产生疲惫感。角色定位完全崩塌，不少角色技能可以被廉价道具完全替代，登场率极低，医疗角色爱丽丝的救援技能，除颤仪、组队复活机制就能完美平替；新角色无心隐身技能形同虚设，怪物依靠代码锁定玩家位置，隐身状态下依旧会被怪物持续追击，技能设计毫无作用。武器强度差距悬殊，部分付费配套武器数值超模，高额伤害搭配大范围攻击，平民基础武器完全没有对抗空间，对局胜负从开局就被武器氪金差距锁定。怪物机制设计不合理，多只怪物可以同步围堵玩家，狭小地图内被怪物包围后几乎没有逃生途径，没有任何操作拉扯空间，游玩体验压抑又憋屈。除此之外，入场费机制更是毫无意义，玩家进入地图需要消耗货币作为入场成本，一旦中途被外挂、怪物击杀，投入的货币直接血本无归，进一步放大普通玩家的游玩亏损，新手玩家很容易因为多次失利耗尽基础资源，直接丧失游玩动力。
 
游戏恶性bug常年堆积，官方修复进度敷衍拖沓，各类故障持续折磨玩家。从开服至今，地图卡模、武器卡手、物资凭空消失、结算界面卡死等基础bug从未彻底修复。对局内空气墙频繁出现，遮挡子弹、阻挡玩家通行，部分地图存在永久无敌点位，玩家卡bug后可以无伤击杀他人，破坏对局平衡。服务器稳定性极差，游玩途中频繁掉线、网络波动卡顿，哪怕网络环境良好，也会莫名出现延迟飙升、人物瞬移的情况。更离谱的是，不少玩家出现充值未到账、氪金道具凭空消失的问题，提交反馈后，客服只会机械回复“耐心等待修复”，数月过去依旧没有解决方案。与之形成鲜明对比的是，只要付费皮肤出现穿模、特效丢失的小问题，官方会连夜发布补丁紧急修复，核心玩法、影响对局体验的致命bug却长期搁置，足以看出官方取舍完全本末倒置。游戏音效、画面优化同样敷衍，画质建模粗糙，无法自定义音效分类，怪物嘶吼、恐怖BGM音量无法单独调节，长期游玩听觉体验极差，各类优化需求在玩家社区反复提及，官方始终视而不见。
 
运营团队完全漠视玩家诉求，沟通渠道形同虚设，游戏社区控评严重。玩家在官方社群、测评平台提出外挂治理、bug修复、数值平衡等合理建议，相关评论频繁被删除屏蔽，只保留吹捧游戏、宣传付费活动的内容。官方频繁推出与核心探险无关的休闲小游戏，把开发资源分散在无关玩法上，却不愿投入精力优化基础对局体验。面对玩家集体吐槽的各类问题，运营只会发布模板化安抚公告，从未落地实质性整改措施，一味消耗早期题材带来的玩家热度。
 
一款游戏长久运营的核心是优质的对局体验、公平的游戏环境，而非无休止售卖高价皮肤、放任外挂破坏平衡。《超自然行动组》浪费了稀缺的中式恐怖探险题材，把全部心思放在收割玩家钱包上，外挂、bug、失衡数值、敷衍运营层层问题叠加，消磨掉所有玩家最初的期待。奉劝还未入坑的玩家谨慎选择，已经投入时间、金钱的老玩家也不必继续消耗自己，一款不尊重玩家、只懂割韭菜的游戏，终究只会被玩家彻底抛弃。",2026-07-17T19:07:32+08:00,taptap_review,moment:827257896034107705,2,TapTap,https://www.taptap.cn/review/49654671
游戏体验不是很好，风气也不好，挂逼到处乱飞，游戏官方使劲圈钱。不过我在游戏里认识了一个乐乐这两颗星是给她和我的,2026-07-17T19:30:13+08:00,taptap_review,moment:827263603018043281,2,TapTap,https://www.taptap.cn/review/49654922
"就是卡卡卡bug
地图上能显示路线但实际上根本就没有路线还得
我自己走
[表情_大笑]",2026-07-17T19:43:32+08:00,taptap_review,moment:827266956473142075,4,TapTap,https://www.taptap.cn/review/49655081
爆率超高,2026-07-17T20:00:48+08:00,taptap_review,moment:827271302715801751,5,TapTap,https://www.taptap.cn/review/49655318
额，我就这样带我闺蜜得吃，卡死我得了呗,2026-07-17T20:19:10+08:00,taptap_review,moment:827275922259316039,3,TapTap,https://www.taptap.cn/review/49655569
破广告满天飞，天天惦记那点下载量，大哥，你游没人玩了吗,2026-07-17T20:28:26+08:00,taptap_review,moment:827278255391247943,1,TapTap,https://www.taptap.cn/review/49655693
像我这样做会提高暴率,2026-07-17T20:28:34+08:00,taptap_review,moment:827278287775467980,5,TapTap,https://www.taptap.cn/review/49655696
啥玩意啊玩了两年，没啥新鲜感，全是抄的就知道圈，那么多桂也不管，退钱跟要命似的,2026-07-17T20:37:07+08:00,taptap_review,moment:827280440493604910,1,TapTap,https://www.taptap.cn/review/49655819
哎呦我去虫谷爆率有一点10,2026-07-17T20:45:03+08:00,taptap_review,moment:827282435812099736,5,TapTap,https://www.taptap.cn/review/49655933
"唉，没什么好说的了，外挂根本管不了，玩了这么久你对于外挂的处理就是红绿分流？前不久还崩了一次，我玩了924小时的游戏只看见了你上架的皮肤和新的奖池，背刺，忘本，测人心，开挂，这个游戏的风气越来越差，你还在想皮肤，一直出新的轮椅角色，老角色一点不见优化，轮椅角色和道具疯狂破坏游戏平衡，毫无博弈可言，玩家能做的就只有随波逐流加入轮椅行列，你看看自己做的游戏吧，看看玩家吧，你的公屏你自己看得下去吗，卖片，卖挂，诈骗，你难道不知道这个游戏的受众大部分是未成年吗？你怎么可能不知道，未成年看到这些东西很容易就走上歪路，网络上的惨剧还不够多吗，超自然，你什么时候才能明白，这样做游戏是走不远的，你现在确实可以吸引很多新玩家，但是你看不到那些心寒的老玩家吗，玩家集体退游只是时间问题，现在的对局，选对角色就相当于赢了一半，剩下的全靠谁先开出那个超模技能。老玩家练了上百个小时的枪法，身法，地图理解，全成了笑话。我们不是输给对手，是输给了你们的“数值平衡”
超自然，你可以继续装傻，继续数着新皮肤带来的流水，继续骗氪。但你堵不住退游潮的水龙头，也挡不住口碑崩盘的那天。等最后一批玩家也放下执念离开时，你会发现——这游戏里剩下的，只有机器人，外挂，和一堆再也不会亮起的灰色好友头像。
到那时候，别再问“我们做错了什么”
你们错在，把玩家的热爱，当成了理所应当的韭菜田。",2026-07-17T21:07:06+08:00,taptap_review,moment:827287983982906861,1,TapTap,https://www.taptap.cn/review/49656249
第1把就出大金,2026-07-17T21:08:59+08:00,taptap_review,moment:827288460346786755,5,TapTap,https://www.taptap.cn/review/49656290
用几千的东西练出来20万的面具,2026-07-17T21:09:32+08:00,taptap_review,moment:827288599333437653,5,TapTap,https://www.taptap.cn/review/49656303
虽然有点小恐怖，但还是喜欢。,2026-07-17T21:10:52+08:00,taptap_review,moment:827288932679944949,5,TapTap,https://www.taptap.cn/review/49656329
我不行了，抓怪抓死，养菜被野，摸金那个蛇妖一直咬我的微微安!气的我抓了一只欺负玩[表情_酷],2026-07-17T21:40:46+08:00,taptap_review,moment:827296458205040189,2,TapTap,https://www.taptap.cn/review/49656766
你这是恐怖游戏还是乙游呢，爆率低的要死😷😷,2026-07-17T21:44:04+08:00,taptap_review,moment:827297287645432107,1,TapTap,https://www.taptap.cn/review/49656820
我已经有三个圣杯了。但是圣杯爆率有点低。,2026-07-17T21:51:02+08:00,taptap_review,moment:827299040164053270,5,TapTap,https://www.taptap.cn/review/49656926
有点太圈了,2026-07-17T21:53:25+08:00,taptap_review,moment:827299643070089772,1,TapTap,https://www.taptap.cn/review/49656954
有点圈钱 到现在100多款皮肤 只有10个左右是送的 iOS总是卡退（剩下的不卡 包括电脑）整体还是不错的,2026-07-17T22:05:47+08:00,taptap_review,moment:827302752471223742,4,TapTap,https://www.taptap.cn/review/49657128
下载太慢,2026-07-17T22:33:26+08:00,taptap_review,moment:827309711626864305,2,TapTap,https://www.taptap.cn/review/49657533
超自然你继续圈继续演我打个pvp一直掉帧,2026-07-17T22:51:19+08:00,taptap_review,moment:827314213465622050,1,TapTap,https://www.taptap.cn/review/49657805
一坨屎，前一把要是摸出金，接着连续好几把都撞鬼新娘，还是那种用折扇打20来下都死不了的鬼东西，咋就是说，不想给就直说，地上不能站，棺上也不能站，干脆直接判我输得了，还搞给鬼的联合狩猎呀？要不是不能给零分，我真就想扔坨屎给他,2026-07-17T23:09:45+08:00,taptap_review,moment:827318852957244831,1,TapTap,https://www.taptap.cn/review/49658066
可玩性很高的一个游戏，十分喜欢，除了网络卡些,2026-07-18T00:04:29+08:00,taptap_review,moment:827332627269682292,5,TapTap,https://www.taptap.cn/review/49658761
"@乐乐用户1016: 和自家蓝逍一起d两个嘴甜的兔子
p1紫逍是我 手搓顶飞主玩飞刀没挂随便打 中低参路边 高参四六开我六他四
p2是自家蓝逍 动她等于动我 我这把桃木剑上沾过太多人的血劝你三思
妻子的确是我的软肋 但吾妻也绝非善类
不喜欢靠山这个称呼 她会吃醋
你可以称呼我们紫逍/蓝逍哥哥
时间很多 带上你的自介来ok？",2026-07-18T00:04:57+08:00,taptap_review,moment:827332741094707048,5,TapTap,https://www.taptap.cn/review/49658764
能不能把你那破烂服务器修一下他娘的同样的地方别的游戏就玩的好好的，网一点也不卡就你卡，这是我玩过最破烂的游戏，一个小时我别的游戏几十局都玩完了，你才玩一两局，过一会就说我网不好，有时一局都玩不了玩一会就给我退了两年了不知道我咋坚持的玩了你两年[表情_捂脸哭]破的要死，看啥火抄啥是吧，逆水寒的愚人牌你抄，第五也抄，现在还抄上外国的了，你牛批嘛，破烂服务器你是不换的游戏你是抄的没完的[表情_汗],2026-07-18T00:05:07+08:00,taptap_review,moment:827332786439327712,2,TapTap,https://www.taptap.cn/review/49658768
无语 一堆bug不修 今天打了一局对面快被我灭队了结果我们队全员网络重连 一回来已经是新的一局了 我的人头和kd都没了 本来都要打赢了结果全部重开 我是惹到你超自然的心肝了吗？,2026-07-18T00:06:52+08:00,taptap_review,moment:827333226509895587,2,TapTap,https://www.taptap.cn/review/49658789
乐乐，号被盗了不给找回，还删记录,2026-07-18T00:13:21+08:00,taptap_review,moment:827334857846687147,1,TapTap,https://www.taptap.cn/review/49658846
光顾着圈钱一点优化不做，四队地图哪空气墙各种模型穿模，做的纯一坨，一点不优化，挂一大堆不管光想着圈钱，优化一点不做，环境越来越差。,2026-07-18T00:17:02+08:00,taptap_review,moment:827335782481004938,2,TapTap,https://www.taptap.cn/review/49658884
不是怎么这段时间一直在更新啊，我一天更新个三四回，登一次游戏就要更新,2026-07-18T00:25:01+08:00,taptap_review,moment:827337795067446744,3,TapTap,https://www.taptap.cn/review/49658977
我不行了吧，格子可以加多一点吗……不够用了,2026-07-18T00:33:33+08:00,taptap_review,moment:827339940432973814,4,TapTap,https://www.taptap.cn/review/49659092
更新是不是有点太平常了，别人都是隔一段时间更新，你是动不动就要更新其余的都还好，但是你能不能少一点更新啊？老是更新更新的一次要更新7-8回,2026-07-18T00:46:40+08:00,taptap_review,moment:827343241257946446,4,TapTap,https://www.taptap.cn/review/49659244
有过三个号，我只能说现在这游戏也是越做越拉了，游戏体验感那是相当的差，部分违规行为也是管都不管，在这糊弄玩家呢。部分玩家那个素质是真差。玩王者都没有遇到过这么素质差的人，也是在超自然上遇见了。也有很多很好，很有素质的宝宝，加强一下举报系统吧。,2026-07-18T01:11:05+08:00,taptap_review,moment:827349388031427629,1,TapTap,https://www.taptap.cn/review/49659485
我觉得超赞这个游戏特别好玩，建议很多人都可以来玩一下。里面的地图挺好玩的，还有那个新出的躲猫猫，我觉得就特别好玩，可以多玩一下呀。,2026-07-18T02:18:29+08:00,taptap_review,moment:827366349750668476,5,TapTap,https://www.taptap.cn/review/49659931
可以多给我出点大金吗？,2026-07-18T08:03:46+08:00,taptap_review,moment:827453241234034013,5,TapTap,https://www.taptap.cn/review/49660976
好玩，心脏病别玩,2026-07-18T09:37:52+08:00,taptap_review,moment:827476922224083768,5,TapTap,https://www.taptap.cn/review/49661608
"这游戏我氪的不是很多（氪条1000+）但作为开服不久就入坑的玩家我认为我还是有资格评价的
外挂满天飞甚至还有人愿意养挂 最媚挂的游戏可以排第一了😂 Bug是不修的皮肤什么的是一定要出的 我说超自然你到底在干什么？能不能考虑一下玩家的感受？你就继续一味的出你那个装扮吧😂皮肤歧视也是一大堆,一群sz认为自己有个皮肤就比别人高一等 破游戏真是越做越烂",2026-07-18T09:40:33+08:00,taptap_review,moment:827477596605253094,1,TapTap,https://www.taptap.cn/review/49661631
我s3赛季入坑的 刚开始我挺喜欢玩这个游戏的 但不知道从什么时候开始挂越来越多 官方也越来越圈了 这一切就跟没发生过一样 官方也不管 游戏好无聊,2026-07-18T09:47:25+08:00,taptap_review,moment:827479327145725338,3,TapTap,https://www.taptap.cn/review/49661696
很好玩容易出金 队友也很友好,2026-07-18T10:14:43+08:00,taptap_review,moment:827486194475469075,4,TapTap,https://www.taptap.cn/review/49661955
还需要排队，还不能玩,2026-07-18T11:43:16+08:00,taptap_review,moment:827508481987707814,1,TapTap,https://www.taptap.cn/review/49662972
氪条4000+ S1赛季就开始玩 不想废话 只想说不推荐 先来评价一下新地图 从夯到拉直接给个拉完了 蛇妖和戏偶先不说 他的那个弓弩也是特别恶心 叫他削弱也不削 玩家让他改的一些事 有些根本不鸟 一个星期出两个皮肤以上 圈死了 现在都不怎么想充 觉得没意义啊 官方再不改这圈钱的毛病和不听玩家的劝阻 就只会让更多玩家退游 你要白的话 就让所有玩家的号白 那先不说白不白  S3赛季 我玩了也有2000把以上 一个圣杯都没出 唯一一个都是朋友帮忙出的 大剑有三把以上 圣杯只有我朋友帮忙出的一个 爆率有时候可以 有时候撤都别想撤 等玩家真的退游了 你就知道了,2026-07-18T11:52:14+08:00,taptap_review,moment:827510734769358654,2,TapTap,https://www.taptap.cn/review/49663063
又惊险又好玩，爆率也很高,2026-07-18T11:58:47+08:00,taptap_review,moment:827512387090253701,5,TapTap,https://www.taptap.cn/review/49663121
真的受不了了新出的玩法又抄。看得两眼一黑[表情_疑惑],2026-07-18T12:01:27+08:00,taptap_review,moment:827513058208252219,1,TapTap,https://www.taptap.cn/review/49663155
s2入坑，七月多份开始打的四队，后面退游，现在回来四队真是越来越差了，没开过挂，没坐过挂车都能匹配到挂，又或是是新员工无心，加强的阿念，都很无脑，不然就是无脑伞，卡帧也是不修的，碰到人就卡，那还打什么[表情_汗],2026-07-18T12:09:06+08:00,taptap_review,moment:827514981707677882,2,TapTap,https://www.taptap.cn/review/49663236
bug太多 皮肤出的太快 质量还不咋地 简直就是石中石 依旧乱封,2026-07-18T12:16:23+08:00,taptap_review,moment:827516815881014319,5,TapTap,https://www.taptap.cn/review/49663321
就是我的号怎么洗也没有用了 越来越黑 打个多对一堆挂 要不是因为里面 有我喜欢的角色我早退了早卖号了好吗 从25年开始入坑 到现在也没见到一个圣杯和一个神龙 😂 自己摸个金全部棺材都是灰的 你让我咋打 依旧被骂成啥了游戏 依旧只玩不护好吧😂,2026-07-18T12:32:54+08:00,taptap_review,moment:827520971459004508,3,TapTap,https://www.taptap.cn/review/49663527
Bug改一下，然后就是这个皮肤越来越丑了，越做越丑，不如之前的了，然后我不懂为什么要有这种限定不返场的机制有点不太理解，但是也尊重吧,2026-07-18T12:49:26+08:00,taptap_review,moment:827525131080302991,3,TapTap,https://www.taptap.cn/review/49663730
你好，我也就是怪有点多，容易死，弄得我破产了,2026-07-18T13:13:29+08:00,taptap_review,moment:827531185218392022,4,TapTap,https://www.taptap.cn/review/49664021
嘎嘎，好玩，但是这个目前有的人他不推好吧，他可能会退游，但是呢，我相信我们喜欢玩超自然的玩家，一定会坚持到底，不会让超自然下架的,2026-07-18T13:23:22+08:00,taptap_review,moment:827533670767134438,5,TapTap,https://www.taptap.cn/review/49664137
摸金模式很有创意,2026-07-18T14:13:01+08:00,taptap_review,moment:827546167523936993,5,TapTap,https://www.taptap.cn/review/49664765
本来我刷了一个222的房间号，给我莫名其妙卡退出去，然后被怪杀了，出去房间号也变了，公屏发这个事情还禁言我三天多,2026-07-18T14:18:09+08:00,taptap_review,moment:827547458912387456,1,TapTap,https://www.taptap.cn/review/49664832
新地图播率也太高了,2026-07-18T14:30:08+08:00,taptap_review,moment:827550473903933717,5,TapTap,https://www.taptap.cn/review/49664985
爆率好低 出个大剑鉴定还是法棍 抽奖也是，啥也不出，出了这么多钱，什么都没有,2026-07-18T14:38:03+08:00,taptap_review,moment:827552464986180097,1,TapTap,https://www.taptap.cn/review/49665081
我去年开服就玩了，一开始还觉得这游戏不错，后面就开始不对劲了，这里抄抄那里抄抄的，啥火抄啥…,2026-07-18T15:06:49+08:00,taptap_review,moment:827559706389119972,1,TapTap,https://www.taptap.cn/review/49665486
总体感觉还行，但是摸金PVE太单调，很多人看小抄之后地图的趣味性就减小了，而导致官方增加怪物数量，出新的怪物，爆率降低等，如果单人玩的话有时候会被联合狩猎或撤离金不够导致撤离失败。再说PVP模式，有一些玩家用外挂取胜，官方说的是“零容忍”，可实际到头来开挂的那些人还是在开挂，整体环境有恶化趋势。平常可以当打发时间玩,2026-07-18T15:28:05+08:00,taptap_review,moment:827565056664276029,3,TapTap,https://www.taptap.cn/review/49665752
玩过爆率最高，挂最少的游戏呀👍👍👍,2026-07-18T15:31:22+08:00,taptap_review,moment:827565884624080725,2,TapTap,https://www.taptap.cn/review/49665796
一个金皮保底就521官方觉得自己老浪漫了是不，而且现在很多皮肤都特别像AI，四队还有很多外挂，然后爬山模式bug更是满天飞,2026-07-18T15:32:38+08:00,taptap_review,moment:827566204120993330,3,TapTap,https://www.taptap.cn/review/49665821
噩梦撤离太难了特别是龙宫,2026-07-18T15:43:48+08:00,taptap_review,moment:827569011981027545,5,TapTap,https://www.taptap.cn/review/49665986
总而言之，这个游戏不适合所有玩家，那种收集狂，和佛系摸金校尉都可以来试试，战斗狂可以玩玩，如果觉得怪物太弱可以去隔壁第五玩他们的摸金，怪物更强👍🏻总之只要不充钱，你们看着办,2026-07-18T15:54:08+08:00,taptap_review,moment:827571613867180778,5,TapTap,https://www.taptap.cn/review/49666111
还行就是太卡,2026-07-18T15:54:15+08:00,taptap_review,moment:827571641864159817,4,TapTap,https://www.taptap.cn/review/49666112
有点坑，有点恐怖,2026-07-18T15:59:40+08:00,taptap_review,moment:827573004874550025,3,TapTap,https://www.taptap.cn/review/49666185
原本好好的号被毁了，而且充了1600都是大保底，而我同学一发就中，一次就够了，结果一直这样,2026-07-18T16:19:56+08:00,taptap_review,moment:827578107664796815,1,TapTap,https://www.taptap.cn/review/49666424
"爆率高
有趣",2026-07-18T16:31:31+08:00,taptap_review,moment:827581020894138062,4,TapTap,https://www.taptap.cn/review/49666581
爆大金太低，游戏给的时间太短,2026-07-18T16:40:09+08:00,taptap_review,moment:827583193736545702,3,TapTap,https://www.taptap.cn/review/49666680
我去 你的新手别玩 ，判定真的很诡异,2026-07-18T17:26:28+08:00,taptap_review,moment:827594848964970335,1,TapTap,https://www.taptap.cn/review/49667256
"没见过那个游戏那么媚挂的，凌晨挂都是高参。。别的游戏都是给玩家提供情绪价值的  你游很宠挂挂哟，给我家成跑打破防了[表情_汗]
首先不是我们的技术问题这两张都是连续遇到挂我和我家成跑都是千场以上了，还说零容忍呢。。你游真的越做越差了",2026-07-18T17:29:46+08:00,taptap_review,moment:827595679906926270,2,TapTap,https://www.taptap.cn/review/49667302
回归玩家摸金超爽。,2026-07-18T17:30:14+08:00,taptap_review,moment:827595795590022015,5,TapTap,https://www.taptap.cn/review/49667315
新手第一次玩古城的第一局 出了尸香魔芋 我还带出来了 好开心,2026-07-18T17:33:59+08:00,taptap_review,moment:827596739996287649,5,TapTap,https://www.taptap.cn/review/49667360
新地图爆率可以,2026-07-18T17:44:46+08:00,taptap_review,moment:827599453585146176,4,TapTap,https://www.taptap.cn/review/49667506
原始股东头像框值钱吗？,2026-07-18T17:54:50+08:00,taptap_review,moment:827601989507482473,5,TapTap,https://www.taptap.cn/review/49667621
s3赛季正式入坑的玩家 时隔今日已经一年多了 作为一个高肝高氪的玩家 超自然氪条8800+  是我打单子 省吃俭用攒下来的钱 以前确实很爱这个游戏 随着挂越来越多 地图bug不修复 一直出皮肤割韭菜 我就该对这个游戏失望 我一次又一次说服自己直到氪条高达8800+的时候我再也没办法骗自己了 超自然 你真的很烂。,2026-07-18T17:56:01+08:00,taptap_review,moment:827602284954256010,1,TapTap,https://www.taptap.cn/review/49667636
希望爆率再提高一点,2026-07-18T17:57:40+08:00,taptap_review,moment:827602699351492701,5,TapTap,https://www.taptap.cn/review/49667654
"不要想着充钱了爆率就会高一点我充了大概300多块钱爆率还是拉完了
本来就是靠抄袭起家的游戏（我说的是实话)玩家意见也听听吧大哥 你一开始立的人设难道不就是听劝官方吗？ 服了
就不能多出点摸金角色吗？ 摸金角色可玩的只有薇薇安 出的新角色都是拉完了

🎮可玩性：
可玩性拉完了 没点耐心根本玩不下去
玩的菜的去四队被虐 纯摸金又太无聊 新出的那个登山模拟器也是拉完了 抄袭


🌃画面音乐：
那个宝宝模式我也不知道有啥用 音乐听得我头晕 那个建模也是拉完了 我想问一下爱德华的那个皮肤他头发到底去哪了？ 我去剪头发理发师给我剪那么多我都打死他 宣传倒是做得挺好 亏我期待了这么久

最后看在你给山区捐钱的份上给你打个5分",2026-07-18T18:05:04+08:00,taptap_review,moment:827604564462013845,5,TapTap,https://www.taptap.cn/review/49667739
玩家很友善，一点都不压力我，大金的让着我,2026-07-18T18:31:10+08:00,taptap_review,moment:827611130057722076,5,TapTap,https://www.taptap.cn/review/49668054
好评，爆率超高,2026-07-18T18:48:35+08:00,taptap_review,moment:827615513696798306,5,TapTap,https://www.taptap.cn/review/49668254
特别好玩主要就是组队摸金获得大金然后怪物农场里面还有钓鱼玩法,2026-07-18T18:51:09+08:00,taptap_review,moment:827616161607716300,5,TapTap,https://www.taptap.cn/review/49668292
"我是25年5月入坑的 当时我很喜欢这个游戏 故宫第一弹出的时候我就开始往里面充钱 我觉得它的美术工艺很好 官方会在乎玩家体验 会管制不良游戏行为 暑假它火了 我也挺高兴 但是外挂越来越多 官方这时候也有在强力抵制 直到暑假过后 官方开始圈钱，放任外挂，只顾着出皮肤，盲目的做皮肤 元素变得千篇一律 皮肤的质量也让人看着头疼 哪怕是做皮肤也变得敷衍 不听玩家反馈 外挂抵制力开始变弱 官方已经开始走某些游戏的老路了 照这样下去 它只有一时的兴起 最后热度逐渐降低 离开了大众的视野 我在1月卖了号 对这个游戏已经没有什么念想了 只能说官方继续这样下去只会自己害死自己 多给一分是因为曾经我对它的喜爱 现在的官方早已不复从前了 忘了初衷 
这是我仅存的一张关于超自然的图片 也只是卖号的时候拿出来展示了",2026-07-18T18:59:29+08:00,taptap_review,moment:827618257971187659,2,TapTap,https://www.taptap.cn/review/49668378
一个是管管公屏上的骗子，第2个是如果这个号很黑的话，就不要玩了，你斗不过系统的,2026-07-18T19:16:36+08:00,taptap_review,moment:827622565840161979,4,TapTap,https://www.taptap.cn/review/49668582
看着这个游戏一步一步烂透了，本人氪条也有500了，运营越来越差，忘本，无视玩家意见，bug不修，挂不管，一直⭕钱，失望透顶了，重要的是，玩久了爆率会越来越差，没有什么可说的了,2026-07-18T19:31:50+08:00,taptap_review,moment:827626400277072408,1,TapTap,https://www.taptap.cn/review/49668762
"非酋，玩一年，圣杯神龙，三百万以上的大金一件都没出过
一般古城单开，不是全洗出来玉板结！！；就是金额达标了，然后画面一卡一卡的，在一个门那里，一前一后多只怪围殴，一卡一卡的，等画面正常人都死了，简直过分（能撤离的时候被游戏制裁死亡）
还有闪退，游戏中途闪退，回来就是被怪打死，一点补偿都没有，几十万装备啊，把把血亏，真恶心，吃相难看的超自然（不氪金的爆率特别黑，特别恶心。小氪一点勉强出点金可以撤离）
最新那个云南，好多多人馆，开的匹配，队友全是自私自利，乱搞，一点配合都没有，老是金额不达标，太恶心了。素质真的差
垃圾游戏，我是真想骂你",2026-07-18T19:34:09+08:00,taptap_review,moment:827626981733434048,2,TapTap,https://www.taptap.cn/review/49668783
本人s3魔盒那会入坑 之前的号充了快3000 先说说它那贵s人的皮肤 作为一个上架才一年多的游戏 皮肤贵成什么了 紫皮价格都还好 金皮比王者无双都贵[表情_叹气] 我一个王者一个无双都没的 超自然有两个金皮 还全保底 不是人玩的 bug也不修 玩四队老是卡墙上 难评,2026-07-18T19:34:23+08:00,taptap_review,moment:827627040868929214,2,TapTap,https://www.taptap.cn/review/49668787
没见过这么不要脸的英雄,2026-07-18T19:35:46+08:00,taptap_review,moment:827627387217773715,2,TapTap,https://www.taptap.cn/review/49668805
游戏的最高配置是朋友,2026-07-18T19:36:47+08:00,taptap_review,moment:827627645100359933,5,TapTap,https://www.taptap.cn/review/49668820
咱就是说换手机号码了，也没有绑定邮箱。也换手机了，也没记得密码，怎么找回游戏账号呀？,2026-07-18T19:38:34+08:00,taptap_review,moment:827628092527741479,2,TapTap,https://www.taptap.cn/review/49668850
四队的挂太多了，根本不是人玩的地方，我跟你们说能吃得住压力的来四队摸金也还行吧,2026-07-18T19:40:56+08:00,taptap_review,moment:827628689511419250,1,TapTap,https://www.taptap.cn/review/49668878
"感谢超自然送我的大剑好吧
没想到第一次就出了大剑，谢谢超自然
超自然我爱你么么么",2026-07-18T19:42:52+08:00,taptap_review,moment:827629177388665355,5,TapTap,https://www.taptap.cn/review/49668893
很好玩，爆率很高,2026-07-18T19:45:31+08:00,taptap_review,moment:827629843188287035,5,TapTap,https://www.taptap.cn/review/49668917
"🎮可玩性：
内容非常丰富多彩，各种各样的怪物等自己来探索",2026-07-18T20:08:21+08:00,taptap_review,moment:827635589162470779,4,TapTap,https://www.taptap.cn/review/49669220
终于开天宫了,2026-07-18T20:11:05+08:00,taptap_review,moment:827636275413517100,1,TapTap,https://www.taptap.cn/review/49669263
其实我觉得除圈钱以外，其他都还勉强，还有就是那个很烦人的开屏广告界面,2026-07-18T20:22:10+08:00,taptap_review,moment:827639067574275931,3,TapTap,https://www.taptap.cn/review/49669391
抄袭游戏不配高,2026-07-18T20:43:28+08:00,taptap_review,moment:827644426766517703,2,TapTap,https://www.taptap.cn/review/49669629
很好玩，就是抽奖机制很崩还有开挂问题呢，多久才能解决,2026-07-18T20:43:48+08:00,taptap_review,moment:827644511227217911,5,TapTap,https://www.taptap.cn/review/49669635
超自然的这款有戏，我是特别的喜欢，里面的怪物让你开关的时候感到刺激，又看到时间快到了，又害怕，而且又紧张，生怕自己撤不出去[表情_比心][表情_比心][表情_比心][表情_比心],2026-07-18T20:46:48+08:00,taptap_review,moment:827645264796847764,5,TapTap,https://www.taptap.cn/review/49669666
挺好玩的，就是怪有点多,2026-07-18T21:17:07+08:00,taptap_review,moment:827652895045321356,5,TapTap,https://www.taptap.cn/review/49670083
爆率高了很多，人物皮肤也很漂亮,2026-07-18T21:26:44+08:00,taptap_review,moment:827655313892048965,4,TapTap,https://www.taptap.cn/review/49670202
个人觉得摸金时十分解压，还有很多好看的皮肤，家具，角色塑造也很好，探索新图时的紧张与兴奋！,2026-07-18T21:33:38+08:00,taptap_review,moment:827657052900822431,5,TapTap,https://www.taptap.cn/review/49670305
非常的好，运气非常的好，全是金,2026-07-18T21:42:50+08:00,taptap_review,moment:827659364675354804,5,TapTap,https://www.taptap.cn/review/49670427
这是人玩的游戏吗 第二张图打了十把 没一把能扯出来的 官方到底玩过没有？？自己做的游戏自己不觉得恶心吗 怪又奇怪 又多 还有迷雾 道具又贵 爆率又低 我也是真的服了 不会运营就别开服了 纯恶心人[表情_捂脸哭][表情_捂脸哭][表情_捂脸哭],2026-07-18T21:56:51+08:00,taptap_review,moment:827662891548151032,1,TapTap,https://www.taptap.cn/review/49670596
太富了只是时间不够，我才挖了一半还有一大半但已经很好了，我前面退游了好久。 现在回归了爱你超自然么么😉,2026-07-18T23:22:07+08:00,taptap_review,moment:827684350031038438,5,TapTap,https://www.taptap.cn/review/49671695
爆率太低,2026-07-18T23:38:50+08:00,taptap_review,moment:827688558079772725,3,TapTap,https://www.taptap.cn/review/49671880
整体来说这一款游戏还是挺好的，希望有人能看到我的评论，加我的好友，私信表明来一起扩列，一起玩，我感觉这款游戏没有朋友一起玩就没有意义，很枯燥无味，这里我想找固排，恋人，靠山，兔子等等，我需要一个能听我倾诉的。。这款游戏我会一直玩下去，除非有一天游戏里所有的好友都离我而去,2026-07-18T23:51:34+08:00,taptap_review,moment:827691762284758031,4,TapTap,https://www.taptap.cn/review/49672022
可以，给我提高一下皮肤暴率，我老是保底,2026-07-19T00:32:52+08:00,taptap_review,moment:827702157779142841,5,TapTap,https://www.taptap.cn/review/49672402
我想问一下打着打着就给我卡着这样了，能不能改一下啊，真的特别影响体验，还有时候打着打着就卡住动不了，等脱离卡死，人就没了，真的非常影响体验，改不了吗,2026-07-19T00:54:46+08:00,taptap_review,moment:827707667018417171,2,TapTap,https://www.taptap.cn/review/49672598
拉完了，一堆挂,2026-07-19T01:17:14+08:00,taptap_review,moment:827713320847933551,5,TapTap,https://www.taptap.cn/review/49672748
"叠甲： Id1开头，玩过很久，也氪过金1000+

🎮可玩性：
一个游戏玩法是比较不错的，至少我玩的那段时间，我还有快乐，也能跟好友一起

🌃画面音乐：
拉完了，拉完了，拉完了，也是不停的圈钱，抄袭，一开始偷偷摸摸的抄，后面演都不演了，直接摊牌了，明着抄，我是属于在跟赵露思联动那段时间退的游，小黄过生日高光给赵露思，也是给我笑麻了，你游有个金主爸爸就疯狂的冲上去，生怕跑了，生日皮肤也是充满赵露思……

✍🏻建议：
不圈钱，不抄袭，也是能回游，前几天的时间，我大概是回去看了一眼，点开那个活动，全尼玛是皮肤，旧的还没下，新的又来了，到底是谁在花100块钱抽了一个匕首？你游皮肤建模不行，圈钱圈挺猛，看看隔壁王者原神吧……建模不知道吊打你这个多少，外挂也是不管的哈，四队都快成机枪对战了，这个游戏只顾着圈钱，玩家的游戏体验也是不管的",2026-07-19T01:30:07+08:00,taptap_review,moment:827716563133006625,1,TapTap,https://www.taptap.cn/review/49672860
🌃画面音乐：比较恐怖如果你玩的比较长就没有什么恐怖的,2026-07-19T01:46:29+08:00,taptap_review,moment:827720683424321519,4,TapTap,https://www.taptap.cn/review/49672972
现在圈钱。。。皮肤越出越频繁,2026-07-19T03:56:16+08:00,taptap_review,moment:827753343555208610,3,TapTap,https://www.taptap.cn/review/49673571
四队能不能是说把那个挂制裁一下,2026-07-19T05:31:12+08:00,taptap_review,moment:827777232532409249,3,TapTap,https://www.taptap.cn/review/49673830
管管挂吧,2026-07-19T06:29:56+08:00,taptap_review,moment:827792013452643227,4,TapTap,https://www.taptap.cn/review/49673959
可玩性还是非常高的，但是充钱的地方比较多，我建议有些东西还是可以送一点的。,2026-07-19T06:50:52+08:00,taptap_review,moment:827797284635807521,5,TapTap,https://www.taptap.cn/review/49674007
爆率很高 尤其是兰 随便练一个就是大金 ，超自然是最好玩的游戏,2026-07-19T07:03:33+08:00,taptap_review,moment:827800473011489305,5,TapTap,https://www.taptap.cn/review/49674045
更新后也没通知梦居里抓到的怪物和大金全没了，有点不想玩了[表情_捂脸哭][表情_生气],2026-07-19T07:25:39+08:00,taptap_review,moment:827806037888208188,1,TapTap,https://www.taptap.cn/review/49674120
入坑快一年多了，游玩感觉挺不错的，但是建议官方修一修bug,2026-07-19T07:50:56+08:00,taptap_review,moment:827812399611381909,5,TapTap,https://www.taptap.cn/review/49674223
感觉超自然就是缝合超多游戏，之前在电脑上玩过，感觉他的玩法，就是缝合其他游戏，之前不出了个类似于第五人格的玩法吗？之后皮肤也类似抄袭王者荣耀的动作，都没见过道歉！态度还贼嚣张！我说白了，我白说了，他这个摸金玩法也不是抄袭其他游戏吗？,2026-07-19T08:55:19+08:00,taptap_review,moment:827828604095170221,1,TapTap,https://www.taptap.cn/review/49674570
爆率很高,2026-07-19T09:13:55+08:00,taptap_review,moment:827833284820995005,5,TapTap,https://www.taptap.cn/review/49674705
我超自然号有很多，因为这个游戏非常值得反复玩,2026-07-19T09:34:05+08:00,taptap_review,moment:827838359450683807,5,TapTap,https://www.taptap.cn/review/49674844
"地图里边有很大几率会有刷在地上的金价格不同，发现之后很开心

🎮可玩性：
推荐

🌃画面音乐：
推荐",2026-07-19T09:49:26+08:00,taptap_review,moment:827842220760500298,5,TapTap,https://www.taptap.cn/review/49674969
神龙去哪了,2026-07-19T10:17:47+08:00,taptap_review,moment:827849356882216077,5,TapTap,https://www.taptap.cn/review/49675228
换个头像还有那么多事而且不绑定手机号还被别人盗号,2026-07-19T11:17:10+08:00,taptap_review,moment:827864298377183325,1,TapTap,https://www.taptap.cn/review/49675834
新手爽吃了一波,2026-07-19T11:26:17+08:00,taptap_review,moment:827866594616017059,5,TapTap,https://www.taptap.cn/review/49675948
"🎮可玩性：
最近给我爆率调高了，挺好的",2026-07-19T11:34:02+08:00,taptap_review,moment:827868544615058180,5,TapTap,https://www.taptap.cn/review/49676028
爆率非常高，非常建议去玩,2026-07-19T11:36:25+08:00,taptap_review,moment:827869142265627142,5,TapTap,https://www.taptap.cn/review/49676055
s1赛季就入坑了！ 一直很喜欢超自然这款游戏 特别喜欢莉莉这个角色 所以把她的皮肤全拿下了 他是第一个让我充钱的游戏 给我的体验感也不错 而且从s1玩到s6都没有看到有歧视皮肤的玩家 四队玩法让我觉得很新颖 我以为我会一直玩下去 可有一段时间四队开挂玩家很多 甚至是每局都有 官方也不解决就知道圈钱了 这种做法让我很失望 以至于到最后卖号退游了 后续甚至恨过超自然为什么不把玩家当人看 但我还是抵不住对超自然这款游戏的思念 现在又重新回游了 以后我不会再充钱了 我也希望大家慎重考虑后再充 不是不让你充 是希望你可以理智充值 好啦不说啦 我的超自然下好啦 最后祝超自然越来越好 Byabya大家,2026-07-19T11:59:33+08:00,taptap_review,moment:827874963867306336,4,TapTap,https://www.taptap.cn/review/49676295
真的很好玩，但是怎么也找不到关过我只能开数动物口才能赚一点钱，现在开其他的全都是撤离失败，已经亏了十几万了心疼钱💰要是关过能多一点就好了，而且蜘蛛特别雷霆了，我玩零怎么也打不过他，特别是我还买了长枪亏了十几万老师撤离失败，求佛也不让老是被打死，要不然就是被飞天坑死，要不然就是被怪物杀死，有一次被佛了，结果被鲇鱼给吃了，根本不会，所以差点意思,2026-07-19T12:04:15+08:00,taptap_review,moment:827876149274084422,3,TapTap,https://www.taptap.cn/review/49676347
摸一下金没问题，没朋友啥的有点无聊。,2026-07-19T12:54:20+08:00,taptap_review,moment:827888752327134009,4,TapTap,https://www.taptap.cn/review/49676873
好好玩，用小黄能找好多好多大金，很照顾新手，可玩度极高,2026-07-19T12:57:09+08:00,taptap_review,moment:827889460585696230,5,TapTap,https://www.taptap.cn/review/49676895
我是 VV安 魔盒入坑的一直玩到今年年初退游刚开始故宫神兽的时候，我就感觉这个游戏很好，就开始往里面充钱，觉得这个游戏的美术风格很好后来四队外挂越来越多爆率越来越低角色越来越超模武器越来越多越来越圈美术风格像 AI干脆就退游了,2026-07-19T13:10:28+08:00,taptap_review,moment:827892813038356390,1,TapTap,https://www.taptap.cn/review/49677036
好玩 但是挂太多了,2026-07-19T13:37:58+08:00,taptap_review,moment:827899733908390330,5,TapTap,https://www.taptap.cn/review/49677339
非常好玩，爆率也很高。可以入坑，但不建议打四个pvp的人太多了，而且挂很多，建议休闲摸金悠闲玩。,2026-07-19T13:46:02+08:00,taptap_review,moment:827901761602716129,5,TapTap,https://www.taptap.cn/review/49677423
我只能说保护好自己的账号，防止被挂盗，能不能制裁一下挂？,2026-07-19T13:53:36+08:00,taptap_review,moment:827903666269719142,2,TapTap,https://www.taptap.cn/review/49677499
爆率太低了气死我了,2026-07-19T13:55:14+08:00,taptap_review,moment:827904077990985967,1,TapTap,https://www.taptap.cn/review/49677521
其实还可以，就是免费的福利太少了，大号充了3万多，小号基本不充，一拿小号打游戏就会有皮肤歧视的情况,2026-07-19T14:08:58+08:00,taptap_review,moment:827907533891961764,3,TapTap,https://www.taptap.cn/review/49677655
手机端都到31了为啥pc我无论怎么更新都是29,2026-07-19T14:41:29+08:00,taptap_review,moment:827915717809537970,2,TapTap,https://www.taptap.cn/review/49678037
"+1⭐是因为它曾经真的给我带来过快乐
+1⭐是因为我通过这个游戏遇到了很重要的人
2025年八月底入坑的，十月买了一个号，养到现在已经氪1.2w了，具体没多少东西，主要之前收这号本来想补全图鉴的，现在呢十多个奖池同时存在，一星期出一套氪金物品，你是没见过钱吗？哦，那就有人要说了，又没人逼你买。延长的卡池在线时长，出皮肤的频率，皮肤的质量和价格真的合理吗？
我在去年十一月份之前一直摸金，那时候很快乐，古城也能单人撤离，有时候还去古城单人抓怪，那时候昆仑噩梦经常把把百万，摸得很舒服，我每天都要摸，我没事干我就摸，真的很开心，哪怕是一个人双开。现在呢，古城根本不敢一个人玩，必须双开带个兔子去捡垃圾，不然就是必须和朋友一起玩，昆仑呢，百万很少了，有时候还捡破烂，基本就是把把40-60w的样子，雪莲运气不好要打好多局。当然也可能只是我号现在比较黑吧，我现在不再喜欢摸金了。龙宫呢，很多时候都是大饼金樽笛子，不过也还看得过去，有时候还是很穷，毕竟这个一个人就是八万门票，如果我还要传送呢？两个人一进去加上传送就是26w了，还一直出金樽大饼，力竭了。至于虫谷，我还没玩得很熟，我只能说我很讨厌这个地图，一堆连弩，蛇妖和戏偶连控，还有依旧阴间的兵佣大熊。地图很大，可能是我设备问题吧，那个围栏建模还要加载一下才能出来，走过去老是卡脚。超自然我真的想要一直玩下去，但是我真的好累啊，我现在每天上线就发发呆，不然就钓钓鱼。
去年11月份我开始打四队了，从跑刀开始玩了一段时间，经常秒睡，但是后面也还可以了，之后觉得飞天厉害就去练了飞天，我的技术也不算特别差吧，但也没有很厉害。我不会玩长枪，不想玩轮椅伞，一直用着桃木剑，四队一直被揍，我真的很难过，我真的很喜欢玩桃木剑博弈的感觉啊，也可能是好久没有打架太生疏了，即使是玩飞天，我的准度也没以前高，时不时的掉帧和经常性的卡顿让我十分难受，打的我很生气，操作就更加变形，我现在又快一个星期没打四队了。前几天带萌新朋友想要带她赢一把，一直输，不是被偷屁股就是卡顿，然后还有因为打得很红温心态不太好打得太急给破绽了..
我的号很白啊，四队不会怎么遇到挂，至于摸金的话可能真的变黑了。
我所怀念的过往，好像再也回不去了。",2026-07-19T14:44:10+08:00,taptap_review,moment:827916393746794748,2,TapTap,https://www.taptap.cn/review/49678073
挺好的就是皮肤太贵了我手气又很黑 然后抄袭的太多了 但是玩法很不错 久玩不腻 然后再加一点保护账号的吧 因为我已经丢了一个号了 那个号入坑的还挺早的 有小黄的失忆童话 叫景时y 然后被盗了 现在想登也登不回去了 当时我是想换一个蛋仔号的因为没人一起玩 所以就换了 然后登不上他的蛋仔 他又把手机号取消绑定了 也改了个邮箱 邮箱也报废了 所以说那个号现在只能他玩 还有逍遥的魔盒和他的故宫联动 我真的特别想要回去那个号 所以避免这种事再发生 加点保护的吧 比如说2级密码什么的 第一张就是我最初的号 第二张的皮肤除了两个莉莉的 一周年限定 其他的都是我抽/买的 我真的特别后悔 因为我这个人本来运气就很差 这个号特别白 还被盗了 最后一张是我现在的号 想玩的可以一起玩qvq,2026-07-19T15:26:20+08:00,taptap_review,moment:827927006569040339,4,TapTap,https://www.taptap.cn/review/49678558
画面不清晰,2026-07-19T15:36:24+08:00,taptap_review,moment:827929536174752702,3,TapTap,https://www.taptap.cn/review/49678688
没招了啊，降爆率降的挺严重啊，摸了快一天了，300万都没有，不会做游戏就别做，外挂外挂不封，就搁那儿圈钱，还降爆率锁玩家，你要是真的好玩，你爆率就算高谁不玩啊，就搁这降暴率来恶心玩家,2026-07-19T15:43:53+08:00,taptap_review,moment:827931422370040385,1,TapTap,https://www.taptap.cn/review/49678780
多来点大金大红,2026-07-19T15:44:32+08:00,taptap_review,moment:827931585142588458,5,TapTap,https://www.taptap.cn/review/49678790
"感觉虽然有些难，但是摸关开宝，人的乐趣无限。


🎮可玩性：很好玩，仿的也很真实。
😐😁😁😁",2026-07-19T15:52:14+08:00,taptap_review,moment:827933522168645348,5,TapTap,https://www.taptap.cn/review/49678889
知道我破产了，居然还有野生大金,2026-07-19T15:53:05+08:00,taptap_review,moment:827933738120776460,5,TapTap,https://www.taptap.cn/review/49678900
爆率太不稳定了,2026-07-19T16:32:33+08:00,taptap_review,moment:827943667577651957,1,TapTap,https://www.taptap.cn/review/49679425
啊 那个叫大熊和兵俑的应该是所有玩家的噩梦吧 之前我遇到这个事件的我马上就投降了 真是又菜又爱玩的我····其他的我还挺满意的,2026-07-19T17:06:17+08:00,taptap_review,moment:827952157100606000,4,TapTap,https://www.taptap.cn/review/49679858
全是挂，我觉得一星给的有点多了吧，我是25年3月份入坑的。现在的4队你不开个挂根本打不了，不要和我说，不开挂就不会匹到挂，官方安装包连挂车都没做过，几乎把把都有挂，不开玩笑，出的全是皮肤，我也氪了不少啊，氪了1万多了，几乎算是全皮肤了，就差一点点，很少会有一个游戏的玩家希望这个游戏倒闭了吧，我就很希望这个游戏赶快倒闭吧,2026-07-19T17:46:07+08:00,taptap_review,moment:827962180597976410,1,TapTap,https://www.taptap.cn/review/49680387
🎮可玩性：很高,2026-07-19T18:00:16+08:00,taptap_review,moment:827965744758129441,5,TapTap,https://www.taptap.cn/review/49680548
官方能不能给我们没有皮肤的人多送点皮肤，有好多人都因为没有皮肤的人不跟他们玩,2026-07-19T18:26:29+08:00,taptap_review,moment:827972341030977643,4,TapTap,https://www.taptap.cn/review/49680880
挂哥赢了,2026-07-19T18:28:27+08:00,taptap_review,moment:827972834553758639,3,TapTap,https://www.taptap.cn/review/49680904
我不要会员，我想一直玩，我不要要。要充什么会员的？你能不能别弄会员什么的？我想安安静静的一直玩着不好吗？还有我冲的日语。有，怎么我刚玩两天就过期了，告诉我ok。,2026-07-19T18:30:17+08:00,taptap_review,moment:827973296300493614,1,TapTap,https://www.taptap.cn/review/49680921
其实还是可以的，但是雷霆巨人不管外挂，建模的话还可以,2026-07-19T18:34:39+08:00,taptap_review,moment:827974394977452676,3,TapTap,https://www.taptap.cn/review/49680971
非常好玩，有好多游戏，我下载了一个超自然，直接出大金了，游戏体验感也很好,2026-07-19T18:55:25+08:00,taptap_review,moment:827979620249765621,5,TapTap,https://www.taptap.cn/review/49681204
一个小作坊这么能圈 发个福利全是破铜烂铁,2026-07-19T19:02:42+08:00,taptap_review,moment:827981456054685442,1,TapTap,https://www.taptap.cn/review/49681276
抄抄乐太好玩了六星好评,2026-07-19T19:06:51+08:00,taptap_review,moment:827982497689111808,1,TapTap,https://www.taptap.cn/review/49681320
"还是不错的，能交到有趣的好友，然后我也是恋与超自然了呀～

✍🏻建议：
就是有一些还要去改进，就比如大红回收物，神龙一类的召唤，就一旦召唤的时候，玩家可不可以处于无敌帧什么的？就我打了3000多场出的第一个神龙吧，召唤的字幕都在屏幕闪过了，可还是因为怪物的攻击直接陨落了，导致第一个神龙没带出来就很可惜，建议改一下，就那一两秒的时间，都是大红回收物了，出了还不能保证玩家安全，很寒心的。",2026-07-19T19:21:16+08:00,taptap_review,moment:827986125694960981,4,TapTap,https://www.taptap.cn/review/49681459
我是s1玩家了，这个游戏外挂什么的都不管，排期也离谱，有些老员工技能也不管。这两颗星是给零的,2026-07-19T19:40:37+08:00,taptap_review,moment:827990996062045111,2,TapTap,https://www.taptap.cn/review/49681678
很好 能给我出大金就更好了,2026-07-19T20:15:12+08:00,taptap_review,moment:827999698907302544,5,TapTap,https://www.taptap.cn/review/49682015
特别好玩，就是有点恐怖。以外就特别好玩儿了,2026-07-19T20:20:49+08:00,taptap_review,moment:828001114094832120,5,TapTap,https://www.taptap.cn/review/49682084
"神人游戏你就继续圈钱吧，里面一堆皮套一堆皮肤歧视😂每天都在想出谁的新皮肤怎么样圈钱。免费福利都是舞蹈和那些头套了，还有一些很拉垮很敷衍的免费皮肤。还有那个四队匹配机制啊，我现在打10把有6把都是挂。我说白了这游戏不开挂都玩不下去啊。风气也是差的要死,一进鬼屋全部都是一堆皮套在那里调教,全部都是小狗小狗主人主人的叫，我真想把你们全部给举报了。超自然你就继续圈钱圈起来吧。一周爆料一个皮肤😂以为我们的钱是大风刮来的吗？",2026-07-19T20:27:46+08:00,taptap_review,moment:828002861840335568,1,TapTap,https://www.taptap.cn/review/49682155
绝色非常丰富,2026-07-19T20:37:49+08:00,taptap_review,moment:828005390602993895,5,TapTap,https://www.taptap.cn/review/49682259
新模式出来还是挺好玩的，要是能出地图出的勤快一些就好了,2026-07-19T20:58:37+08:00,taptap_review,moment:828010628479191496,4,TapTap,https://www.taptap.cn/review/49682525
我25年开始玩的超自然行动组到现在，现在就是觉得现在官方圈钱圈的越来越严重了一开始只是单方面的圈钱但是现在开始一些小朋友也开始背着爸爸妈妈充钱。然后呢就是我要说一件事一个人玩是搞笑游戏两个人玩是搞笑游戏三个人玩是更搞笑游戏4个人玩那就是灵人鸟你游戏。,2026-07-19T20:59:14+08:00,taptap_review,moment:828010780967308488,5,TapTap,https://www.taptap.cn/review/49682537
🌃画面音乐：画面震撼，音乐吓人,2026-07-19T21:00:32+08:00,taptap_review,moment:828011107183496904,5,TapTap,https://www.taptap.cn/review/49682553
怎么说呢 刚玩不知道要带什么带了六个腰包然后为什么别人玩的是恋与超自然我玩的是孤狼游戏再这样下去我就跑图了👁️👄👁️,2026-07-19T21:43:41+08:00,taptap_review,moment:828021969348723218,3,TapTap,https://www.taptap.cn/review/49683084
运营太差，只会出皮肤,2026-07-19T22:18:51+08:00,taptap_review,moment:828030819908977501,1,TapTap,https://www.taptap.cn/review/49683549
"呃呃呃  充5000只卖得了600  建议别充钱 会后悔
蛮好玩的    给我出神龙 超自然我求你了。",2026-07-19T22:41:40+08:00,taptap_review,moment:828036560292151419,5,TapTap,https://www.taptap.cn/review/49683816
很棒，很棒，爆率特别高,2026-07-19T22:50:28+08:00,taptap_review,moment:828038773630570154,5,TapTap,https://www.taptap.cn/review/49683946
前期爆率高，以后低到离谱，开完全关都撤不出去,2026-07-19T23:06:41+08:00,taptap_review,moment:828042855032291341,3,TapTap,https://www.taptap.cn/review/49684180
玩了快五百把一次天宫没进出这玩意的意义在哪,2026-07-19T23:31:10+08:00,taptap_review,moment:828049015273685566,1,TapTap,https://www.taptap.cn/review/49684439
继续圈钱，继续抄袭，继续挂满天飞吧。一群xyy,2026-07-19T23:31:37+08:00,taptap_review,moment:828049129690104764,1,TapTap,https://www.taptap.cn/review/49684441
圈子越来越乱 CP一大堆 还奇奇怪怪的 想退游但是放不下家产,2026-07-20T00:35:56+08:00,taptap_review,moment:828065315848982290,3,TapTap,https://www.taptap.cn/review/49685079
你们玩这个手机发烫吗？我发烫严重，烫着烫着就开始卡了😅😅😅手机是米15,2026-07-20T00:45:38+08:00,taptap_review,moment:828067758301251630,3,TapTap,https://www.taptap.cn/review/49685165
"超自然 你真的把我养的很差 别人一发入魂星耀皮 我八百给1000个道具[表情_生气]别人的鱼都是好品质 我一钓鱼全是那垃圾 卖掉以后赔钓鱼币😓 别人一周三圣杯 我玩儿了三个赛季 给一个圣杯 还是兰妈练出来的。。。七八百把一个大剑。。。神龙更是见也没见过。。。更别说凤冠和雮尘珠了。。。[表情_生气][表情_生气][表情_生气]再这样我就退游了[表情_生气][表情_生气][表情_生气]玩游戏是为了开心 你让我一肚子火

再补一下：本来没准备来这儿吐槽，玩了这么久都没吐槽。昨天一气之下卸载了之后，想到玩儿这么久终于种出来神圣龙爪花 还是收掉吧，就又下回来了。开了一把，说我喜提大金。不知道的以为我拿上啥好东西了🌚🌚实则就一个龙爪花，一个粽子小熊猫，一个狗，一个笛子[表情_举手]",2026-07-20T00:54:14+08:00,taptap_review,moment:828069919387026647,3,TapTap,https://www.taptap.cn/review/49685243
寻靠山[表情_微笑],2026-07-20T01:28:09+08:00,taptap_review,moment:828078457735874569,5,TapTap,https://www.taptap.cn/review/49685501
我是s4赛季被朋友拉着入坑的，一开始我只玩摸金，直到今年才正式接触四队，我刚接触四队那段时间其实挂也不算多，玩着还可以，但就是从过年那次以后，官方变了，皮肤开始大把大把的出，角色也开始一个比一个超标，武器更是不用说，现在外挂满天飞，一开始拉我入坑的朋友已经不当绿玩了，我曾经一直在想，还有必要玩这个游戏吗，现在的超自然已经不是之前那个超自然了，但它也带给我过开心，让我交到过朋友，看过我和朋友的决裂，所以给它一个比较中肯的评价来祭奠我曾经在超自然里那些开心的时光，但是你们如果要入坑需要谨慎，现在官方已经开挂的不封封绿玩了，皮肤也死贵，地图更是一个赛一个的卡，但是不卡的地图爆率低，不容易撤，我曾经一直在想要不然卖号走人算了，但是一想到我的朋友们和我喜欢的角色我又舍不得，属于是用孩子套住妈了，唉，但现在我属于淡游了，我在超自然里氪的也不少了，少说也有2000打底了，我有两个号，养的很辛苦，但是如果有人想和我玩也可以id莳栽，直接加我就好了，哪天我上线了说不定还能带你们打呢,2026-07-20T01:31:40+08:00,taptap_review,moment:828079339839947398,3,TapTap,https://www.taptap.cn/review/49685529
能不能改改那个私人爆率有些大红真的是打几千局就是不出,2026-07-20T02:16:20+08:00,taptap_review,moment:828090582042675727,2,TapTap,https://www.taptap.cn/review/49685773
今天爆率好高,2026-07-20T04:02:41+08:00,taptap_review,moment:828117348249505367,5,TapTap,https://www.taptap.cn/review/49686121
爆率都好低，充钱多的一天出3个圣杯，而充钱少的爆率低，不充的爆率和充钱多的一样，就是想让我们充多点呗，还总是圈钱和王者一样，每过几天就出，刚出完精绝女王，又出车皮，再来一个果宝特攻，钱都被你圈完了，主播爆率你自己清楚，桂哥开桂，就封几天，是怕不给你充钱，你心里清楚，有的还不封，有的才封几小时，但是挂哥还可以玩摸金，你这破游戏，祝你早日塌房,2026-07-20T04:56:10+08:00,taptap_review,moment:828130806856682307,1,TapTap,https://www.taptap.cn/review/49686249
真的再查挂吗?我的四队全是挂一把只活6秒，三吧有6个挂,2026-07-20T08:20:42+08:00,taptap_review,moment:828182280160674332,2,TapTap,https://www.taptap.cn/review/49686734
除了圈子里全都是小鬼和萌二还有全都是挂，其他都可以,2026-07-20T08:26:09+08:00,taptap_review,moment:828183649831617463,2,TapTap,https://www.taptap.cn/review/49686758
超自然非常好玩啊，希望我的爆率能更高一点，那就更好了。,2026-07-20T08:55:17+08:00,taptap_review,moment:828190982817188207,5,TapTap,https://www.taptap.cn/review/49686917
真正做到了除了棺，其它都能爆金,2026-07-20T08:57:56+08:00,taptap_review,moment:828191647438212846,4,TapTap,https://www.taptap.cn/review/49686930
那个躲猫猫游戏老师涂不了色，其他人也是这样的，只能那种白色的样子陪我999金砖[表情_生气][表情_生气][表情_生气],2026-07-20T09:36:12+08:00,taptap_review,moment:828201280445874904,3,TapTap,https://www.taptap.cn/review/49687164
"超自然给我出飞天神龙像
超自然给我出九龙九凤冠
超自然给我出祈愿圣杯
超自然我要小熊猫奶茶
超自然我要水晶之心
超自然我要月光宝盒",2026-07-20T11:33:04+08:00,taptap_review,moment:828230689013892727,3,TapTap,https://www.taptap.cn/review/49688309
大金爆率低,2026-07-20T11:56:08+08:00,taptap_review,moment:828236494933068648,1,TapTap,https://www.taptap.cn/review/49688554
不小心从桌面移除了，请问怎么卸载,2026-07-20T12:07:06+08:00,taptap_review,moment:828239254432780017,5,TapTap,https://www.taptap.cn/review/49688677
圈钱太多了 皮肤出了一个又是一个 而且越充越贬值 别人一发入魂 我充那么多抽 不是送垃圾就是送垃圾 桂多久算了 超自然 这么搞下去 真的没有可玩性 一星给了 也是便宜你的,2026-07-20T12:21:52+08:00,taptap_review,moment:828242968220536339,1,TapTap,https://www.taptap.cn/review/49688810
挂有点儿多,2026-07-20T12:28:22+08:00,taptap_review,moment:828244605001535361,1,TapTap,https://www.taptap.cn/review/49688881
"垃圾游戏好吧，圈钱圈的发狠忘情了吧，我所有游戏就属你这个小破游最发烫，最卡，最掉帧，四队全是挂，代码垃圾到都能被随意取出，摸个金也莫名其妙掉帧卡，莫名其妙500红网，5G卡成4G，你也赶紧收拾收拾下架得了，自己玩过吗整的阴的要死，有点阴的东西全来整玩家，自己圈钱圈爽了吧，垃圾游戏

🔖运营服务：
垃圾，圈钱速度比解决问题还快，实则不然根本不解决问题",2026-07-20T13:05:17+08:00,taptap_review,moment:828253896060175684,1,TapTap,https://www.taptap.cn/review/49689288
一开始玩的时候风气非常好，也很和谐，现在全是外挂，别说号黑了，一直都是和朋友玩四队，都没有人开过挂，现在每玩一局四队就是挂，洗号都没用，说白了外挂小游戏来的，爱摸金的，可以入坑，但是很无聊，没什么意思，官方也不会管这个挂，嘴少说说罢了，清者自清,2026-07-20T13:08:42+08:00,taptap_review,moment:828254754260912283,1,TapTap,https://www.taptap.cn/review/49689324
本人有点吃不惯这样的画风，玩几把就会晕,2026-07-20T13:41:28+08:00,taptap_review,moment:828263002372310893,4,TapTap,https://www.taptap.cn/review/49689729
虽然这个游戏带给我很多快乐吧，但那也只是以前，现在不只是朋友们都退游了，而且这个游戏环境差的要死多对一堆开挂的运气好的可以连着碰到，我本来想休息的时候放松一下，一进游戏玩着玩着死了，另外3个组队的队友tm不救我就算了还出言骂我，先不说我都没骂他们，他们卡那个超自然bug还有理了，开局就在那里朝外面飞，都不进去然后最后卡bug飞到核心区域打完boss就撤离了临走还要嘲讽我，我只是想放松一下的没想到更累了，打算退游了一个破游戏凭什么3人组队的能匹配到单人啊隔壁王者都没这机制不让4人组队，你考虑过我们单排的感受吗？一个人被三个人针对我草拟吗的再也不玩了,2026-07-20T14:05:23+08:00,taptap_review,moment:828269020317748108,2,TapTap,https://www.taptap.cn/review/49689963
我不行了，爆率太低了，外挂太多了，建议官方出个和平模式,2026-07-20T14:10:54+08:00,taptap_review,moment:828270407084673566,3,TapTap,https://www.taptap.cn/review/49690027
老他妈卡,2026-07-20T14:32:22+08:00,taptap_review,moment:828275809398555520,1,TapTap,https://www.taptap.cn/review/49690281
四队挂多，官方也不管，举报就封几个小时，还容易卡顿。,2026-07-20T14:50:05+08:00,taptap_review,moment:828280271462729470,3,TapTap,https://www.taptap.cn/review/49690482
开挂管都不管，不过呃其实挺好的，两极分化吧，能不能把这个冰弩大熊和这个兵俑给删了,2026-07-20T15:03:10+08:00,taptap_review,moment:828283562565306923,3,TapTap,https://www.taptap.cn/review/49690637
特别差，而且有挂哥也不管管,2026-07-20T15:14:20+08:00,taptap_review,moment:828286371545220118,1,TapTap,https://www.taptap.cn/review/49690759
很好玩大金多一点。,2026-07-20T15:23:01+08:00,taptap_review,moment:828288557314476663,5,TapTap,https://www.taptap.cn/review/49690877
纯粹的垃圾玩意，恶心到无法呼吸，满天的BUG自由飞翔，时不时断连更是常态，别的我就不多说了，只说明一点，超自然，垃圾玩意！,2026-07-20T16:09:48+08:00,taptap_review,moment:828300329773695586,1,TapTap,https://www.taptap.cn/review/49691423
是超自然到底在干什么？我刚进去，然后就给我卡没了，直接给我装备全卡没了网络满格，直接给我卡出去了[表情_生气],2026-07-20T16:17:40+08:00,taptap_review,moment:828302311959822530,4,TapTap,https://www.taptap.cn/review/49691526
嗯对官方对我还是挺好的第一抽就中了车皮然后我就去抽那个匕首的皮肤，两抽又中了到后面我去抽瑶台梦，一抽直接拿下当时运气还是不错的，我就去又充了一点抽狐妖的没想到五抽下来直接拿下狐妖20抽下来直接拿下海月嗯对我也没想到运气这么好，玩了500把，直接拿下四个圣杯，一个神龙，天下第一剑好像有200多个账号运气还不错所以我赏给了超自然一个648😋嗯，对，大概率就是没吹牛因为这些都是靠山带我打的[表情_酷],2026-07-20T16:48:25+08:00,taptap_review,moment:828310048286443386,5,TapTap,https://www.taptap.cn/review/49691937
皮肤歧视在游戏里较多，鬼屋风气开始变差了,2026-07-20T16:48:27+08:00,taptap_review,moment:828310059791421345,2,TapTap,https://www.taptap.cn/review/49691939
玩了一年多 观感极差体验极差 这不纯圈钱来的吗 从去年8月份开始圈钱 皮肤我出出出  Bug我鸟都不鸟你 骂我我装聋 你游最牛逼官方,2026-07-20T16:53:16+08:00,taptap_review,moment:828311269441274084,1,TapTap,https://www.taptap.cn/review/49691987
真无语，那个联合狩猎了，这游戏真的是越做越废  嗯抽个皮肤给我阴死了一个破皮肤几百块钱乐子吧，这死游戏[表情_吐]建议直接把稀有删,2026-07-20T16:53:25+08:00,taptap_review,moment:828311306636364489,1,TapTap,https://www.taptap.cn/review/49691994
虫谷爆率挺高，很满意(•‿•),2026-07-20T16:56:58+08:00,taptap_review,moment:828312202002826747,3,TapTap,https://www.taptap.cn/review/49692039
四队哥满天飞，给不给绿玩活路了？号也是黑的要死别人一周一个剑，我打了快4000把了才4把剑，到现在连个圣杯都还没解锁，其他大红也是想都不要想，除了水晶之心就没有解锁的大红了，大哥也是满天飞关你开出个兵勇是什么雷霆东西？抽皮肤也是啥也抽不到别人一发一个皮肤，到我这就是一堆没用的头像,2026-07-20T17:07:15+08:00,taptap_review,moment:828314790035196023,3,TapTap,https://www.taptap.cn/review/49692159
玩过，感觉现在已经变质了，首先我个人不喜欢赵露思，联动后我也没感觉到什么，商业交易嘛，能理解，但是自从把赵露思做进新手教程，用角色做明星皮套，和各种官方扫操作后，我感觉游戏就彻底变味了,2026-07-20T17:07:23+08:00,taptap_review,moment:828314822520080829,1,TapTap,https://www.taptap.cn/review/49692161
"抽奖爆率比较低，摸金爆率看人
游戏现在风气不好，很多挂
如果不是特别喜欢的话建议先别玩",2026-07-20T17:19:40+08:00,taptap_review,moment:828317915387268247,3,TapTap,https://www.taptap.cn/review/49692313
这个游戏呢，还蛮有意思的，就是太阴了。,2026-07-20T17:58:33+08:00,taptap_review,moment:828327697519215314,4,TapTap,https://www.taptap.cn/review/49692804
为什么我开大金大红就有那么多怪？,2026-07-20T18:11:58+08:00,taptap_review,moment:828331075313860850,3,TapTap,https://www.taptap.cn/review/49692991
狗史吧啥爆率新地图一出怪物都吻了上来单人都难撤没有莉莉玩不了服了,2026-07-20T18:17:44+08:00,taptap_review,moment:828332525083427931,1,TapTap,https://www.taptap.cn/review/49693059
好玩，两个号双开直接爽吃大金，玩的久了熟悉了跑图贼爽,2026-07-20T18:44:49+08:00,taptap_review,moment:828339340403802390,5,TapTap,https://www.taptap.cn/review/49693405
卡爆了,2026-07-20T18:55:31+08:00,taptap_review,moment:828342035453839943,2,TapTap,https://www.taptap.cn/review/49693536
不好玩，皮肤太贵了就知道圈钱，贵哥满天飞建模像3岁小做的还抄袭，正常说话也要被禁言，没谁了,2026-07-20T19:16:52+08:00,taptap_review,moment:828347408390817162,1,TapTap,https://www.taptap.cn/review/49693784
这啥子官方嘛，玩了那么久最后被盗号了手机号我都不知道是怎么换绑的，无语了去找客服给我说是正常换号不能找回啥阴间啊，游戏挂还多，盗号的一大堆充了1000多真服了,2026-07-20T19:22:49+08:00,taptap_review,moment:828348904603911583,1,TapTap,https://www.taptap.cn/review/49693835
"刚开一把对抗，就遇到挂了，这果堵车里面出都出不去
挂太多了，建议官方打压一下",2026-07-20T19:30:10+08:00,taptap_review,moment:828350757236376159,2,TapTap,https://www.taptap.cn/review/49693906
运营就是一坨，挂壁满天飞,2026-07-20T19:47:43+08:00,taptap_review,moment:828355169874871806,1,TapTap,https://www.taptap.cn/review/49694122
"玩法方面
1.内容太窄无论出多少个地图就是搜打撤pve 随便玩几把，就是无聊的要死。
2.一大堆没有用的角色比如逍遥，零，无心，看上去只能打四队
3.爆率要么高的要死要么低的要死 并且低概率的时候连棺材都刷不出来 然后还恶意刷一大堆怪物。
4.扩展玩法只能做出一些莫名其妙的怪物农场 然后ugc地图更是完全没有任何创新模块还少
美术方面
1.在高画质的情况下主页模型还是模糊的要死，商城皮肤角色展示页面就更模糊了。
2.死人价格50多块钱人家王者荣耀现在都学会首周折扣把史诗皮肤降到46了。
福利方面
1.只会送一些头套皮肤永远是要抽奖的直售也要50多
2.赛季方面不买氪金通行证就只有一大堆免费的动作然后送的道具夜视仪还少
3.60多块钱的赛季通行证就一个皮肤进阶版就是多一个头像框+一个没有特效的武器。

替大家踩过雷了大家千万不要玩这个游戏除非你就只喜欢玩摸金，6GB内存就下了一个只能摸金的游戏 摸金体验还糟糕。",2026-07-20T19:50:51+08:00,taptap_review,moment:828355962292143151,2,TapTap,https://www.taptap.cn/review/49694166
个人体验感还可以吧，虽然不好的地方也挺多，氪金发面，如果不介意原皮玩，其实不氪，但是对于不怎么喜欢原皮的来说，属于非常圈了,2026-07-20T19:52:49+08:00,taptap_review,moment:828356454443388118,5,TapTap,https://www.taptap.cn/review/49694192
这个游戏太好玩了，可以和朋友一起玩。,2026-07-20T19:59:58+08:00,taptap_review,moment:828358253837550298,5,TapTap,https://www.taptap.cn/review/49694268
录屏卡成ppt了但是爱玩,2026-07-20T20:21:28+08:00,taptap_review,moment:828363667018876791,5,TapTap,https://www.taptap.cn/review/49694504
在游戏圈里，就超自然做皮肤最快，剩下的屁都不管！唯一的优点就是宣传非遗文化和文物吧。。。,2026-07-20T20:28:52+08:00,taptap_review,moment:828365527809264606,3,TapTap,https://www.taptap.cn/review/49694575
这个游戏感觉挺好玩的有很多种玩法我最喜欢玩的就是怪物农场 其次是去摸金，我摸金比较喜欢玩古城但是每一局的爆率都很低只能找点垃圾凑凑比如金尊，金簪，金元宝什么的总体来说感觉还是比较好玩的，但是呢有时候也会无聊的。,2026-07-20T21:05:58+08:00,taptap_review,moment:828374862815824771,4,TapTap,https://www.taptap.cn/review/49695021
出了大金可以,2026-07-20T21:16:45+08:00,taptap_review,moment:828377579596549903,5,TapTap,https://www.taptap.cn/review/49695172
我是25年4月底入坑的，那时候环境也挺好，挂也少，大家也都很友善。那时候的四队都是逍遥+桃木剑组合，只要打赢一局就高兴一整天。不像现在全是临云+伞，零＋兔子+伞，外挂满天飞，超自然也不管管，只顾着圈钱了。开局出车门两秒就被挂隔着山打死，大厅招募严格都堪比考公。多队彻底烂透了，至于这个摸金官方自从出了昆仑秘境之后铲铲币就开始了贬值，先是300万的圣杯，后面又是500万的神龙和毣尘珠，我都不敢想啊这过几年铲铲币该贬值成什么样。还有惊魂逃生，怪物俱乐部.....之类的模式，官方已经100年不更新了，我就搞不懂了，这官方也不更新，玩家就只能图图新鲜感，没玩多久就腻了，那官方出这些模式的意义何在，用心做皮肤，用脚做游戏。如果是以前的超自然我可以给到夯，但现在我只能给到拉完了,2026-07-20T21:24:35+08:00,taptap_review,moment:828379546993559530,1,TapTap,https://www.taptap.cn/review/49695255
挂特别特别多，我开服玩家一个红都不给，地图也阴四的阴,2026-07-20T21:31:36+08:00,taptap_review,moment:828381316624943904,1,TapTap,https://www.taptap.cn/review/49695336
早退早解脱，官方圈钱力度已经比以前狠了，不能说不好玩但如果想给他充钱我劝还是算了，奖池里东西都差不多还很贵，如果能退就退吧,2026-07-20T21:41:35+08:00,taptap_review,moment:828383825565321520,1,TapTap,https://www.taptap.cn/review/49695445
平时出不了大金,2026-07-20T21:49:26+08:00,taptap_review,moment:828385801254473651,3,TapTap,https://www.taptap.cn/review/49695539
非常的好玩，特别适合跟朋友玩,2026-07-20T21:55:47+08:00,taptap_review,moment:828387400211238327,5,TapTap,https://www.taptap.cn/review/49695617
666好意思说大金我都不好意思看，我在重新下载之前全馆是灰的，我是有多少地方可以拿去放回收物的，全是紫色的破烂怎么出去，尿壶和镜子谁爱要谁要吧,2026-07-20T22:49:43+08:00,taptap_review,moment:828400972895095233,1,TapTap,https://www.taptap.cn/review/49696244
好圈，好圈，爆率好低,2026-07-20T22:51:03+08:00,taptap_review,moment:828401309450243683,2,TapTap,https://www.taptap.cn/review/49696269
额😑，总体感觉可以，就是对我有点不好，入坑到现在，一把大剑没有,2026-07-20T22:58:59+08:00,taptap_review,moment:828403307398564613,4,TapTap,https://www.taptap.cn/review/49696346
挂多,2026-07-20T23:06:56+08:00,taptap_review,moment:828405304889705967,1,TapTap,https://www.taptap.cn/review/49696456
虽然，但是吧已经退坑好久了我还记得我抽薇薇安那个金色的皮肤时一发入魂，也是我唯一一次给超自然充钱，但是后面他动我心肝，但是没办法，我好无聊，个人玩的体验嘛，觉得还行，就是感觉人物建模一般，还有怪物太多了我以前破产过好几次，气死我了,2026-07-20T23:20:12+08:00,taptap_review,moment:828408643270478487,3,TapTap,https://www.taptap.cn/review/49696622
爆率很高,2026-07-20T23:37:02+08:00,taptap_review,moment:828412881417537123,5,TapTap,https://www.taptap.cn/review/49696797
这款超自然题材游戏真的超出我的预期！整体氛围感打磨得特别细腻，昏暗场景、环境音效和细微的灵异细节搭配得恰到好处，惊悚感循序渐进，不会突然靠跳吓强行制造刺激，全程沉浸式体验拉满。剧情逻辑完整，各种灵异伏笔前后呼应，角色塑造立体，超自然设定新颖不烂俗，探索过程中一点点揭开诡异真相的感觉特别上头。难度设计很友好，解谜线索自然，卡关时也不会让人烦躁，通关后还有隐藏支线补充世界观，制作组能看出来用心打磨了细节，喜欢灵异、悬疑类游戏的玩家千万别错过！,2026-07-21T00:36:45+08:00,taptap_review,moment:828427907998156193,5,TapTap,https://www.taptap.cn/review/49697360
一坨天天抄抄抄抄不似你周年庆福利少的可怜都没见你给过一次好福利免费弄个紫皮丑成啥了四队一堆外挂还不管垃圾游戏快点下架吧[表情_喷],2026-07-21T01:46:32+08:00,taptap_review,moment:828445470094264015,1,TapTap,https://www.taptap.cn/review/49697892
牛逼，拿了一堆垃圾，怪好玩的,2026-07-21T02:59:46+08:00,taptap_review,moment:828463902030301053,4,TapTap,https://www.taptap.cn/review/49698214
"[表情_嫌弃]超自然古城出金太少但是怪不多适合新手四队就很难评了有挂建议把开挂的号封十年还有那些忘本莉莉和看到队友开出金眼红的去把怪引到队友那的和抢关的处理一下这样超自然风气会更好些
[表情_期待]超自然皮肤很好看而且超自然出的金都是中国厉史文化可以让更多人了解重点超自然官方也很细心能收到每一个玩家的反馈而且处理了虽然超自然抄袭了別的皮肤但是个人觉得游戏而己玩游戏不是为了开心吗为什么要在意那些细节
[表情_生气]最后重点超自然你给我多出点金如果变出神龙那些大金我就把踢沟里去！
我写了这么久希望你能看到",2026-07-21T03:21:33+08:00,taptap_review,moment:828469381188028322,5,TapTap,https://www.taptap.cn/review/49698284
开始玩的时候爆率挺高的，就是后面来上四队之后一摸金直接死，摸到大金也是直接死，总会莫名其妙，被怪物打死，前面不玩四队的时候爆率好高，就是被别人毁号了，之后我重新养起来了，就是摸金根本玩不了，只有四队才行，四对爆率比摸金好，而且死的概率低。,2026-07-21T06:14:33+08:00,taptap_review,moment:828512921477710762,4,TapTap,https://www.taptap.cn/review/49698677
用兰在蜀道入口练出大剑,2026-07-21T08:11:15+08:00,taptap_review,moment:828542288937355258,5,TapTap,https://www.taptap.cn/review/49699013
爆率可以高点,2026-07-21T08:31:07+08:00,taptap_review,moment:828547289130733116,5,TapTap,https://www.taptap.cn/review/49699125
希望调一下古城爆率,2026-07-21T08:39:03+08:00,taptap_review,moment:828549283467756460,5,TapTap,https://www.taptap.cn/review/49699171
挂比绿玩多,2026-07-21T08:52:07+08:00,taptap_review,moment:828552570405391253,1,TapTap,https://www.taptap.cn/review/49699246
"🌃画面音乐：
好玩",2026-07-21T08:55:12+08:00,taptap_review,moment:828553350210389336,5,TapTap,https://www.taptap.cn/review/49699266
外挂很多游戏体验感差,2026-07-21T09:28:43+08:00,taptap_review,moment:828561783865216518,1,TapTap,https://www.taptap.cn/review/49699480
超自然，我非常喜欢玩，你每次都在我最悲伤的时候给我一个大惊喜，包括你给我梦境出的那些，我很感谢你，我也谢谢。非常喜欢玩你，等我长大后一定要给你宠多多的钱。还有皮肤设计非常的美丽。漂亮还会封号，我要告诉你，超自然，你是一个非常用心的人。祝你在上海天天开心！,2026-07-21T09:30:49+08:00,taptap_review,moment:828562313152826823,5,TapTap,https://www.taptap.cn/review/49699498
这游戏挺好的  有好多忘本丽丽  带玩我玩兰的时候丽丽干紧下来看一下出大金吗  没出大金就附身在另一个兰无语  其实不玩丽丽的也挺忘本的…,2026-07-21T09:32:10+08:00,taptap_review,moment:828562650743964972,5,TapTap,https://www.taptap.cn/review/49699521
"第一颗星打给超自然的第一赛季
第二颗星打给在这里面遇到的朋友
第三颗星打给爱丽丝
第四颗星打给萌新时的自己
这个游戏正常来玩的话，其实挺好的，不建议充钱，大部分皮肤质量根本配不上那个价。",2026-07-21T09:36:54+08:00,taptap_review,moment:828563840676398082,4,TapTap,https://www.taptap.cn/review/49699548
本人想说一下爆率 忘本莉莉开挂以及磕cp的这些问题，你要是不想看的话 可以直接走了，怎么说呢，古城我个人觉得那个爆率差，希望官方可以改一改，而且忘本莉莉个人觉得也是有点多，也希望官方能出一个解决问题，不然的话 自己辛辛苦苦摸的金 他直接上交了🙄 没有别的号的人 那能怎么办啊，现在忘本丽丽都学精了 你邀他都不同意了😭 所以虽然说遇到的挂确实减少了，但是我想劝大家一下，就是，身边如果有4队开挂的朋友 尽量不要和他玩4队，因为这样的话 你的号也会变黑，因为我有个4队靠山 然后他的家长，是开挂的，然后我靠山的号变黑了 我靠山跟我玩 我的号也变黑了，现在我自己摸个野都能遇到挂🙄 还有就是昆仑，那个木偶个人觉得稍稍有点多🌚 然后爱丽丝魔盒 你看人家有过吗，零都有了，爱丽丝的呢？玩4队的时候 你还得等敌走，不然的话 那个尸体那么的抽搐，敌方不瞎🤧 还有你就是为啥要给米娅出魔盒啊？😭还有就是个人觉得 仅个人觉得，超自然的风气变差了，你说你们磕肖零的 你们就磕呗 骂零爱干嘛？那我还说没逍遥之前我们磕的都是这对呢🙄 然后个人觉得唯一能夸的点就是，你买68的魔盒不亏😂 如果觉得我有说的不对的地方 请告诉我 谢谢😘,2026-07-21T10:18:08+08:00,taptap_review,moment:828574220567972931,3,TapTap,https://www.taptap.cn/review/49699901
零宝好萌,2026-07-21T10:19:02+08:00,taptap_review,moment:828574445814681406,4,TapTap,https://www.taptap.cn/review/49699911
可以的，喜欢恐怖的可以不开宝宝模式，就是那个钓鱼🎣钓的我好恼火,2026-07-21T10:27:17+08:00,taptap_review,moment:828576524058757185,4,TapTap,https://www.taptap.cn/review/49699988
非常好玩，可以找与你一起玩的游戏搭子,2026-07-21T10:55:13+08:00,taptap_review,moment:828583553619986434,5,TapTap,https://www.taptap.cn/review/49700260
"🎮可玩性：
特别好玩",2026-07-21T10:55:15+08:00,taptap_review,moment:828583561366864693,5,TapTap,https://www.taptap.cn/review/49700263
爆率很高,2026-07-21T11:34:17+08:00,taptap_review,moment:828593383206292995,5,TapTap,https://www.taptap.cn/review/49700650
你的游戏我感到恶心，拿钱宣发广告，故意不给选项，强迫路人下载刷量,2026-07-21T11:38:14+08:00,taptap_review,moment:828594376438450911,2,TapTap,https://www.taptap.cn/review/49700698
我是薇薇安那个魔盒的时候入坑的  也给充过了300多 我没有见过任何一个游戏出皮肤速度能这么快 快就算了，质量根本配不上这个价格 我是因为朋友才入坑的 后面是朋友不玩之后我也就删了 最近这段时间又下回来了，结果还是感觉很烂,2026-07-21T11:41:13+08:00,taptap_review,moment:828595128347132781,2,TapTap,https://www.taptap.cn/review/49700731
最近的躲猫猫，一进就卡，恶心死了，怎么主播一玩就很顺，什么意思？还有氪金玩家每次都大保底，别跟我说看号白不白，去你的，怎么看钱多就大保底，烂厂里面吧,2026-07-21T12:37:56+08:00,taptap_review,moment:828609400179525468,1,TapTap,https://www.taptap.cn/review/49701388
忘记密码了怎么办,2026-07-21T12:51:20+08:00,taptap_review,moment:828612773691787186,4,TapTap,https://www.taptap.cn/review/49701525
爆率高,2026-07-21T12:54:23+08:00,taptap_review,moment:828613539722692791,5,TapTap,https://www.taptap.cn/review/49701560
"早点倒闭吧好吗？
这三个星星全部都打给我玩这么久认识的朋友花费的心血还有付出的真心
再说游戏画质一坨💩拉到最高也是💩皮肤是一直出的你自己看看那个排期嘴角笑裂开了吧？一天到晚就想着怎么⭕玩家⭕那么多能不能提升一下游戏之前还在官号信誓旦旦保证要做好游戏现在除了宣传排期让玩家花钱💸你还管什么？
摸金单排还好但凡匹配组队的还有开挂摸金辱骂玩家的举报都不封神了现在出的图也是💩
再说四队龙宫更是吧你摆烂的理念贯穿了好吧开挂根本不管还说管不过来谁信？到底摆烂到什么地步才能让那些挂吧封号当成炫耀的资本超自然你是睁一眼闭一只眼还是根本就没睁开过？

🎮可玩性：💩💩💩💩

🌃画面音乐：💩💩💩💩💩💩💩💩💩💩💩💩💩💩💩💩💩💩💩💩💩💩💩💩💩💩💩💩💩💩💩💩💩💩💩💩💩💩💩💩💩💩💩💩💩💩💩💩💩💩💩💩💩💩💩💩💩💩💩💩💩💩💩💩💩
总结：💩💩💩💩💩💩💩💩💩💩💩💩💩💩💩💩💩💩💩💩💩💩💩💩💩💩💩💩💩💩💩💩💩💩💩💩💩💩💩💩💩💩💩💩💩💩💩💩💩💩💩💩💩💩💩💩💩💩💩💩💩💩💩💩💩💩💩💩💩💩💩💩💩💩💩💩💩💩💩💩💩💩💩💩💩💩💩💩💩💩💩💩💩💩💩💩💩💩💩💩💩💩💩💩💩💩💩💩💩💩💩💩💩💩💩💩💩💩💩💩💩💩💩💩💩💩💩💩💩💩💩💩💩
评价全部出自真心你们感觉好就接着玩[表情_期待]",2026-07-21T12:58:44+08:00,taptap_review,moment:828614636780651644,3,TapTap,https://www.taptap.cn/review/49701609
新手建议玩兰，随便找点小紫，小白一练就可以出大金，嘻嘻ฅ՞Ⱉ՞ฅ ྀི,2026-07-21T13:04:59+08:00,taptap_review,moment:828616206566034184,5,TapTap,https://www.taptap.cn/review/49701676
这游戏真牛逼，头像都要审核，关键还不给过。,2026-07-21T13:21:46+08:00,taptap_review,moment:828620430666369278,1,TapTap,https://www.taptap.cn/review/49701853
感觉以前玩的时候没有那么卡 ，现在卡的要死 跟个OPPO A5一样 ，每次出金就有一堆怪来搞我 ，加上手机卡和怪物的联合狩猎 我真的有点玩不下去了 ，官方天天就知道管你那个皮肤 也不知道优化一下你的服务器跟个土豆一样 。,2026-07-21T13:23:11+08:00,taptap_review,moment:828620787140267007,3,TapTap,https://www.taptap.cn/review/49701868
可以练出大金。,2026-07-21T13:27:23+08:00,taptap_review,moment:828621843953879045,5,TapTap,https://www.taptap.cn/review/49701910
好玩，爆率能不能再高一点,2026-07-21T13:30:34+08:00,taptap_review,moment:828622645225325858,5,TapTap,https://www.taptap.cn/review/49701949
至今都不知道怎么录语音和开麦,2026-07-21T13:52:23+08:00,taptap_review,moment:828628137330870788,2,TapTap,https://www.taptap.cn/review/49702185
超自然真的就是爆率好的人天天大剑神龙，爆率差的人几十把不出一个好东西，我自己S2魔盒开始玩，我跟我姐一起玩的我姐平均2把一大剑我如果不跟她玩的话100把出不了一把，也创过小号氪过很多，真的爆率一坨💩，但凡运气好点我都不至于给差评,2026-07-21T13:54:50+08:00,taptap_review,moment:828628753440573965,1,TapTap,https://www.taptap.cn/review/49702219
爱上这个游戏了啊啊啊啊啊,2026-07-21T13:56:54+08:00,taptap_review,moment:828629273723013677,5,TapTap,https://www.taptap.cn/review/49702240
非常好玩，爆率还可以。,2026-07-21T14:17:09+08:00,taptap_review,moment:828634371865968870,5,TapTap,https://www.taptap.cn/review/49702493
来靠山吧,2026-07-21T14:17:21+08:00,taptap_review,moment:828634419152552897,3,TapTap,https://www.taptap.cn/review/49702499
依旧抄袭这一块，具体是抄袭的哪些游戏好难猜呀[表情_捂脸哭][表情_捂脸哭][表情_捂脸哭],2026-07-21T14:24:46+08:00,taptap_review,moment:828636287450745081,1,TapTap,https://www.taptap.cn/review/49702582
垃圾游戏继继⭕😂你游什么时候清除外挂和调爆率😂,2026-07-21T15:41:26+08:00,taptap_review,moment:828655579013582064,1,TapTap,https://www.taptap.cn/review/49703508
爆率高,2026-07-21T15:57:20+08:00,taptap_review,moment:828659582875208244,4,TapTap,https://www.taptap.cn/review/49703712
还得是昆仑啊，爆率还行,2026-07-21T16:08:31+08:00,taptap_review,moment:828662395621608269,4,TapTap,https://www.taptap.cn/review/49703873
好玩但是管管盗号的,2026-07-21T16:25:55+08:00,taptap_review,moment:828666776853155719,5,TapTap,https://www.taptap.cn/review/49704078
地龙也是阴，走着走着大运来袭。,2026-07-21T16:41:38+08:00,taptap_review,moment:828670732224430698,5,TapTap,https://www.taptap.cn/review/49704274
太崩溃了电脑操作那个影怪背起我我桃木剑都没拿出来就被打死了,2026-07-21T17:25:28+08:00,taptap_review,moment:828681762262486553,1,TapTap,https://www.taptap.cn/review/49704747
除了摸金，还有皮肤都可以自己买，还有铲铲币都可以自己获取之外，就是那个呃抽盲盒的话必须得要用钱，但是小学生的话不建议,2026-07-21T18:04:17+08:00,taptap_review,moment:828691529072642150,5,TapTap,https://www.taptap.cn/review/49705208
就是圈钱圈的有点多而且我的话嗯一发入魂比较多,2026-07-21T18:04:18+08:00,taptap_review,moment:828691533384388168,5,TapTap,https://www.taptap.cn/review/49705209
如果没有和赵露思联动就更好了,2026-07-21T18:07:48+08:00,taptap_review,moment:828692415664620985,3,TapTap,https://www.taptap.cn/review/49705246
皮肤好丑，但是好好玩，四队挂好多，但是越玩越上瘾，怎么办啊破产了!,2026-07-21T18:24:14+08:00,taptap_review,moment:828696550061377770,4,TapTap,https://www.taptap.cn/review/49705445
分黑白号，可玩性我个人觉得还可以，但是外挂太多，想在已经退坑了,2026-07-21T18:32:55+08:00,taptap_review,moment:828698736644325924,1,TapTap,https://www.taptap.cn/review/49705555
天天破产！四队外挂满天飞。四颗星因为我充钱了,2026-07-21T19:38:06+08:00,taptap_review,moment:828715139950709639,4,TapTap,https://www.taptap.cn/review/49706317
黑号爆率低,2026-07-21T19:46:57+08:00,taptap_review,moment:828717366836725994,3,TapTap,https://www.taptap.cn/review/49706409
一堆bug全是挂，挂钩满天飞还天天圈钱。,2026-07-21T19:47:26+08:00,taptap_review,moment:828717486928038126,1,TapTap,https://www.taptap.cn/review/49706414
我抓怪的时候猴子老攻击我。,2026-07-21T20:09:29+08:00,taptap_review,moment:828723037133080714,1,TapTap,https://www.taptap.cn/review/49706667
下载慢的要死,2026-07-21T20:15:28+08:00,taptap_review,moment:828724542774970620,1,TapTap,https://www.taptap.cn/review/49706736
里面很多玩家洗号，故意送死，消极游戏伤害队友，纯恶心,2026-07-21T20:19:49+08:00,taptap_review,moment:828725639547716765,1,TapTap,https://www.taptap.cn/review/49706777
暴率真的高,2026-07-21T20:34:59+08:00,taptap_review,moment:828729453533201616,5,TapTap,https://www.taptap.cn/review/49706946
很好玩就是有的怪太难打了,2026-07-21T20:37:49+08:00,taptap_review,moment:828730167630235584,5,TapTap,https://www.taptap.cn/review/49706983
总体的话，这个游戏还挺不错的，我感觉挺好玩的 嗯，对，好评了,2026-07-21T20:50:44+08:00,taptap_review,moment:828733418660432327,4,TapTap,https://www.taptap.cn/review/49707143
奶奶的，老子已上线，他妈的那个伟人模式都不给我出干啥的啥鸡巴意思吧,2026-07-21T21:10:22+08:00,taptap_review,moment:828738358594243239,1,TapTap,https://www.taptap.cn/review/49707383
我是看短剧的时候刷到这个广告说这个皮肤免费送我才下载玩的，但是我一进游戏发现这个皮肤好像得花钱抽啊，这纯纯的虚假宣传吧,2026-07-21T21:12:19+08:00,taptap_review,moment:828738850451886038,1,TapTap,https://www.taptap.cn/review/49707409
爆率太高了,2026-07-21T21:13:14+08:00,taptap_review,moment:828739078571690045,5,TapTap,https://www.taptap.cn/review/49707420
也非常好玩，不错，画质还很好，还不怎么恐怖吓人，建议别充,2026-07-21T21:21:24+08:00,taptap_review,moment:828741137819765366,5,TapTap,https://www.taptap.cn/review/49707518
这游戏我是去年入坑的 当时觉得挺有意思和朋友天天玩 途中还开过挂 不过玩到后面越来越没意思了 爱丽丝不加强没魔盒背景故事也没有 出的角色越来越超模 一心偏向新角色 挂越来越多 身边的朋友都退游了 这游戏放到以前还是可以当个普通的娱乐游戏玩的 现在全是皮肤歧视 鬼屋⭐压抑配种房 串串越来越多 各大cp皮套也出现 爱丽丝作为你游看板娘 连新的联动皮都是玩家催的 你是在后面数钱数到手软 不如看看你那个建模做的啥 一个幻梦皮要我几百几千 虽说钱是拿去捐给大山孩子 但也不至于贵到这个程度 你很缺钱吗？ 到了后面连头像每天只能换一次的都来了 片哥片姐那头像官方审核员看了笑了没 目前已淡游 官方你再这样下去 我看你游戏得烂成啥样🌹🌹👍🏻,2026-07-21T21:22:00+08:00,taptap_review,moment:828741288705656740,3,TapTap,https://www.taptap.cn/review/49707530
玩法多样，但有些恐怖因素，胆小误入。,2026-07-21T21:32:25+08:00,taptap_review,moment:828743909935940410,4,TapTap,https://www.taptap.cn/review/49707675
什么叫古城地上出现了一个飞天神龙像,2026-07-21T21:42:50+08:00,taptap_review,moment:828746531220753263,5,TapTap,https://www.taptap.cn/review/49707805
这个四队太肥美了 全是红玩,2026-07-21T21:46:58+08:00,taptap_review,moment:828747568958670434,1,TapTap,https://www.taptap.cn/review/49707855
"打扰到大家很抱歉但是希望大家能看一下
此号已黑，以后如果有排到请多多针对",2026-07-21T21:59:10+08:00,taptap_review,moment:828750641873555312,1,TapTap,https://www.taptap.cn/review/49708012
大概，就是，炫耀来了，五棺图，一个金棺，两个普棺出金，爽歪歪[表情_酷][表情_大笑],2026-07-21T22:00:51+08:00,taptap_review,moment:828751064458070703,5,TapTap,https://www.taptap.cn/review/49708033
上一手难度低,2026-07-21T22:42:15+08:00,taptap_review,moment:828761480957526808,5,TapTap,https://www.taptap.cn/review/49708552
爆率越来越低，为了那些开挂找棺的人把棺材爆率降低只能说神了。充钱了涨爆率，我零氪S1入坑，刚开始觉得爆率正常，2把一大金，结果玩了2个赛季一把大剑都没出过，更不用说圣杯。从S3退游了，越打越穷怎么玩？,2026-07-21T22:56:22+08:00,taptap_review,moment:828765033486878441,1,TapTap,https://www.taptap.cn/review/49708722
很不错的一款游戏 可玩性还不错,2026-07-21T23:00:06+08:00,taptap_review,moment:828765974751610133,3,TapTap,https://www.taptap.cn/review/49708764
嘻嘻第3发出的,2026-07-21T23:05:35+08:00,taptap_review,moment:828767352622417981,5,TapTap,https://www.taptap.cn/review/49708832
像个无底洞，你要一个一个人都充很多都喂不饱他,2026-07-21T23:07:58+08:00,taptap_review,moment:828767955310349727,5,TapTap,https://www.taptap.cn/review/49708856
希望能再欧点。。有时候爆率太低了，四队那么多挂官方能不能管管,2026-07-21T23:11:39+08:00,taptap_review,moment:828768882297668929,4,TapTap,https://www.taptap.cn/review/49708901
刚回归打四倍，赠送一个大金,2026-07-21T23:31:11+08:00,taptap_review,moment:828773797376034103,3,TapTap,https://www.taptap.cn/review/49709140
爆率呃。。嗯挺好的嗯对,2026-07-21T23:43:10+08:00,taptap_review,moment:828776811319001496,3,TapTap,https://www.taptap.cn/review/49709273
"致我曾经热爱过的游戏：
我在2025年4月1日，在只有小黄到阿念四个角色的时候入的坑的，我觉得我已经算得上是老玩家了，玩了那么久，我觉得超自然一直在走下坡路，越玩越没有味越玩越无聊，四对模式新角色越来越轮椅，武器越来越超标，外挂泛滥，摸金模式无脑增添一堆莫名其妙的大红大金和一些超标的怪物，新模式出了之后，玩几天就不想玩了，而且也不会有更新什么的，现在已经有些淡游了想退游了，要不是游戏里有我心肝早不玩了🥱
致敬皮套最少的游戏，官方最听劝的游戏，皮肤排期最公平的游戏，分化最不严重的游戏，角色武器越做越不超标的游戏，不最不圈钱的游戏，皮肤做的最不敷衍的游戏，角色最不拿来卖惨的游戏，热门角色最不拿来圈钱的游戏😥
说到最后还是感觉很心累，玩了那么久努力了这么久养的号，一下子感觉没有什么意义了，刚开始玩觉得很新奇一直摸金，摸金摸累了觉得四队很新奇就去练打架，打架打累了就感觉真的没有什么好玩的了，新模式真的只能玩个一两天玩久之后就没有新鲜感了
我真的很希望官方能把游戏做得越来越好，从大家口中总是说是抄袭的小破游弄到市面上，希望官方能多整治外挂，尊重玩家的感受，不要一味的出皮肤去圈钱，也希望官方不要再把热门的角色拿来做累充当成圈钱的工具😔
我真的有在希望超自然能做得越来越好，但是我能看到的只有是一味的出新地图和皮肤，无脑的增加各种莫名其妙的东西，我现在对这个游戏的热爱只是因为有我心肝在里面了
其实淡游原因还是因为太过于无聊了，自己单排真的没有什么味道，我是一个比较内向的人吧，不太敢在公屏或者是鬼屋找人一起玩，我的技术也不太好，总怕玩的时候拖累别人，所以在这里我也希望超自然能出一个大厅像很多游戏那种像岛屿一样的，可以自由走动互动的一个地方，至少这样子，可以方便大家交友什么的吧😵‍💫
一个人玩到最后也不知道该玩些什么了，最后还是希望超自然可以越做越好吧，才出道一年能做成这样其实已经很不错了吧，希望后续不要让我们失望😮‍💨",2026-07-21T23:49:13+08:00,taptap_review,moment:828778335122227835,4,TapTap,https://www.taptap.cn/review/49709334
只会骗钱,2026-07-22T00:01:52+08:00,taptap_review,moment:828781518762543389,1,TapTap,https://www.taptap.cn/review/49709467
真的无语 新地图上新蛇妖拿它一点招没有 像一个神经病一样 没惹它就攻击你 莫名其妙 而且开棺的动画没有保护 怪就库库打你 你还一点招没有 还要等动画  新地图连弩一个道上两三个弩 问题多的要命也不知道改 就知道库库出皮肤😤😤,2026-07-22T00:10:47+08:00,taptap_review,moment:828783760710304779,1,TapTap,https://www.taptap.cn/review/49709548
爆率增加一下,2026-07-22T00:22:27+08:00,taptap_review,moment:828786698988031829,5,TapTap,https://www.taptap.cn/review/49709642
想要练出鬼玺的话。先一个金色簪子。一个铲子，一个铜镜，还有一个忘了，然后呢，我就练出来鬼玺了。呃特别好呀,2026-07-22T00:30:14+08:00,taptap_review,moment:828788657585392166,5,TapTap,https://www.taptap.cn/review/49709712
天天卡退了,2026-07-22T01:12:10+08:00,taptap_review,moment:828799211486054844,5,TapTap,https://www.taptap.cn/review/49710057
你的反作弊系统是猪弄的吗,2026-07-22T01:32:39+08:00,taptap_review,moment:828804365895598830,1,TapTap,https://www.taptap.cn/review/49710198
这游戏开服就入坑，只能说“借鉴”致命公司（无论是从地图，道具还是怪物机制），后面也在被其他游戏借鉴（只能说灵感枯竭就只会抄这一块）。从s2往后开始出这些乱七八糟皮肤我就意识到这游戏已经开始不行了，出就出还与价格完全不符。明明可以老老实实做一个恐怖题材类的摸金游戏，非得搞那么多抽象东西比如动作。从可玩性上来讲玩个几天就没有任何新鲜感可言了，氛围感还行，但是那堆抽象动作直接变成搞笑游戏，那你也确实可以说是“最欢乐的恐怖游戏”。但最后的效果是我看到了一个只会无脑跟风热梗和抄袭并缝合其他游戏的神人策划。本来只想打一星的，多给的一颗是对致命公司的情怀,2026-07-22T02:06:23+08:00,taptap_review,moment:828812852373488967,2,TapTap,https://www.taptap.cn/review/49710406
容易赚大金。怪物现在也不是很多。出大金又高。随便挖个土也可以出大金,2026-07-22T02:13:45+08:00,taptap_review,moment:828814709581940282,5,TapTap,https://www.taptap.cn/review/49710444
各位外出寻找伪人的工友注意一下⚠️四人场外勾上演cs流，在摸金和四队对抗的途中看到如下几人请务必远离,2026-07-22T02:15:07+08:00,taptap_review,moment:828815050255893499,4,TapTap,https://www.taptap.cn/review/49710451
各位外出寻找伪人的工友注意一下⚠️四人场外勾上演cs流，在摸金和四队对抗的途中看到如下几人请务必立即绞杀。感谢各位工友的配合,2026-07-22T02:16:17+08:00,taptap_review,moment:828815345652337070,5,TapTap,https://www.taptap.cn/review/49710459
"🎮可玩性：
很有趣，摸金刺激，很真实",2026-07-22T06:43:06+08:00,taptap_review,moment:828882494156704894,5,TapTap,https://www.taptap.cn/review/49711149
爆率加高古城地图调亮点，多出免费获得的道具皮,2026-07-22T06:54:55+08:00,taptap_review,moment:828885466383125251,3,TapTap,https://www.taptap.cn/review/49711190
五星是因为我在这里结识了不少朋友，超自然这个游戏一直在圈啊，挂也不管，一直在那儿琢磨新皮肤，新地图的那个蛇妖和戏偶两个人一直在联合狩猎我，如果你要玩儿的话，最好先找个人带你一下，如果你要充钱的话，我只能说你得多考虑考虑，这个游戏我感觉它是卖号贬值最多的,2026-07-22T06:56:12+08:00,taptap_review,moment:828885789046736456,5,TapTap,https://www.taptap.cn/review/49711195
我交到了很多朋友，它让我很放松，因为我很压抑所以它让我很放松，而且里面还有很多可爱的怪物，比如小狐狸，猫头鹰……还可以拍照打卡,2026-07-22T08:32:49+08:00,taptap_review,moment:828910103905176315,5,TapTap,https://www.taptap.cn/review/49711553
"《超自然行动》把灵异探案和团队协作结合得很有看点，整体氛围感塑造十分出色。剧集以各类都市怪谈、诡异灵异事件作为案件载体，主角小队游走在常规执法无法触及的超自然领域，一边破解怪事背后的真相，一边揭开世界观里隐藏的秘密。
 
优点方面，悬疑节奏把控得当，灵异惊悚戏份不会过度浮夸，很多诡异现象最后兼顾奇幻设定与逻辑推理，人物群像塑造立体，队员各有能力和性格，并肩办案的羁绊很戳人，既满足了猎奇爱好者对超自然题材的喜好，又有刑侦破案的爽感。
 
美中不足的是部分支线案件套路化较重，后期主线伏笔铺开速度偏慢，个别超自然能力的设定没有完整细化，容易出现战力轻微失衡的问题。
 
整体来看，这是一部合格的奇幻悬疑类作品，喜欢灵异探案、小队冒险题材的观众很值得一看，如果后续优化剧情节奏，完善设定细节，观感会更上一层楼。",2026-07-22T09:00:31+08:00,taptap_review,moment:828917075811503082,5,TapTap,https://www.taptap.cn/review/49711715
超自然特别好，最近爆率也特别高，似乎也没有太多外挂了。那就是我建议一下薇薇安的魔盒能不能返场？,2026-07-22T09:13:09+08:00,taptap_review,moment:828920255081349849,5,TapTap,https://www.taptap.cn/review/49711823
撤离金额这些都还是可以的，就是我摸了几百把龙宫，就是摸不了神龙，好难受 ⸝⸝⸝ ╸▵╺⸝⸝⸝,2026-07-22T09:19:53+08:00,taptap_review,moment:828921950037345276,5,TapTap,https://www.taptap.cn/review/49711875
官方一直在管挂，也不会误封了,2026-07-22T10:31:21+08:00,taptap_review,moment:828939931798736852,5,TapTap,https://www.taptap.cn/review/49712503
风气烂的一批，低龄遍地走,2026-07-22T10:57:39+08:00,taptap_review,moment:828946551001842651,1,TapTap,https://www.taptap.cn/review/49712783
好玩个蛋[心动小镇_养猫],2026-07-22T11:28:17+08:00,taptap_review,moment:828954261156005521,5,TapTap,https://www.taptap.cn/review/49713093
喜提大金,2026-07-22T12:28:38+08:00,taptap_review,moment:828969447585745907,5,TapTap,https://www.taptap.cn/review/49713752
爆率太低了能不能调一下爆率！！！,2026-07-22T12:35:22+08:00,taptap_review,moment:828971143372212520,1,TapTap,https://www.taptap.cn/review/49713834
最牛逼的人物了,2026-07-22T12:53:48+08:00,taptap_review,moment:828975781848813182,4,TapTap,https://www.taptap.cn/review/49714046
还行，挺好玩的，就是太卡了😭兰的技能太厉害了,2026-07-22T12:59:53+08:00,taptap_review,moment:828977312216124956,4,TapTap,https://www.taptap.cn/review/49714120
当最忧郁之人,2026-07-22T13:06:56+08:00,taptap_review,moment:828979088940075902,5,TapTap,https://www.taptap.cn/review/49714208
心情好这一星你拿了吧。挂是封不掉的。爆率是低下的。搞不懂一个梦局给一个破音响皮肤有什么用？除了圈还会干嘛一次性联动两个，就给个破艾伦的皮肤。你觉得你很大方吗？老玩家的灵气多的用不完。新玩家要攒一大半天。出个新角色还要直接送，所以说你们的意义是在？,2026-07-22T13:12:17+08:00,taptap_review,moment:828980435361992551,1,TapTap,https://www.taptap.cn/review/49714262
求求了🙏管管开挂的,2026-07-22T13:13:43+08:00,taptap_review,moment:828980794977419634,1,TapTap,https://www.taptap.cn/review/49714285
觉得可玩性还是很高的,2026-07-22T13:19:48+08:00,taptap_review,moment:828982326250701521,5,TapTap,https://www.taptap.cn/review/49714357
"对于这个游戏，我的看法主要是
他不去管那些挂，专心心琢磨那些新皮肤 
另外就是我在这个游戏充了一些钱，应该算个中氪 也不是舍不得那些钱 主要是还有十多个朋友在陪我玩 最近这个游戏退游的玩家越来越多了 我也不知道我能坚持多久 他给我带来的感觉。就比较治愈吧 虽然说一开始是恐怖游戏",2026-07-22T13:23:35+08:00,taptap_review,moment:828983278315769670,4,TapTap,https://www.taptap.cn/review/49714406
可以的 有时候福利挺肥 就是最近惊魂逃生，不知道是不是个人感觉那个bug有点多了，官方也不修 有一次就遇到过 队友挂在假门那边救不了身体又在隔壁空气那边很远的一个地方靠去救有救人的按钮 但是又救不下来，点了没用 额 萌新时期账号机制也很好 以前萌新的时候偶尔遇见精绝古城楼兰 现在几乎都没遇见过 运气也很好 最早账号是第二赛季入坑的 只能说超自然。这一段萌新时期还挺好玩 里面还有很多好工友 只不过后续有点不好玩了,2026-07-22T13:26:39+08:00,taptap_review,moment:828984047043609416,5,TapTap,https://www.taptap.cn/review/49714440
可以把大金概率开大,2026-07-22T13:29:36+08:00,taptap_review,moment:828984792597922682,5,TapTap,https://www.taptap.cn/review/49714473
爆率有时候高，有时候低，总言而知，非常好玩，非常推荐,2026-07-22T13:40:52+08:00,taptap_review,moment:828987627255365787,5,TapTap,https://www.taptap.cn/review/49714601
出金率太少了，我的号太黑了,2026-07-22T14:05:06+08:00,taptap_review,moment:828993725362342621,3,TapTap,https://www.taptap.cn/review/49714907
爆率特别高，超自然牛福666,2026-07-22T14:19:24+08:00,taptap_review,moment:828997323093708088,5,TapTap,https://www.taptap.cn/review/49715099
这个游戏还行吧，一直摸棺连个灰都没有。,2026-07-22T14:24:50+08:00,taptap_review,moment:828998691200175778,5,TapTap,https://www.taptap.cn/review/49715174
出好几次大金了，画质也特别好,2026-07-22T14:24:54+08:00,taptap_review,moment:828998706094148723,5,TapTap,https://www.taptap.cn/review/49715176
艾伦好玩！超自然牛逼,2026-07-22T14:28:06+08:00,taptap_review,moment:828999513376031682,5,TapTap,https://www.taptap.cn/review/49715215
依旧最高爆率新地图，依旧215龙宫，这个爆率是？你炼狱的图你刷怪那么多，那应该就是高风险高回报的，不是高风险低回报好吗😂😂😂,2026-07-22T14:39:03+08:00,taptap_review,moment:829002270078144037,1,TapTap,https://www.taptap.cn/review/49715356
真的特别好玩，怪物也特别好看，我最喜欢的角色是巫灵儿，机智也比较好，就是bug比较多,2026-07-22T14:46:24+08:00,taptap_review,moment:829004117291566909,5,TapTap,https://www.taptap.cn/review/49715447
网卡加对电脑端，真的很卡很卡，玩一些PVP的话，就是直接500加了，然后呢网的话比较好的，然后呢就直接就500,2026-07-22T14:51:38+08:00,taptap_review,moment:829005434940558010,1,TapTap,https://www.taptap.cn/review/49715520
懒得喷好不容易想着回游一下一进去地图就一下闪退都糟糕成这样了吗？,2026-07-22T15:25:20+08:00,taptap_review,moment:829013917815539059,1,TapTap,https://www.taptap.cn/review/49715976
还可以，S1赛季入坑的，S4还在玩，跟朋友玩的话是很有趣的，单人玩的话会有一点难，一年玩家，平常不怎么玩，打了500多局，出了一把大剑，打了1000万，挺好玩的,2026-07-22T15:25:37+08:00,taptap_review,moment:829013986434355113,3,TapTap,https://www.taptap.cn/review/49715979
普通出大金了，非常开心😋,2026-07-22T15:27:10+08:00,taptap_review,moment:829014379390305443,5,TapTap,https://www.taptap.cn/review/49716009
爆率很高,2026-07-22T15:32:03+08:00,taptap_review,moment:829015606530411765,5,TapTap,https://www.taptap.cn/review/49716082
就是蛇妖有点太拉了吧……,2026-07-22T15:53:49+08:00,taptap_review,moment:829021084777975197,4,TapTap,https://www.taptap.cn/review/49716394
一点也不好玩，还是个抄袭游戏[表情_汗]而且也是刷个视频，全都是这个广告，而且谁认识什么赵露思啊，有病[表情_惊恐][表情_汗]真是搞不懂为什么身边的朋友都喜欢玩这个游戏，而且那个抽皮肤的那个机制我也懒得说，要的钱越抽越多 ，真的是服了，而且大多数皮肤都是抄袭来的，又不好看，乐子游戏,2026-07-22T15:59:55+08:00,taptap_review,moment:829022621751312952,1,TapTap,https://www.taptap.cn/review/49716474
老闪退,2026-07-22T16:01:14+08:00,taptap_review,moment:829022950257592576,1,TapTap,https://www.taptap.cn/review/49716492
圈钱行动组谢谢 外挂是不管的 钱是要圈的 一进去充钱项目跟不要钱一样跳出来 这时候就有人问了那你别充呗 那我问你 超自然哪个皮肤是不充钱就有的?你说有免费皮呀 我问你 要你做一周任务还不一定拿到 这游戏做出来干什么?角色一个比一个超模 四队也算是最热门的一个玩法吧?玩家开挂破坏游戏平衡管了吗?我反正是举报了三天也没有具体处罚 拿无心来说 隐身杀人cd重置 那还玩什么?再配上特色外挂 根本看不到人就已经下一把 举报界面完全摆设 再或者说临云 三下眩晕 再配上手法伞只要不会应对三下后必死 这还玩什么?更不用说看到零和逍遥cp热度高开始在档案卖cp 甚至请cp画师来画海报 在cp视频下回复 甚至游戏内各个地图爆率也是 为了炒虫谷 降低其他地图爆率也是真厉害 就继续私募操作吧,2026-07-22T16:02:50+08:00,taptap_review,moment:829023354953401948,1,TapTap,https://www.taptap.cn/review/49716515
"挂钩我要把你法死

🌃画面音乐：
一般般，高画质下和高帧率下玩飞天特别好

🎮可玩性：
还是可以的但是玩了一段时间可能就有点无聊了",2026-07-22T16:42:04+08:00,taptap_review,moment:829033229032883677,4,TapTap,https://www.taptap.cn/review/49716972
出金的该率非常大[表情_开心],2026-07-22T17:19:48+08:00,taptap_review,moment:829042724064724801,5,TapTap,https://www.taptap.cn/review/49717458
"也是非常的好玩啊 模式多 

我家阿念收你来了",2026-07-22T17:20:38+08:00,taptap_review,moment:829042933238858698,5,TapTap,https://www.taptap.cn/review/49717468
摸出大金的可能性非常高，建议来玩！！！,2026-07-22T17:21:45+08:00,taptap_review,moment:829043212143298122,5,TapTap,https://www.taptap.cn/review/49717486
"恶心 里面很多人机刷屏,还有买片的,一群低龄",2026-07-22T17:23:57+08:00,taptap_review,moment:829043768450614728,1,TapTap,https://www.taptap.cn/review/49717518
啥时候能管一下外挂呀。我第一次看见挂骑在正常玩家头上的,2026-07-22T19:09:55+08:00,taptap_review,moment:829070435285993561,3,TapTap,https://www.taptap.cn/review/49718766
更新完主页画质清晰了但是点起来真卡，还有今天玩了两把，我就想找点种的植物，龙宫金棺全是金樽重连4到5次，然后换个简单的古城重连n次进去之后结束对局了，广电的卡不行，家里的网不行，移动的卡还不行，卡蒙我了玩这么长时间就这次卡最狠了，有没有跟我一样的，都卡服了玩不了一点,2026-07-22T19:31:15+08:00,taptap_review,moment:829075803789594206,1,TapTap,https://www.taptap.cn/review/49718979
之前爆率还行，现在爆率感觉金棺很高，三把，一把大剑一把圣杯,2026-07-22T19:51:13+08:00,taptap_review,moment:829080826955170115,4,TapTap,https://www.taptap.cn/review/49719203
😂拉完了，学生党或没钱的别充，皮肤就是丑，爆率还恶心要不然就是一堆怪，死爆率不会调自己种地去，融AI抄袭，也就只是玩家习惯了不在意，被抄袭那几家要是是LV给你告死了懂吗，自己那个建模做成啥了还好意思圈，一个破皮肤上千也不看自己配不配，还有你那个土豆服务器，有那时间就知道圈钱不考虑玩家游戏体验，5G网好意思卡你自己觉得好不好笑，前期立听劝人设，后期告背刺圈钱无视玩家反馈，要不是玩家你哪来的钱圈，还好意思蹬鼻子上脸了，一堆外挂也不舍得严打，游戏玩家对外挂也觉得习以为常的风气到底有没有参与自己心里清楚，你要是知道有听取玩家意见会有这么多事吗，好好听玩家劝好好做皮肤改bug也不会那么多事，现在一堆烂风气黄小鬼一大堆，一堆低龄的游戏还有那么多性压抑，你按照前期那样好好立人设玩家那么多有慢慢圈又不是会破产，玩家的钱又不是刮来的，我说白了就是拉完了😂😂,2026-07-22T19:54:03+08:00,taptap_review,moment:829081541995921750,1,TapTap,https://www.taptap.cn/review/49719234
充了4000号被盗了客服申诉也找不来。。我觉得这个游戏有朋友一起玩才好玩，有趣的是朋友。。,2026-07-22T20:44:55+08:00,taptap_review,moment:829094343930285561,2,TapTap,https://www.taptap.cn/review/49719882
难玩的钥匙 我就出了个小金 他就说让我评价 给个好评 我不行了吧 所有的怪物都妖起来 鬼都没边了 旁边的鬼看完都得跳米缸里,2026-07-22T21:04:33+08:00,taptap_review,moment:829099283713098701,1,TapTap,https://www.taptap.cn/review/49720088
靠这怎么玩连wifi自动下载就算了，md我进游戏了也下卡死不知道多少次了，服了,2026-07-22T21:18:04+08:00,taptap_review,moment:829102683288766412,2,TapTap,https://www.taptap.cn/review/49720248
大哥我找不回我以前的账号了之前都是toptop直接登录现在咋不行求你们了我该充了钱,2026-07-22T21:23:25+08:00,taptap_review,moment:829104030520183463,5,TapTap,https://www.taptap.cn/review/49720305
不建议玩，游戏垃圾，5颗星给到一颗都是高看了，挂一堆 ，性压抑的一堆，皮套的一堆，神人也一堆，素质也差，挂特别多，还皮肤歧视，一点游戏体验感都没有。挂是不管的，钱是必须圈的，账号还特别贬值，多队淘汰榜一大部分都是挂,2026-07-22T21:32:44+08:00,taptap_review,moment:829106377870805814,1,TapTap,https://www.taptap.cn/review/49720435
"🎮可玩性：
挺好玩的",2026-07-22T22:29:26+08:00,taptap_review,moment:829120644930077790,4,TapTap,https://www.taptap.cn/review/49721184
我在里面认识了好多人，里面的人大多数都很好,2026-07-22T22:37:17+08:00,taptap_review,moment:829122619373520639,5,TapTap,https://www.taptap.cn/review/49721274
"🎮可玩性：
好玩，有意思

✍🏻建议：
胆子小的可以关音乐",2026-07-22T22:40:45+08:00,taptap_review,moment:829123491310601766,5,TapTap,https://www.taptap.cn/review/49721322
"🎮可玩性：
100%",2026-07-22T22:44:33+08:00,taptap_review,moment:829124448962482100,5,TapTap,https://www.taptap.cn/review/49721387
出大金的概率很高。,2026-07-22T23:04:40+08:00,taptap_review,moment:829129509679663355,5,TapTap,https://www.taptap.cn/review/49721621
气死我了，爆率能不能调调，把把都撤不出去，等下就卸载,2026-07-22T23:11:15+08:00,taptap_review,moment:829131168912770991,1,TapTap,https://www.taptap.cn/review/49721702
怎么说呢，对热门角色厨有点不友好，想要全皮只能氪。并且都是累冲数额还不低。只能说一般吧,2026-07-22T23:46:55+08:00,taptap_review,moment:829140145335700553,3,TapTap,https://www.taptap.cn/review/49722116
我玩其他游戏一直给我自动下载这个游戏，关也关不掉，暂停也暂停不了，太恶心了,2026-07-22T23:47:55+08:00,taptap_review,moment:829140395689510795,1,TapTap,https://www.taptap.cn/review/49722137
很好，只是如果四队挂少一点，摸金挂少一点，还有节日是发点福利，节日少搞一些充值福利可能会好一些，或者可以作任务得什么什么，皮服道具，头像，头像框之类的，或者是可以出一个新手指导，那些新手知道摸金符放在腰包里面不能用，腰包不能装宝物之类的，希望超自然官方能听我一回,2026-07-23T00:40:16+08:00,taptap_review,moment:829153568354206622,5,TapTap,https://www.taptap.cn/review/49722698
一星也不想给 动不动就卡 卡成一帧一帧的了 别说我手机不好 我其他游戏可好好的 就超自然这么卡 有时候刚退出回个消息回来就直接退出了 那些开挂的更不想说 恶心的要死 还动不动卡退 兵俑隔老远就能打到人 残血一打一个摸金符 蹲着也能打到血还厚 最可气的就是动画特效 有特效是挺好的 但tm的为啥在看特效的时候怪物可以攻击人？恶不恶心啊 特效那么长 怪物围着你打 动也动不了就只能看着自己死 石头剪刀布到时候脚底下出现了个史莱姆 直接把我三个摸金符弄没了 再就是蛇妖 恶心的要死 我直接没话说蛇妖 亖基佬去亖好吗,2026-07-23T01:09:24+08:00,taptap_review,moment:829160903478872355,1,TapTap,https://www.taptap.cn/review/49722954
超自然你对得起谁,2026-07-23T01:18:42+08:00,taptap_review,moment:829163241576858112,1,TapTap,https://www.taptap.cn/review/49723011
"优点：上手快，难度较低
缺点：爆率低，地图刷怪机制有点不合理，玩法单一，皮肤多但是平民不用想了，有点虚假宣传，土豆服务器",2026-07-23T01:52:43+08:00,taptap_review,moment:829171804240087587,3,TapTap,https://www.taptap.cn/review/49723245
挂太多了定制挂检测不出来，封禁力度太低了,2026-07-23T03:18:00+08:00,taptap_review,moment:829193266405576568,3,TapTap,https://www.taptap.cn/review/49723602
大金很容易出，但是怪太多了,2026-07-23T03:27:01+08:00,taptap_review,moment:829195534433518355,4,TapTap,https://www.taptap.cn/review/49723623
全是挂,2026-07-23T03:35:36+08:00,taptap_review,moment:829197695196333536,1,TapTap,https://www.taptap.cn/review/49723645
超自然我爱你，一天出两把大剑，可是我的圣杯和神龙什么时候出呢🙃🙃🙃，还有四队对我好一点吧基本每过四五局就来个挂😱😱😱,2026-07-23T03:58:47+08:00,taptap_review,moment:829203528693057575,4,TapTap,https://www.taptap.cn/review/49723703
我说实话赶紧加一个没下好地图不让开，你没下好你让我们开了进去罚站掉装备呢？,2026-07-23T04:26:24+08:00,taptap_review,moment:829210480168930070,2,TapTap,https://www.taptap.cn/review/49723778
"忘本小姐姐一枚呀哎哟我去了事情经过是我的朋友一个人玩就招募了一个莉莉还是原皮那个莉莉还说我没有什么皮肤她们都不带我然后我朋友怕忘本嘛就走了侧门然后他进了一个门跟昆仑门很像然后不小心摔了然后他回了个哦然后就骂他
有没有好心人骂他一下",2026-07-23T07:44:25+08:00,taptap_review,moment:829260311713285389,5,TapTap,https://www.taptap.cn/review/49724284
这游戏其实非常好，爆率挺高的，就是四对挂有点多,2026-07-23T08:20:27+08:00,taptap_review,moment:829269378150170790,5,TapTap,https://www.taptap.cn/review/49724443
玩了超自然，戒掉了玩了两年的蛋仔。虽然时常出现一些bug，但是因为有了bug，所以才让的游戏更有趣了。刚开始说好一点都不氪的，后面氪了3000多，快要拿下大翅膀了，天哪。这次出的新皮肤，感觉没钱拿下了，等下次再出新皮肤再说吧。要是角色可以染发，可以给衣服变色就好了，我的灵契太多了，又没有什么用，希望可以上新兑换时装功能，还有就是可以出一些靠肝的角色皮肤道具皮肤那种，每天做的任务太少了。因为觉得很无聊，我的农场都种了50级了，签到已经签了290多天了。没有一天是漏打卡的。取消头像冷却，因为我想看一下这个头像，在我的大厅主页上的效果，但是觉得不满意，想换的时候就不能换了，又要等24个小时，可能是频繁换头像，服务器接受不了，然后的然后就是我希望这个游戏越来越好了,2026-07-23T08:40:34+08:00,taptap_review,moment:829274441333605461,4,TapTap,https://www.taptap.cn/review/49724579
"就是一坨🐶💩，摸宝游戏，控制玩家摸东西的量，不让你摸的多，摸的多就是bug暗改爆率，加刷怪。
怪物巡逻机制不会做，更是坨大的，那就不是巡逻，全是锁人，刷出来直奔你过来。
压根不让你单玩，就没考虑过单人玩家，无敌怪，巡逻机制压爆率，💩图又大，那个逼体力条吊你妈贼快，怪一波五六个五六个一起来，全是秒杀，你一下打不死，你说跑，跑的动吗？设计这一堆必须带一堆装备，再搜点东西，跑你妈，打尼玛，又尼玛暗改爆率，单通一局16分钟不到10万，就来平个门票钱，前两天还好点出个金光，还能出个大的，现在好啊不是尼玛蛤蟆就是天书，红馆就尼玛出个逼天书，牛首，删了吧，普通馆就是开一个一个玉扳指，删了吧真的，做尼玛那一堆司马动画，强迫你干动画，怪库库干你，真尼玛是越做越傻逼。",2026-07-23T09:10:12+08:00,taptap_review,moment:829281897447164917,1,TapTap,https://www.taptap.cn/review/49724784
爆率特别高三个金色投融出来了一个端午鸡仔🐣,2026-07-23T09:31:53+08:00,taptap_review,moment:829287355473989515,5,TapTap,https://www.taptap.cn/review/49724931
这个游戏就是很好玩，很好玩。呃，我以前下载过，一不小心删了，现在下回来了。嗯，但是开场动画有点慢，这个有点不好，求官方改一下吧🙈,2026-07-23T09:42:42+08:00,taptap_review,moment:829290078776853960,5,TapTap,https://www.taptap.cn/review/49725020
好玩，很容易就可以开出大金。,2026-07-23T10:16:39+08:00,taptap_review,moment:829298622058204589,5,TapTap,https://www.taptap.cn/review/49725374
玩起来像致命公司的阉割版,2026-07-23T10:36:09+08:00,taptap_review,moment:829303528525662434,1,TapTap,https://www.taptap.cn/review/49725601
官方是福瑞控😋😋😋,2026-07-23T10:42:08+08:00,taptap_review,moment:829305036373753993,4,TapTap,https://www.taptap.cn/review/49725671
虽然没有版权，但兰妈妈太好玩了，在古蜀遗迹，都能捡到鼠鼠给的野生绿豆糕,2026-07-23T11:03:42+08:00,taptap_review,moment:829310460355415235,4,TapTap,https://www.taptap.cn/review/49725928
拉完了 这应该是我玩过挂最多的游戏,2026-07-23T11:27:26+08:00,taptap_review,moment:829316433509876065,2,TapTap,https://www.taptap.cn/review/49726227
爽歪歪,2026-07-23T11:47:13+08:00,taptap_review,moment:829321412358442429,4,TapTap,https://www.taptap.cn/review/49726507
爆率老高了,2026-07-23T12:00:36+08:00,taptap_review,moment:829324781588318549,5,TapTap,https://www.taptap.cn/review/49726692
没干什么错事，为什么要封别人的号？封了九年,2026-07-23T12:10:59+08:00,taptap_review,moment:829327395029779824,2,TapTap,https://www.taptap.cn/review/49726818
玩法有点单一,2026-07-23T12:21:11+08:00,taptap_review,moment:829329960236745559,3,TapTap,https://www.taptap.cn/review/49726954
两个棺，全是金,2026-07-23T12:31:06+08:00,taptap_review,moment:829332455289785542,5,TapTap,https://www.taptap.cn/review/49727086
打了很久了可能因为我是白号吧，反正爆率挺高的,2026-07-23T12:35:28+08:00,taptap_review,moment:829333557812922375,5,TapTap,https://www.taptap.cn/review/49727144
真的可以出大金,2026-07-23T12:41:18+08:00,taptap_review,moment:829335025940957250,5,TapTap,https://www.taptap.cn/review/49727222
容易出大金,2026-07-23T12:47:28+08:00,taptap_review,moment:829336575681758878,5,TapTap,https://www.taptap.cn/review/49727307
一开始我还挺喜欢玩这个游戏的 但是我只是两个月了没上线 游戏账号就被盗了 我也是很无语 去申诉还不行 嗯,2026-07-23T13:11:01+08:00,taptap_review,moment:829342501742577084,3,TapTap,https://www.taptap.cn/review/49727636
运气太好了，爆率太高了，一定要来玩,2026-07-23T13:14:23+08:00,taptap_review,moment:829343351835725664,5,TapTap,https://www.taptap.cn/review/49727679
爆率很高，蓝妈的爆率也很高,2026-07-23T13:34:16+08:00,taptap_review,moment:829348355078357082,5,TapTap,https://www.taptap.cn/review/49727922
"🎮可玩性：
可以跟好朋友们一起摸金还可以一起打架躲猫猫，非常好玩",2026-07-23T13:50:00+08:00,taptap_review,moment:829352314757187131,5,TapTap,https://www.taptap.cn/review/49728120
今天的爆率非常高,2026-07-23T14:12:02+08:00,taptap_review,moment:829357857748025790,5,TapTap,https://www.taptap.cn/review/49728426
全都是外挂，真的能不能整治一下现在风气了？我就是绿玩正常玩匹到一大堆外挂，我怎么打？要封就封设备呀一封就封10年呗反正他们解了又开为什么还要封那么短时间啊？都是机刷号封设备，封他们皮肤号这外挂不就少起来了吗？真的就是无语，到时候新地图上线一大堆外挂，玩都玩不下去暑假一到，外挂更多了,2026-07-23T14:17:34+08:00,taptap_review,moment:829359249799776589,1,TapTap,https://www.taptap.cn/review/49728492
真的，超自然的爆率可高了,2026-07-23T14:29:19+08:00,taptap_review,moment:829362207597791907,5,TapTap,https://www.taptap.cn/review/49728644
超自然圈钱圈的太狠了，你们可以不用玩了玩，皮肤出的又丑又贵，挂也不管爆率又低简直活不起，古城爆率都好久都不调了，打巨无霸差评打，一大堆bug也不管，金棺普棺开出来的金扫描啥也没有，出皮肤出的时间倒挺快的，剩下的啥也不给，福利也特别少剩下的都要充钱，走到哪都要充钱，就给我们这点破烂，每个皮肤都很丑，不是有马赛克就是脸膜和头发丑，我也是不行了，赶紧还钱好吗？圈了我5000多,2026-07-23T14:34:54+08:00,taptap_review,moment:829363612760932936,1,TapTap,https://www.taptap.cn/review/49728710
bug太多了,2026-07-23T14:41:06+08:00,taptap_review,moment:829365174287731375,3,TapTap,https://www.taptap.cn/review/49728789
爆率挺高。,2026-07-23T14:53:49+08:00,taptap_review,moment:829368373828649403,5,TapTap,https://www.taptap.cn/review/49728982
好但电脑玩的好卡,2026-07-23T14:56:45+08:00,taptap_review,moment:829369111380232180,5,TapTap,https://www.taptap.cn/review/49729024
挺好玩的，以前我觉得有点无聊，退游了几个月，现在我发现出出了一个新地图，挺好玩的，而且怪物也非常多，也有好多玩法,2026-07-23T16:12:14+08:00,taptap_review,moment:829388109148849493,5,TapTap,https://www.taptap.cn/review/49730039
小抄真好使,2026-07-23T16:17:29+08:00,taptap_review,moment:829389430358804067,4,TapTap,https://www.taptap.cn/review/49730108
是因为没氪金吗，虫谷极限棺棺扳指凑不够钱出不来，完事说来一图二图回回血吧还是扳指，TMD就捅了扳指窝来是吧，什么爆率啊，最起码给个能凑够钱撤离的吧，不是被怪弄死，是凑不够钱我撤不出去你敢信???！！！！,2026-07-23T16:43:08+08:00,taptap_review,moment:829395883555553506,1,TapTap,https://www.taptap.cn/review/49730476
游戏很好玩，还给我出了大金,2026-07-23T16:59:56+08:00,taptap_review,moment:829400113167208310,5,TapTap,https://www.taptap.cn/review/49730746
好玩是好玩，就是环境有点差。,2026-07-23T17:04:10+08:00,taptap_review,moment:829401175701849124,3,TapTap,https://www.taptap.cn/review/49730802
玩法还行就是这更新跟有毛病一样每次都是下午更新而且还因为不更新不能拉队友，一天要更新个百八十回是不是有毛啊，好好的房间号就这么毁了我真TM服了,2026-07-23T17:09:00+08:00,taptap_review,moment:829402392075174992,5,TapTap,https://www.taptap.cn/review/49730869
这游戏比较吃配置，可能我手机配置太低了带不动,2026-07-23T17:09:41+08:00,taptap_review,moment:829402563282469361,5,TapTap,https://www.taptap.cn/review/49730875
非常适合玩，好吧，打卡的地方超多,2026-07-23T17:16:38+08:00,taptap_review,moment:829404315041923948,5,TapTap,https://www.taptap.cn/review/49730971
整体来说特别好，就是呢爆率太低,2026-07-23T17:22:37+08:00,taptap_review,moment:829405819073202250,4,TapTap,https://www.taptap.cn/review/49731055
摸金校尉，顶跑，顶飞,2026-07-23T17:25:30+08:00,taptap_review,moment:829406543756659628,1,TapTap,https://www.taptap.cn/review/49731094
太氪了,2026-07-23T17:32:06+08:00,taptap_review,moment:829408205917389675,5,TapTap,https://www.taptap.cn/review/49731184
"本人差不多S3入坑的，游戏环境简直一坨，媚挂一大堆，正常人也没多少，皮套也挺多
能不能给挂🐶封10年？",2026-07-23T17:54:09+08:00,taptap_review,moment:829413754742506384,2,TapTap,https://www.taptap.cn/review/49731504
网很卡建议优化，四队地图优化空气墙，真心希望超自然能好起来,2026-07-23T17:56:50+08:00,taptap_review,moment:829414431824809411,2,TapTap,https://www.taptap.cn/review/49731538
我感觉吧挺好玩的就是四队多队零容忍挂太多了,2026-07-23T18:20:56+08:00,taptap_review,moment:829420497711137491,5,TapTap,https://www.taptap.cn/review/49731861
拉完了 全是挂 摸金爆率还是阴阳炒出,2026-07-23T18:49:33+08:00,taptap_review,moment:829427698328669531,1,TapTap,https://www.taptap.cn/review/49732218
嘿嘿我玩80局就出了九龙九凤冠，爆率非常可以,2026-07-23T19:05:20+08:00,taptap_review,moment:829431669738966456,5,TapTap,https://www.taptap.cn/review/49732432
其实还是挺好玩的吧要是有朋友的话在一起玩还可以在公屏上嘀嗒子但是游戏里有很多神人最好还是和朋友一起组队,2026-07-23T19:28:35+08:00,taptap_review,moment:829437521086646128,4,TapTap,https://www.taptap.cn/review/49732711
希望官方把爆率提高,2026-07-23T20:37:14+08:00,taptap_review,moment:829454797538066581,5,TapTap,https://www.taptap.cn/review/49733544
"我说之前怎么感觉这游戏好玩呢，玩了下致命公司后发现不光是玩法，ui和地图生成和怪物设计全都搬的致命公司

我说后面地图怎么一张不如一张了，怪物设计也越来越稀烂了

合着致命公司内容量太小后面得原创了

不过总的来说，不当深度玩家不混圈，这游戏游戏性不赖，可以当难度削弱版的移动端致命公司玩玩",2026-07-23T21:00:04+08:00,taptap_review,moment:829460543176707899,4,TapTap,https://www.taptap.cn/review/49733850
26年1月多份开始玩超自然发现近一年来bug都很多希望能修改,2026-07-23T21:02:43+08:00,taptap_review,moment:829461208431069312,5,TapTap,https://www.taptap.cn/review/49733875
对别人开挂是不理的，虫谷的和秦岭的怪能把人阴死的，虫谷的戏偶你不堵他他堵你蛇妖是动不动变身的惊魂逃生是没有更新过的，嫦娥是两个一起的旁边永远是有怪的游戏建意是一点不理的,2026-07-23T21:30:59+08:00,taptap_review,moment:829468321802879590,1,TapTap,https://www.taptap.cn/review/49734259
啊，出大了，非常nice嗯，对，好评不知道，官方让我搞的然后就挑了一张图片,2026-07-23T22:05:18+08:00,taptap_review,moment:829476960383010329,5,TapTap,https://www.taptap.cn/review/49734713
一定要玩蜀道入口，爆率超高，最低4万撤离，保证比别的吃到饱。！超自然，我爱你一辈子,2026-07-23T22:14:00+08:00,taptap_review,moment:829479147825791706,5,TapTap,https://www.taptap.cn/review/49734832
什么东西呀？作为一个新手，天天的爆率又低，然后还有一堆怪，一个人还玩不了，还非得组队玩，赶快差评吧，大家真的不适合玩去滚,2026-07-23T22:22:36+08:00,taptap_review,moment:829481311851777001,1,TapTap,https://www.taptap.cn/review/49734955
挂多小鬼多，年纪特别小的小孩子多，氛围可以说特别差了,2026-07-23T22:36:53+08:00,taptap_review,moment:829484909507641846,1,TapTap,https://www.taptap.cn/review/49735143
[表情_泪目]就是啊，自定义头像里面只有个空白，交卷根本没有照片那一类[表情_裂开][表情_豹哭][表情_泪目],2026-07-23T22:40:07+08:00,taptap_review,moment:829485721315181601,4,TapTap,https://www.taptap.cn/review/49735179
天天更新很烦的，还有哪些地图、皮肤等资源，过几天又要下一遍，多队不是所有人都爱玩的，一些皮肤都没有，还强制下载下来占内存，内存大部分全让皮肤和个性化沾满了，天天更新皮肤，刚开始说好的听取玩家意见的呢！！！,2026-07-23T23:07:57+08:00,taptap_review,moment:829492724779452600,2,TapTap,https://www.taptap.cn/review/49735552
顶多一星，局内遇到个叫【虫二不乖】的因为我薇薇安带皮肤眼红就造黄谣说“买得起皮肤的都是卖的”以及大量侮辱性词汇，举报没用反馈没用官方留言不处理，在你们游戏太自由了，什么垃圾都无法无天不会受到任何处罚，而且你游真是抄袭专业户了,2026-07-23T23:49:43+08:00,taptap_review,moment:829503234941911772,1,TapTap,https://www.taptap.cn/review/49736066
太好玩了强烈推荐摸金每次出大金都很开心！四队也很有趣跟敌人打架每次打赢了都很开心！[表情_斜眼笑][表情_斜眼笑],2026-07-23T23:51:49+08:00,taptap_review,moment:829503763357109255,5,TapTap,https://www.taptap.cn/review/49736097
其他的都可以四队挂太多拉完了。,2026-07-24T00:02:42+08:00,taptap_review,moment:829506502791266751,3,TapTap,https://www.taptap.cn/review/49736215
bug和空气墙太多了[表情_豹哭],2026-07-24T00:39:31+08:00,taptap_review,moment:829515770349227461,4,TapTap,https://www.taptap.cn/review/49736628
满氪，四队匹挂机制到现在我都不知道是个啥，我自己玩没挂，偶尔匹配个两把，点个陪刚开始没有挂，稍微多杀点人吃几个举报就开始进黑屋排高参，陪陪哭着跟我说能不能存单下次打他打不下去了，超自然你是真特么牛b，爆率更是一坨，号稍微黑一点大红别想出,2026-07-24T01:18:16+08:00,taptap_review,moment:829525519916599441,1,TapTap,https://www.taptap.cn/review/49736958
恶心。密码没给过，莫名其妙就能被盗过。不推荐，CP一堆贴脸。游戏里一堆xing ya yi,2026-07-24T01:46:47+08:00,taptap_review,moment:829532697436095974,1,TapTap,https://www.taptap.cn/review/49737164
能找对象,2026-07-24T01:48:00+08:00,taptap_review,moment:829533003049863281,5,TapTap,https://www.taptap.cn/review/49737171
游戏氛围很好，没有绿玩，就是有点bug，我遇到飞天转长枪老发出一些清脆的声音,2026-07-24T02:30:14+08:00,taptap_review,moment:829543633131668957,1,TapTap,https://www.taptap.cn/review/49737403
我希望这个四队环境能改一下，还有伪人的环境,2026-07-24T03:27:44+08:00,taptap_review,moment:829558103417554920,5,TapTap,https://www.taptap.cn/review/49737629
我玩一年多了 总的来说挺圈 充钱对游戏体验没有多大影响 但是皮肤迭代很快 总你喜欢的 算是社交摸金游戏 有朋友陪你玩体验会有很大提升  官方以前挺听劝[表情_可爱],2026-07-24T03:53:11+08:00,taptap_review,moment:829564505267636926,3,TapTap,https://www.taptap.cn/review/49737709
太好玩了，挂是一点不管的，钱是要圈的，十把游戏七把都有挂，没啥意思,2026-07-24T04:35:16+08:00,taptap_review,moment:829575099689468938,1,TapTap,https://www.taptap.cn/review/49737829
为啥我新左轮皮肤打地上没有特效啊？等于我白花了68块钱呗,2026-07-24T07:20:02+08:00,taptap_review,moment:829616562922065200,1,TapTap,https://www.taptap.cn/review/49738209
摸金真不错，爆率挺高，罐子抽出来一个鬼玺,2026-07-24T08:01:38+08:00,taptap_review,moment:829627030373925911,4,TapTap,https://www.taptap.cn/review/49738355
爆率很高,2026-07-24T09:05:17+08:00,taptap_review,moment:829643049024884479,5,TapTap,https://www.taptap.cn/review/49738726
就是贵有点多,2026-07-24T09:25:58+08:00,taptap_review,moment:829648256412681647,4,TapTap,https://www.taptap.cn/review/49738863
最好别玩这个游戏  不好玩就算了  还特别爱圈钱  王者都没你这样圈钱  你倒好  直接圈一波大的  别玩这游戏  刚玩  感觉很好玩  玩久了 感觉不好玩了  而且  开挂的特别特别的多  超自然行动组又不管  真的是无语了,2026-07-24T09:56:06+08:00,taptap_review,moment:829655839424907018,1,TapTap,https://www.taptap.cn/review/49739100
爆率太高了,2026-07-24T10:15:06+08:00,taptap_review,moment:829660621229261359,5,TapTap,https://www.taptap.cn/review/49739306
出金率不高 已退游号送人,2026-07-24T10:21:11+08:00,taptap_review,moment:829662149881104399,2,TapTap,https://www.taptap.cn/review/49739385
老是闪退烦死了,2026-07-24T10:32:50+08:00,taptap_review,moment:829665080697162612,2,TapTap,https://www.taptap.cn/review/49739557
爆率很高！,2026-07-24T10:36:47+08:00,taptap_review,moment:829666075313440448,5,TapTap,https://www.taptap.cn/review/49739617
玩兰和蜀道入口爆率特别高。,2026-07-24T11:01:35+08:00,taptap_review,moment:829672318904042648,5,TapTap,https://www.taptap.cn/review/49739918
车皮一发中，但是咖啡黄牛皮保底，概率这种东西能不能往上添个0.2啊？,2026-07-24T11:15:12+08:00,taptap_review,moment:829675742529847568,5,TapTap,https://www.taptap.cn/review/49740077
"哈喽大家好
以下是我的建议，如果有不满可以提出来哈
🎮可玩性：
如果你是萌新而且有朋友的情况下，你可以玩，并且不要在这个游戏充任何钱，而且的话还比较O ，四队也不会遇到挂，那么这个游戏能给你带来乐趣，会像早期的我一样开出大金会尖叫。
但要么你不是我以上这种情况的话，当然就不要入手了，地图是固定的，你每个图都能找到，玩久了就没什么感觉了，玩来玩去，都感觉特别腻，而且玩家特别低龄。所以你熟练之后，我建议你还是自己开单人吧，那个队友都拉完了，毕竟只有萌新才会开队友，对于摸金的话，就是感觉模式太单一，然后出金就是得看你自己的号好不好，建议你想玩就收一个，这仅仅只是摸金模式
四队模式更是拉中之拉，首先我是有遇到桂的，而且特别多，十局里面最少都有六局左右，而且我还是纯绿玩的情况下 ，刚出门，直接被颗秒，范围锁头伤害还有显示你这个人的位置，实体传送等等，全部都有，你排到加特林，好歹你还可以跑，你排到那种显示个人位置的，你跑都跑不了 ，然后你也别想着自己转红，你但凡自己转红，你遇到的以后全部都是红，而且无法反制。那个龙宫也是拉完了，一样的全部都是桂 ，还有最近新出的那个我没玩，但是我想必也没有多好。超自然开的真的特别多，你除非好比较o，不然你每把都能遇到，就拿我原来的那个号说，巅峰时期十把排到十把桂，脾气不好的人真的会被气哭
而且角色实力非常不平等，你像那个爱丽丝，我也不知道那个被动是啥，医生，你不给我加生命力，你给我说点道具用的耐久，而且你复活就复活，你就非要抖，我是真的不知道现在是对谁会拿出爱丽丝，可能就真爱王玩家玩吧，新出的那个角色要多超标有多超标，我甚至都没看到你在哪直接颗秒，反正就老角色，吃了版本黑利呗。除了PV 我觉得还行
然后再说说皮肤，真的特别o钱，一个幻梦做到1千多块钱，还有那个耀世500多块，而且现在这种皮肤一大堆，我就问你除了开关特效，你还能给什么实质性的吗？我就搞不懂，凭啥卖这么贵？小破游戏卖这么贵，而且贬值特别快，反正你只要在这个游戏充了钱，你就会后悔，我属于那种微氪，反正我现在是想全部退。奈何我充了130能有个30都不错，所以千万不要充，我也不知道到底谁运气再好，可以一发入魂
然后说说bug ，这个真的是给我吓哭了，我就搞不懂一个游戏，我玩王者好歹都不会有断触，或者是其他地方给我划走，超自然这个真的就是一直这样，我知道我手机不太可以，但是你以为游戏里的bug就不多了吗？那个新地图导航，到底在导个啥？每次都是导航到角落，真的给我吓哭了，一开始立听劝人设，现在鸟都不鸟
还有游戏里面的一些傻福，那里忘本，这种我是真的被吓死了 ，你还有良心吗？而且你会发现里面全是AI ，抄袭东西特别多，玩法特别多，后面有钱了才自己搞，前面一直搁那里抄，说出去我玩超自然，真的会被笑死，而且没有任何可以护的，一开始都已经做到了抄袭 ，后面被别人一直质疑，这不是活该吗？还有人在这里护。还有那个灵宝，真的就是扫福瑞，一出现就卡死，而且每次都要更新还要从头更新，真的就是浪费我的阳寿，其他游戏没有任何是这样子的，你下载就下载还要从头下载，那我前面浪费的阳寿算什么？
以上就是这个游戏的全部，搜打撤，方向是好的，但是起号不太好，建议官方还是多优化一下内部遗漏的吧，人物建模多优化一下，不然我真的不知道这个游戏有什么好玩的，固定地图，固定玩法，把把是桂，脾气不好的，可能都已经走了
🌃画面音乐：
建模除了小黄有更多表情，其他的感觉就是一个代码，能不能让其他角色活起来？，然后那个皮肤，把妆容优化一下会死啊，技术越来越好，但是麻烦你管管游戏，别老出皮肤，而且出一些人能看的那个剑仙16天900块，我就问你凭啥这么贵？逍遥玩家都哭了吧，这个游戏除了PV不会差，其他的真的就是拉完了，本来这个游戏只能一颗星的，还有一颗心是敬我和我朋友的友情",2026-07-24T11:22:48+08:00,taptap_review,moment:829677658701824054,2,TapTap,https://www.taptap.cn/review/49740169
"我退游了。队友一群神人。要么乐乐一样冲上去就是死，还有忘本丽丽，四队什么也不干就往你身上挂的莉莉，别人一出好东西和穷鬼一样就冲上去抢了，真的。太糟糕了。大多都是小孩子。更别提实名认证，熊大都能玩了？。
挂有被制裁，但是还是多。古城爆率屎。虫谷爆率也是一坨。能不能加强。我不知道为什么老是最后一刻出好东西，你这个机制有毛病吗。
我说白了这游戏没朋友就是一坨。技术有没有都很无聊。
可以下着玩。别充钱。号价贬值严重。
官方就是圈钱🌚",2026-07-24T12:07:59+08:00,taptap_review,moment:829689026372963125,3,TapTap,https://www.taptap.cn/review/49740756
我觉得挺好玩的，只不过要和别人一起玩更好玩吧，游戏中还是有很好的人的，之前一个薇薇安开出了天下第一剑，直接送给我了，而且还上新了很多的玩法，角色皮肤也很好看的,2026-07-24T12:32:04+08:00,taptap_review,moment:829695087658139694,4,TapTap,https://www.taptap.cn/review/49741018
就是到晚上特别开经常发电报那个爬山莫名其妙给我们划下来，还卡在那个缝里面，而且时间有点不够哈，不是有点不够吧，就是加上我们自身本来就特别卡吗？然后呢，那里有那个时间他就就卡一下我就跳过好多时间,2026-07-24T12:49:51+08:00,taptap_review,moment:829699563097952227,4,TapTap,https://www.taptap.cn/review/49741231
"🎮可玩性：这是一款摸金游戏  四队和敌人打架打赢了就有四个金冠   还可以吃野管




✍🏻建议：100000",2026-07-24T13:24:24+08:00,taptap_review,moment:829708256677988021,5,TapTap,https://www.taptap.cn/review/49741642
超自然，一点都不好玩，因为摸金我朋友和我我比他早玩，我玩了4000多局了吧，一个300万都没出过，大剑也只出过两把，而我的朋友大剑已经出了十几把，还出了一个九龙九凤冠，而她的运气还是很好，而我呢，他的坏运气好像都给我了很多局，都没撤出去，我真服了，所以只给1星评价，摸金好像就只给那些运气好的人玩，运气不好的人一点都不能玩,2026-07-24T13:29:51+08:00,taptap_review,moment:829709631453400757,1,TapTap,https://www.taptap.cn/review/49741705
超自然我并不知道你是怎么了，为什么我的5g网加最新版本都玩不了，不是没有场景就是没有网，我刷视频玩其他游戏都没问题，就你不行，还有加载资源也是加载到百分之几就不动了，甚至玩一半给我退出去说我没网，我请问呢？还有局内躲怪物的时候明明就躲过去了然后说我网不好直接给我闪现到怪物脸上，从6月开始每次登录都都要卡半天，开局也是把我金币扣了但就是进不去就一直卡着然后说我没网络，扣金币到是秒扣没这个问题，还有最近几局我的爆率也是玩虫谷连个蛙盒都没有，队友全是大金我开棺必灰金棺红棺我是遇不到的，连巨棺也是灰不是灰金也不是我的，我在游戏刚出来那段时间玩的，虽然只充了一个皮肤但也是老玩家了，我怀疑过是不是我的网络设备问题但其他游戏比如小王就能顺畅玩就你不行?wifi流量都不行，至于设备问题我的设备也才买一年多，不至于连个游戏都玩不了总不能是你这个游戏要配新设备才能玩吧，要不是我不知道其他摸金游戏我真的就不玩了，最近体验感是真的巨巨巨巨巨差先是登录界面卡半天进去了准备玩资源又下不了，好不容易下好一个图准备玩又近不去直接给我卡出来，就算就巨了也找不到金还有巨多怪来追我，比如新娘加兵俑，站高点兵俑打，蹲下新娘打，还有走随传给我传到弓弩窝面前一进去两秒不到把我摸金符打完也是把我6到了，既然游戏这么6那我也给个6星好评🙂,2026-07-24T14:16:43+08:00,taptap_review,moment:829721423273529039,1,TapTap,https://www.taptap.cn/review/49742304
挂真多，打几把四队直接红温，开局10秒车都没出直接被秒了,2026-07-24T14:26:37+08:00,taptap_review,moment:829723917680640777,1,TapTap,https://www.taptap.cn/review/49742443
为什么进去的时候要排队，我都排了800年了，都没进去，想秒进的话，又要当vip，不是圈钱圈的太狠了吧，不是，我从12点开始玩，都1:10几才进去[表情_吐][表情_恶魔][表情_吐][表情_生气][表情_生气],2026-07-24T14:28:18+08:00,taptap_review,moment:829724340638450817,2,TapTap,https://www.taptap.cn/review/49742457
我爆率有点低，从上个赛季1500多把都没出圣杯，这个赛出了一个，有时用薇薇安玩古城棺都开了也都变了，凑不够撤离金，只能捡小紫，但我一般只带一个额外背包，装不下,2026-07-24T14:41:25+08:00,taptap_review,moment:829727638389001966,4,TapTap,https://www.taptap.cn/review/49742643
玩法越来越莫名其妙了 氪金皮肤也贵。最重要的是安全性👎 号被盗了别想找回来了,2026-07-24T15:40:56+08:00,taptap_review,moment:829742618781942632,1,TapTap,https://www.taptap.cn/review/49743402
"这个情绪价值直接给到拉满呀，给我出了5个圣杯，也是很牛逼克拉斯


🌃画面音乐：
很牛逼，也没有那种很恐怖，就是在晚上玩的时候会被气温",2026-07-24T15:56:36+08:00,taptap_review,moment:829746560970523680,5,TapTap,https://www.taptap.cn/review/49743602
好玩刺激！但是请不要给我大保底，谢谢。,2026-07-24T16:07:57+08:00,taptap_review,moment:829749416398163525,5,TapTap,https://www.taptap.cn/review/49743745
出月光宝盒了，我要玩你一辈子超自然,2026-07-24T17:19:56+08:00,taptap_review,moment:829767533157417887,5,TapTap,https://www.taptap.cn/review/49744645
蜀道入口用兰也能出大金，但是，去年快过年的时候我好不容易摸到一次圣杯，结果想摆到梦君里面发现圣杯消失了，去找客服不回我，每天去看消息都不回我，隔了一个多月人回我说是背包满了自动卖掉了，但是铲铲币并没有增加，那一段时间摸出来的七八个大金都没有了运营客服也不管,2026-07-24T17:43:07+08:00,taptap_review,moment:829773367425893026,5,TapTap,https://www.taptap.cn/review/49744969
没什么好说的，我觉得挺好的，不然我也不会充那么多钱，但是我朋友都退游了，我也准备退游了，号不准备挂在平台上卖，如果有人看见我的评论，想要买号的话可以联系一下我,2026-07-24T17:47:52+08:00,taptap_review,moment:829774563603648358,5,TapTap,https://www.taptap.cn/review/49745042
O钱比较多，皮肤很贵，建议和朋友一起玩，没有朋友和你一起玩的话，真的很无聊，图玩腻了就不会再想玩了,2026-07-24T18:35:19+08:00,taptap_review,moment:829786504606778996,3,TapTap,https://www.taptap.cn/review/49745621
一般挂死多还有乐子和傻子,2026-07-24T18:41:38+08:00,taptap_review,moment:829788093191030619,3,TapTap,https://www.taptap.cn/review/49745704
爆率超级高,2026-07-24T19:39:51+08:00,taptap_review,moment:829802743458695895,5,TapTap,https://www.taptap.cn/review/49746411
服务器一坨。bug不断出出出。皮肤不断出出出。累充不断出出出。联动不断出出出。绘梦厅马上18周岁了。呀。傻福游戏。对外挂零个零容忍。不知道制裁在哪里。傻哔游戏。卡得牛逼。客服gf都敷衍得牛逼。,2026-07-24T19:45:02+08:00,taptap_review,moment:829804047849488869,1,TapTap,https://www.taptap.cn/review/49746465
非常容易爆金的。,2026-07-24T19:48:52+08:00,taptap_review,moment:829805012824623670,5,TapTap,https://www.taptap.cn/review/49746515
我真无语了，打开这个游戏，网卡的一批，导致手机也卡。打个怪，因为网卡导致被怪打死。打王者都是随便打的网，就这个网卡的很。,2026-07-24T20:13:17+08:00,taptap_review,moment:829811158184624980,1,TapTap,https://www.taptap.cn/review/49746832
这款游戏很好玩，有很多的游戏模式，我比较喜欢摸金，里面的人都很友善，北京画面也是特别的惊悚恐怖，比较微博😁,2026-07-24T20:15:14+08:00,taptap_review,moment:829811647936727677,5,TapTap,https://www.taptap.cn/review/49746860
特别友好次次出大金,2026-07-24T20:42:53+08:00,taptap_review,moment:829818607713124553,5,TapTap,https://www.taptap.cn/review/49747319
自从昨晚更新以后。打游戏一把闪退至少三次。在农场卖菜也闪退。钓鱼也闪退。种菜也闪退czr你到底更新了什么。能不能好好z系统啊,2026-07-24T21:14:34+08:00,taptap_review,moment:829826578228707532,1,TapTap,https://www.taptap.cn/review/49747742
实在适应不了这个画风，看着好廉价,2026-07-24T21:22:14+08:00,taptap_review,moment:829828507092647973,3,TapTap,https://www.taptap.cn/review/49747862
月入过万都舍不得买皮肤 好的太贵了 便宜的又看不上,2026-07-24T21:26:10+08:00,taptap_review,moment:829829498504480070,5,TapTap,https://www.taptap.cn/review/49747922
超自然真的不知道他抄那么多模式做什么，那你骗子酒馆几个人玩还一天天有事没事就更新有时候我都不知道更新的啥。还有那皮肤也是死贵死贵的钱充进去就相当于把钱撕了,2026-07-24T22:05:02+08:00,taptap_review,moment:829839280854534446,1,TapTap,https://www.taptap.cn/review/49748482
一个被孩子吊着的老母亲，四队全是挂，摸金全是灰和怪，但耐不住我还有孩子要养,2026-07-24T22:07:10+08:00,taptap_review,moment:829839817008219489,5,TapTap,https://www.taptap.cn/review/49748508
不错，可以和好友一起摸金、一起打四队,2026-07-24T23:08:49+08:00,taptap_review,moment:829855330987936094,5,TapTap,https://www.taptap.cn/review/49749370
我只能说一坨，PVP模式一堆挂，官方也不作为，举报了一堆，结果只有一个审核成功了，审核成功的还是我朋友，当时无聊顺手举报了我朋友一下，我朋友纯绿玩我也是无语了，然后是一定不要氪金可能会氪上瘾，超自然号价很低，摸金的话还行就是别开队友，开了就会发现全是神人,2026-07-24T23:36:04+08:00,taptap_review,moment:829862189744522155,1,TapTap,https://www.taptap.cn/review/49749724
叠甲本人S3魔盒入坑氪条3900，这个超自然简直就是一坨，皮肤算不上便宜还很丑，这个新出的阿念国宝特工联动直接给我看死了，风气也是拉完了，厨子二创视频下一堆骂橡皮泥游戏的，cp向贴脸不在少数，然后我的妈妈娘啊这个超自然爆率直接给我看哭了，四队一堆挂和神经病每天都会给我带来惊喜，鬼屋还有一堆性压抑调情给角色当皮套处对象实际上谈了一天就分了呀，觉得自己有受虐倾向的可以来玩超自然了呀宝贝们,2026-07-24T23:38:30+08:00,taptap_review,moment:829862800288386919,1,TapTap,https://www.taptap.cn/review/49749752
傻逼游戏，进去之前带了个传送按钮和四个摸金符，结果一进去传送按钮没了摸金符也丢了一个,2026-07-24T23:39:15+08:00,taptap_review,moment:829862991552843570,1,TapTap,https://www.taptap.cn/review/49749760
外挂多死人,2026-07-25T01:40:14+08:00,taptap_review,moment:829893435396722126,3,TapTap,https://www.taptap.cn/review/49750996
其实萌新玩还好玩久了就差点意思,2026-07-25T01:43:52+08:00,taptap_review,moment:829894349419446298,3,TapTap,https://www.taptap.cn/review/49751018
呵呵。练了两个星期长枪。结果一打四队全是电机枪和阿念乌龟流。恶心的要死 不削能玩？。武器平衡到石狮子头上了？,2026-07-25T03:26:52+08:00,taptap_review,moment:829920271040250138,1,TapTap,https://www.taptap.cn/review/49751542
"不不不不不这个艾斯贼摸金爆率低的要死我无疑是愤怒的有时候不是因为技术问题撤不出去然后去打多队外挂依旧很多举报没用技术不好就辛辛苦苦抓怪想当召唤师爽一下结果刚出车死了皮肤出特别快吃相难看这次果宝特攻二弹丑出新高度一弹没下就出了这是有多缺钱
巨人网络我要喂你吃板栗😡😡😡",2026-07-25T03:27:54+08:00,taptap_review,moment:829920532840317905,2,TapTap,https://www.taptap.cn/review/49751546
拉了一地全是挂玩个蛋一点游戏体验没有以前还好有个红绿分流现在管你绿丸红丸都有挂做游戏给我做好了呀。,2026-07-25T04:56:10+08:00,taptap_review,moment:829942745400346119,1,TapTap,https://www.taptap.cn/review/49751755
好玩是好玩，但是皮肤出的太多了,2026-07-25T05:25:05+08:00,taptap_review,moment:829950023952239261,5,TapTap,https://www.taptap.cn/review/49751807
老是卡退,2026-07-25T06:18:36+08:00,taptap_review,moment:829963489710703422,1,TapTap,https://www.taptap.cn/review/49751914
"本人是si赛季入坑的，游戏也冲了800多，这个游戏怎么说呢，如果你是放松玩玩还是可以的，但是深入游玩或者混圈就不必了

这游戏几乎没有什么有点，所有模式几乎都是抄袭，如果是执意入坑那我就说说我的建议，还有这游戏的缺点

首先玩法这块，有鬼屋（你可以理解蛋仔的，乐园,)惊魂逃生（第五人格，一模一样的玩法）超级躲猫猫（就是新出的那个涂鸦躲猫猫？不清楚因该叫这个？）还有像骗子酒馆等。小游戏自创内容非常少，住有一个爬山模式（没怎么玩，但是bug非常多）绝大部分都是抄袭缝合，

再说说主玩法摸金，超自然目前摸金地图一共有6张地图，分别为，蜀道入口，古蜀遗迹，精绝古城，昆仑秘境，云南虫谷和秦岭龙宫，每张地图都有很多不同的地形不用担心玩到重复的，其中从古城后面所有地图都要入场费，至于爆率纯看自己的号，自己的号黑可能很非。

再说一下超自然的四队模式和双对模式，双对就不说了，自行体验属于超自然生态比较好的了，主要说四队，四队是主要以打架为主，很费钱，赚的少，里面有很多玩法，但是超自然新出的角色和道具比老角色的和具强度差距很大，多大呢，我就说一个说老不老的角色小满，作为一个战斗角色，没有一个攻击技能的同时，他的技能就是三角洲的疾风，但是固定当时的血量，因为技能真空期80秒，剩下就一个不到两秒的百分之30的伤害延迟几乎没用。而且四队一堆挂真的，实体传送，友伤，杀戮光环，加特林，范围，锁头，举报没有反而自己纯绿杀得多也会被封。

关于充钱，千万别给超自然充！千万别给超自然充钱！千万别给超自然充钱!!!超自然的紫皮固定68有些联动的甚至需要128这些紫皮，没任何技能特效，除了开馆有特效，其他一个特效没有，我王者一个6原皮好歹也改个颜色呢，道具皮最低一块保底128，耀世皮，最少3块，保底要500多感觉就像王者史诗，幻梦皮和星耀皮，新耀价格不固定但是便宜也都需要3块，保底最偏的星耀好像要999.皮肤死鬼而且贬值很快因为有些人就是上面那种3块出皮的所以皮肤贬值很严重，像我这个800的号，现在问朋友只能卖一百。

最后说说游玩体验，首先低端，或者手机不好的别玩，因为你只能打蜀道入口和古蜀遗迹，古城单人打还好，一开队友，放心不卡退到你崩溃，你找我，其他地图也是，而且卡退重联后，你的地图的迷雾区域会恢复相当于要重探，然后超自然bug死多我就不多说了，玩家生态很不好，有媚挂的，忘本的（带她摸金，然后自己全上交）开队友不摸金抓怪的，跟你后面抢关的，开小抄开队友的。

最后说一下新手入坑推荐，首先如果想自食其力的第一个角色买薇薇安，然后下载个迅雷找里面的小抄，看小抄玩薇薇安摸金，还有像靠队友的，就买丽丽，在大厅说求萌新求靠山或许会有人理你，丽丽出装我推荐一套（两个背包，一个要不，一柄扇子，4个摸金符。一个传送按钮，一个除颤仪）

入坑记得三思还有，千万别给超自然充钱！千万别给超自然充钱！千万别给超自然充钱！！！给超自然充钱不如喂给流浪狗",2026-07-25T08:28:51+08:00,taptap_review,moment:829996270436224463,3,TapTap,https://www.taptap.cn/review/49752375
超自然的画质很好，但偶尔也会有一些卡顿，手机性能不好的不推荐,2026-07-25T09:23:53+08:00,taptap_review,moment:830010119352748133,5,TapTap,https://www.taptap.cn/review/49752734
依旧查挂是不可能查的，就算是恶意举报也是直接一个多队封禁也不去看开没开挂，出一堆轮椅武器何意味，电击枪很牛福啊，现在一些室内蹲起也解不了电了，依旧加强，玩家说了也不听，依旧圈钱。鬼屋皮套和性压抑都不想说了，还要那个雷霆土豆服务器，一打四队卡的要死，动不动卡退，出一堆轮椅角色恶心死了。就打一个星另一个是给我婆娘打的。,2026-07-25T10:31:57+08:00,taptap_review,moment:830027247426472752,2,TapTap,https://www.taptap.cn/review/49753364
大金很容易出啊，用兰,2026-07-25T11:56:27+08:00,taptap_review,moment:830048512329648571,5,TapTap,https://www.taptap.cn/review/49754338
暴率高,2026-07-25T12:41:13+08:00,taptap_review,moment:830059780402840370,5,TapTap,https://www.taptap.cn/review/49754851
看没有，皮肤没有,2026-07-25T13:25:28+08:00,taptap_review,moment:830070914740654051,1,TapTap,https://www.taptap.cn/review/49755388
画质很好，非常流畅。而且出大金的爆率很高，值得推荐。,2026-07-25T13:41:52+08:00,taptap_review,moment:830075040992070005,5,TapTap,https://www.taptap.cn/review/49755586
四队就是挂有点多,2026-07-25T13:58:16+08:00,taptap_review,moment:830079169164480433,5,TapTap,https://www.taptap.cn/review/49755776
Bug太多玩法也很少，四队挂满天飞也不管 福利太少了，心动小镇都比你强至少还送展票 你就送两款免费的皮套皮肤，而且两个角色还是大家平时不怎么用的 而且真没有以前玩的那种乐趣了，麦片的也不管,2026-07-25T14:23:46+08:00,taptap_review,moment:830085585057088651,3,TapTap,https://www.taptap.cn/review/49756124
"有很多大金很好玩
′",2026-07-25T14:34:18+08:00,taptap_review,moment:830088236113070564,5,TapTap,https://www.taptap.cn/review/49756278
爆率高,2026-07-25T15:05:10+08:00,taptap_review,moment:830096004354148888,5,TapTap,https://www.taptap.cn/review/49756684
爆率很高，出金概率也很高,2026-07-25T15:36:20+08:00,taptap_review,moment:830103850412148594,5,TapTap,https://www.taptap.cn/review/49757091
乐子游戏 全是挂 玩飞天经常断触 攻击键点不了 跳跃键点不了 本人s3魔盒入坑 累充7000,2026-07-25T16:28:26+08:00,taptap_review,moment:830116958060938831,1,TapTap,https://www.taptap.cn/review/49757785
爆率低，队友不像人类,2026-07-25T16:57:09+08:00,taptap_review,moment:830124185484266333,3,TapTap,https://www.taptap.cn/review/49758160
开出大金是真的很好。我这里第3把大剑了，还有一个是150的鉴定出来的真的很好，要是再给我出个圣杯或者神龙，我必定会给你开心的要命。超自然，你还是太牛逼了，太权威了好吧，只不过那时候玩龙宫快破产的时候，那个大熊，我那时候刚开出来一个龙爪花，拿起来又卡了，怎么回事啊？桃子啊，还有我拿起来卡的时候我根本就动不了，一直动一直动动不了，后面就被那个大熊封了，就帮我改一下那个大熊吧,2026-07-25T16:57:59+08:00,taptap_review,moment:830124395765698323,4,TapTap,https://www.taptap.cn/review/49758167
"23点出鬼玺直接力竭了



第二局进门掏罐子掏出个鬼玺",2026-07-25T17:12:24+08:00,taptap_review,moment:830128026162300224,5,TapTap,https://www.taptap.cn/review/49758362
感觉能出大剑，可惜被鬼新娘锁了赶紧跑了[表情_豹哭],2026-07-25T17:19:03+08:00,taptap_review,moment:830129696124437720,5,TapTap,https://www.taptap.cn/review/49758441
哈哈哈哈哈哈四队让赢好不好我想吃贡菜哈哈哈哈出的魔盒好看点好不好你看现在的魔盒猎奇不,2026-07-25T17:48:08+08:00,taptap_review,moment:830137015092645695,4,TapTap,https://www.taptap.cn/review/49758823
"这个啥子超自然，再不修你的服务器，你的游戏迟早一年之后就要没了
不知道是哪一次更新后那个网速从15延迟到50多延迟了我都没换网,然后呢？就是这个啥子超自然，应该是只顾着去圈钱了吧？一直圈圈圈圈人道厌倦 ,那你圈钱的皮肤也给我做好吧，你看看你做的啥雷霆啊？

🎮可玩性：
还是很不错的,但似乎仅限这一点不错,但有可玩性，也就是因为想要摸大金,大红

🌃画面音乐：
算了，我知道你比不上，你也别去比，我害怕你去比然后抄了一堆别人的新地图

🔖运营服务：
一坨狗屎来的,怎么运营？我先不说，我先说一下，你先上架，差不多半年还是一年多的时候就上一个3000皮,你应该想去那个圈钱跑路了吧？还是说饿疯了，你这个游戏又不做那么好,皮肤的档位倒挺高,然后免费皮肤大概就是送了三个,但是，这三个皮肤里除了小满的皮肤，其他这两个就是屎，有点像是那个刚学了一小时建模的那个新人在做

✍🏻建议：
你其实应该在去年7月的时候调高爆率做好服务器,对角色故事立绘之类的用心,而不是一味的去圈你那个钱",2026-07-25T17:50:19+08:00,taptap_review,moment:830137564470969452,1,TapTap,https://www.taptap.cn/review/49758858
超自然，我不太推荐玩。当然，如果你想玩的话，你也可以玩的。就是不太建议充钱啊，充钱的话，总感觉他会变得有些挂太多，呃，我这边是4赛季那边的现在也充了。差不多有1300多了，小号那边也充了700多，本来一开始我觉得挺好玩，但是后面挂变得越来越多，这个游戏也越来越爱圈钱，我也不知道该怎么说了，如果可以，我在这里想像超自然提出的建议就是把那个地图调小一些。整成那种可以移动，不覆盖跳跃键攻击键那边，你搞成一半屏幕的，可能是想有怪，还有有人这样可以快速反应过来，但是是那种比较卡的，并且是其他的，根本反应不过来，就是卡那种卡得根本动不了，也关不了地图，并且把那个画面调好一些，让一些低设备玩家可以玩，我，嗯，有些时候拿的是低设备玩。卡的连动都动不了，不是网络的问题，纯属超自然的问题，这是我检查了半天才发现的,2026-07-25T18:54:33+08:00,taptap_review,moment:830153729419251671,3,TapTap,https://www.taptap.cn/review/49759621
超自然出的每一个皮肤，我喜欢的我基本都是全部拿下，我最受不了的就是你这个卖CP就卖吧，你这个引导是不是太暗示了？我S3入坑S4魔盒到现在没断过，充了4000多块5000了，逍遥的联动皮一个卖到接近200😂剑仙皮肤接近1000，我也买了，就你那质量，我以为是微信小游戏呢，游戏里一堆挂也是不管的OK也圈钱圈起来😂就继续直封多队吧，一个紫皮卖到60，去抢吧😂,2026-07-25T19:27:39+08:00,taptap_review,moment:830162059986470096,1,TapTap,https://www.taptap.cn/review/49760020
出金概率特高，特别特别特别好玩，特别好玩，特别好玩，特别特别特别好玩，特别好玩！！！！！超自然，牛逼！,2026-07-25T19:44:28+08:00,taptap_review,moment:830166292894846294,5,TapTap,https://www.taptap.cn/review/49760248
报金效率高😋😋,2026-07-25T20:04:30+08:00,taptap_review,moment:830171333273846853,5,TapTap,https://www.taptap.cn/review/49760475
全是挂超自然，你管一下会死是吗？真服了，还有就是我账号凭什么无缘无故被封，为什么会被盗说话呀？这你都不管，凭什么？还零容忍，我真服了，遁地都遁我脸上了，到底在玩什么？没有一点可玩性，打四队一点游戏体验感都没有，还有那些开挂的有多猖狂，你不知道吗？还说什么受着呗，不是兄弟开挂有理了，还受着超仔，你管一下不行吗？你管一下，你管一下，你管一下会死是吗？,2026-07-25T20:20:37+08:00,taptap_review,moment:830175391254578253,1,TapTap,https://www.taptap.cn/review/49760671
加强桃木剑,2026-07-25T20:23:19+08:00,taptap_review,moment:830176068961828989,3,TapTap,https://www.taptap.cn/review/49760696
只能说一般，这款游戏你如果喜欢的话我没什么可说的，但是现在有的小学生什么的太多。尤其是忘本莉莉也不少，而且最近出新皮肤的进度太快。时不时几个新皮肤，需要氪金的太多，如果你不缺钱而且喜欢的话可以入手。我也没又说你没钱不能玩的意思，有时候你没皮肤会可能觉得手感有些差，但是充值有有点破费。我的话只能说一半一半吧,2026-07-25T20:27:47+08:00,taptap_review,moment:830177195593829444,3,TapTap,https://www.taptap.cn/review/49760746
太卡了,2026-07-25T20:33:18+08:00,taptap_review,moment:830178583627434137,4,TapTap,https://www.taptap.cn/review/49760803
"Bug挺多的

✍🏻建议：
把怪物画质变好一点儿！！！！！！！大家不要对我产生误会只是建议",2026-07-25T20:48:10+08:00,taptap_review,moment:830182325068237682,1,TapTap,https://www.taptap.cn/review/49760993
玩了半年也没开出来红色回收物[表情_冷漠],2026-07-25T21:20:22+08:00,taptap_review,moment:830190428782333427,2,TapTap,https://www.taptap.cn/review/49761411
里面玩那些摸金的爆率还是可以的，但是就是说四队的话还是管一下那些有挂的吧，不然的话根本就没有玩的意义好吧,2026-07-25T21:41:20+08:00,taptap_review,moment:830195705275485001,5,TapTap,https://www.taptap.cn/review/49761709
鸭子很萌啊,2026-07-25T21:43:59+08:00,taptap_review,moment:830196369531602404,5,TapTap,https://www.taptap.cn/review/49761750
坑钱有点多,2026-07-25T22:06:55+08:00,taptap_review,moment:830202143595037764,3,TapTap,https://www.taptap.cn/review/49762041
打了10来局？？怎么升级助理一直打蜀道吐了，还有你游真墨迹,2026-07-25T22:25:44+08:00,taptap_review,moment:830206876510587891,2,TapTap,https://www.taptap.cn/review/49762303
爆率非常的牛逼啊,2026-07-25T22:40:53+08:00,taptap_review,moment:830210689200033074,4,TapTap,https://www.taptap.cn/review/49762487
